tree
version=v4
num_class=1
num_tree_per_iteration=1
label_index=0
max_feature_idx=25
objective=binary sigmoid:1
feature_names=user_age user_gender like_to_click_ratio bookmark_to_click_ratio watch_time_last_7d total_spent_amount days_since_last_purchase series_content_type series_rating days_since_last_update series_wt_7d series_wt_24h series_like_ratio series_like_ratio_7d series_book_ratio series_book_ratio_7d series_share_ratio series_share_ratio_7d series_comment_ratio series_comment_ratio_7d log_series_clicks log_series_clicks_7d match_genre_wt_score match_tag_click_7d_score is_language_match is_age_appropriate
feature_infos=[12:45] -1:1:0:2 [0.051685467683540556:0.29656318561287642] [0.024558954649171398:0.19993958697626465] [64.68000108639076:1194.618174096207] [0:499000] [-1:58] -1:1:0 [3:5] [0:180] [2721.62313458478:940258.56158178963] [507.41631371121667:135513.60836835566] [0.05062240663900415:0.24941512867169222] [0.047626043662584827:0.25155128572531316] [0.020221509471785106:0.1487693710118505] [0.020041847371799801:0.1571319235090663] [0.0010089120564990752:0.028904523634146962] [0.0009854635014754701:0.030757239386989148] [0.0055542600326471776:0.049822313663144116] [0.0054973751919571746:0.051052147492269238] [2.4871383754771865:4.6986919668861233] [1.4913616938342726:3.6987093494425869] [0.01:0.81000000000000005] [0.01:0.82000000000000006] [0:1] [0:1]
tree_sizes=3339 3464 3444 3456 3445 3477 3499 3451 3481 3459 3436 3468 3467 3464 3447 3472 3473 3491 3470 3451 3456 3461 3441 3475 3434 3464 3449 3433 3462 3459 3453 3464 3434 3477 3485 3445 3464 3458 3427 3445 3451 3434 3453 3462 3433 3443 3443 3419 3430 3447 3445 3433 3449 3470 3466 3436 3436 3452 3431 3424 3451 3457 3455 3434 3450 3438 3436 3404 3475 3446 3464 3413 3410 3430 3416 3412 3449 3430 3419 3438 3419 3432 3453 3412 3431 3423 3417 3403 3421 3444 3410 3454 3432 3435 3421 3428 3402 3421 3413 3445 3403 3382 3446 3445 3440 3422 3429 3412 3409 3418 3414 3402 3439 3413 3413 3427 3431 3416 3423 3441

Tree=0
num_leaves=31
num_cat=0
split_feature=22 25 18 25 17 17 8 8 23 23 8 23 20 17 16 8 12 8 23 3 10 8 0 0 18 12 6 3 10 24
split_gain=610.914 240.964 154.008 124.693 65.4905 54.4418 37.0515 36.9346 25.6555 25.4281 21.1176 18.7291 18.0248 14.6447 13.7943 13.4559 13.3154 13.0812 10.3559 10.3021 9.70834 9.70197 12.0436 9.5454 11.214 10.7752 9.51613 9.41798 11.1397 9.32193
threshold=0.41000000000000009 1.0000000180025095e-35 0.029783793087937414 1.0000000180025095e-35 0.015263534609148711 0.016605030278032919 4.4500000000000011 4.3500000000000005 0.80500000000000016 0.41500000000000009 4.3500000000000005 0.41500000000000009 4.357791059661527 0.022128702320006934 0.0057293985628140845 4.5500000000000007 0.19788512473123854 4.1500000000000012 0.41500000000000009 0.084346990747334108 432168.47539304831 4.2500000000000009 29.500000000000004 33.500000000000007 0.042034730657882304 0.11006954127434679 42.000000000000007 0.10826542840461298 176876.41456836628 1.0000000180025095e-35
decision_type=2 2 2 2 2 2 2 2 2 2 2 2 2 2 2 2 2 2 2 2 2 2 2 2 2 2 2 2 2 2
left_child=1 -1 4 -2 6 8 29 13 17 15 11 -6 -8 18 19 23 -16 -4 -5 -9 -10 22 -13 25 -25 -7 -12 28 -15 -3
right_child=3 2 5 7 10 9 12 14 20 -11 26 21 -14 27 16 -17 -18 -19 -20 -21 -22 -23 -24 24 -26 -27 -28 -29 -30 -31
leaf_value=-1.3393713285985722 -1.3393713285985722 -1.3206898187365719 -1.2861755946619364 -1.201414177530858 -1.285029466066046 -1.2431391505815947 -1.2999214289107324 -1.2514792726763995 -1.2417134886850469 -1.2071925778318937 -1.2556646086726935 -1.2905424086418096 -1.2674542875354933 -1.1217338567912873 -1.0879023908212446 -1.2322189764712319 -1.1562628787607123 -1.2665344047119029 -1.1457995387699773 -1.1301045287838751 -1.1670339640452922 -1.1884455760049422 -1.23212209369354 -1.2540465664060849 -1.2143966103875572 -1.2714114173716211 -1.1719578887468145 -1.1196411887931403 -1.2062015468983105 -1.304214506229703
leaf_weight=173.7358433008194 11.43448084592819 168.61592650413513 188.92492979764938 67.412237823009491 359.75948691368103 46.761906743049622 86.185266077518463 3.4132778644561759 17.407717108726505 36.6927370429039 64.510951638221741 16.383733749389648 84.819954931735992 5.9732362627983155 20.479667186737064 73.726801872253418 10.922489166259764 153.76816779375076 9.5571780204772931 3.5839417576789856 5.8025723695754996 5.6319084763526908 19.11435604095459 66.217590570449829 24.404936730861664 120.65937250852585 3.5839417576789847 12.287800312042235 11.263816952705382 174.93049055337906
leaf_count=1018 67 988 1107 395 2108 274 505 20 102 215 378 96 497 35 120 432 64 901 56 21 34 33 112 388 143 707 21 72 66 1025
internal_value=-1.27541 -1.28326 -1.27758 -1.18041 -1.29052 -1.26026 -1.30283 -1.16787 -1.27392 -1.24669 -1.277 -1.28138 -1.28382 -1.18302 -1.12583 -1.25106 -1.11168 -1.27736 -1.19451 -1.18931 -1.22304 -1.24941 -1.25909 -1.25644 -1.24337 -1.26351 -1.25126 -1.15309 -1.17693 -1.3123
internal_weight=2047.97 1891.64 1717.9 156.328 983.536 734.367 514.552 144.894 365.903 368.463 468.984 400.889 171.005 106.494 38.3994 331.771 31.4022 342.693 76.9694 6.99722 23.2103 41.13 35.4981 258.044 90.6225 167.421 68.0949 29.5249 17.2371 343.546
internal_count=12000 11084 10066 916 5763 4303 3015 849 2144 2159 2748 2349 1002 624 225 1944 184 2008 451 41 136 241 208 1512 531 981 399 173 101 2013
is_linear=0
shrinkage=1


Tree=1
num_leaves=31
num_cat=0
split_feature=22 25 18 25 17 17 8 8 23 23 8 23 20 14 12 8 17 2 14 4 10 23 10 24 3 12 23 8 24 24
split_gain=524.054 227.25 139.163 104.365 60.6513 47.8534 34.8904 27.3974 22.4533 21.403 18.8717 16.7803 16.5081 11.9067 12.1894 11.8325 11.1789 10.4768 10.2414 9.12213 11.0908 9.08333 10.3537 8.98192 8.78264 8.74224 10.7239 8.1902 10.3384 8.09965
threshold=0.41000000000000009 1.0000000180025095e-35 0.029783793087937414 1.0000000180025095e-35 0.015263534609148711 0.016605030278032919 4.4500000000000011 4.3500000000000005 0.80500000000000016 0.41500000000000009 4.3500000000000005 0.41500000000000009 4.357791059661527 0.13835663111200586 0.23402354359895788 4.1500000000000012 0.022128702320006934 0.27946950106330121 0.080302668912523273 116.45756170724471 46502.552790296824 0.41500000000000009 296169.82364213426 1.0000000180025095e-35 0.10742624678074213 0.09344304902663543 0.41500000000000009 3.9500000000000006 1.0000000180025095e-35 1.0000000180025095e-35
decision_type=2 2 2 2 2 2 2 2 2 2 2 2 2 2 2 2 2 2 2 2 2 2 2 2 2 2 2 2 2 2
left_child=1 -1 4 -2 6 8 23 16 15 13 11 19 -8 14 -7 29 25 -15 -9 27 -21 22 -14 -3 -13 -5 -27 28 -6 -4
right_child=3 2 5 7 10 9 12 18 -10 -11 -12 24 21 17 -16 -17 -18 -19 -20 20 -22 -23 -24 -25 -26 26 -28 -29 -30 -31
leaf_value=-0.063100517233242823 -0.063100517233242823 -0.044176693479451606 -0.020577446830438471 0.037666834955413245 -0.0077233877146176012 0.030260717581764015 -0.023625067281899888 0.15230690826223572 0.048270558037145701 0.062346480841352185 0.022618748046508052 0.0023386850863512582 0.043799585874336633 -0.0072111199335634273 -0.0039131971158803281 0.0083844884290152476 0.10853755159424626 0.066788924263516666 0.10217899249864711 -0.039420171239819918 -0.0079432732848598343 0.057450682785207333 -0.0058990495061581241 -0.027832203140115915 0.048257109884324051 0.073450718034055174 0.13440875506736 -0.027010764242330867 0.10186397892011688 0.00019231890932011478
leaf_weight=167.47129806876183 11.022177770733832 164.31187772750854 94.82217375934124 14.101207241415976 3.5645075887441617 256.29284444451332 84.994488880038261 23.776894986629486 23.893059134483337 38.099500313401222 69.019940122961998 21.763186901807785 12.514256685972212 45.628811702132225 29.051330149173737 154.53644071519375 31.546030655503273 5.3431410789489737 17.829792097210884 30.722660645842552 314.01614472270012 8.2285523414611799 64.456993341445923 172.09019511938095 19.96755339205265 58.12729749083519 8.2373461872339231 4.0737229585647574 5.4316306114196777 92.956263363361359
leaf_count=1018 67 988 559 79 21 1479 505 128 136 215 399 126 73 265 169 901 173 31 97 181 1850 48 376 1025 115 327 45 24 32 548
internal_value=-2.78768e-05 -0.00750646 -0.00208011 0.0855162 -0.0144898 0.0142594 -0.0264822 0.0961795 0.00140827 0.0268288 -0.00152396 -0.00569459 -0.00803423 0.0228052 0.0267814 -0.00186265 0.0833103 0.000545944 0.130825 -0.00919398 -0.0107485 0.00751903 0.00218113 -0.0358155 0.02431 0.0734201 0.081017 0.0318078 0.0584426 -0.0102958
internal_weight=2047.89 1883.25 1715.78 164.641 975.156 740.624 506.596 153.619 366.208 374.416 468.559 399.539 170.194 336.316 285.344 342.315 112.012 50.972 41.6067 357.809 344.739 85.1998 76.9713 336.402 41.7307 80.4659 66.3646 13.0699 8.99614 187.778
internal_count=12000 11084 10066 916 5763 4303 3015 849 2144 2159 2748 2349 1002 1944 1648 2008 624 296 225 2108 2031 497 449 2013 241 451 372 77 53 1107
is_linear=0
shrinkage=0.05


Tree=2
num_leaves=31
num_cat=0
split_feature=22 25 18 25 17 17 8 8 23 23 8 20 23 8 8 3 10 17 11 15 16 12 24 13 13 3 4 10 0 5
split_gain=453.776 214.486 125.811 88.7284 56.1469 42.1572 32.8296 21.3112 19.7267 18.1695 16.8877 15.1066 15.0587 10.781 10.7047 10.0576 14.0907 10.7732 12.3925 9.83803 8.94034 8.68716 8.65741 8.50366 9.23483 8.71169 8.15476 10.3622 8.14007 9.50325
threshold=0.41000000000000009 1.0000000180025095e-35 0.029783793087937414 1.0000000180025095e-35 0.015263534609148711 0.016605030278032919 4.4500000000000011 4.3500000000000005 0.80500000000000016 0.41500000000000009 4.3500000000000005 4.357791059661527 0.41500000000000009 4.5500000000000007 4.1500000000000012 0.10540010654483678 469757.71070222958 0.015859837107663362 28293.883893365866 0.1148399165411817 0.0057293985628140845 0.19788512473123854 1.0000000180025095e-35 0.21765981890164596 0.19461031985708785 0.12480249204972572 116.45756170724471 46502.552790296824 33.500000000000007 149000.00000000003
decision_type=2 2 2 2 2 2 2 2 2 2 2 2 2 2 2 2 2 2 2 2 2 2 2 2 2 2 2 2 2 2
left_child=1 -1 4 -2 6 8 22 15 14 13 12 -8 26 28 -4 16 17 18 -5 23 -9 -22 -3 24 25 -17 -6 -28 29 -7
right_child=3 2 5 7 10 9 11 20 -10 -11 -12 -13 -14 -15 -16 19 -18 -19 -20 -21 21 -23 -24 -25 -26 -27 27 -29 -30 -31
leaf_value=-0.062299407632055506 -0.062299407632055506 -0.043097216926992442 -0.0098414660190720721 0.011259320976977731 0.029621635406723575 0.017523467097737919 -0.02275919172147985 0.067791817749237468 0.044654175041647592 0.057258998524034647 0.021214664665992023 0.0071044458573357814 0.022773890270648117 0.037875114113997195 0.0079270447331520298 0.015553938678572478 0.013924593900526687 0.098462526827434699 0.083928685419350488 0.12036637696136035 0.14432825720902348 0.092876468307300369 -0.026880463532496141 0.13081212290346009 0.018255146230904372 0.093729117176736154 -0.03832758216465984 -0.0075811292675264418 0.028453362307760018 -0.0086547291059688274
leaf_weight=161.29992318153381 10.616006731986998 160.11369735002518 186.68198025226593 10.950188353657724 13.304295912384985 122.00788931548595 83.846506848931313 7.7808535993099204 24.519716441631317 39.375627487897873 69.885521829128265 85.557922601699829 42.289975836873055 76.769566297531128 155.26226079463959 4.2713563293218639 12.450750917196272 22.66851781308651 12.637365594506262 18.684405699372292 24.106999039649963 12.435870811343191 169.34517696499825 6.0636052489280692 7.6608033478260031 21.511329740285873 30.036186769604683 312.60266676545143 93.350338950753212 48.42948505282402
leaf_count=1018 67 988 1107 59 77 702 505 41 136 215 399 497 241 432 901 23 67 120 68 99 120 64 1025 32 41 115 181 1850 531 279
internal_value=-5.03426e-05 -0.00717853 -0.00198938 0.0777151 -0.013893 0.0134321 -0.0255641 0.0869347 0.00133288 0.0251025 -0.00145539 -0.00767652 -0.00543374 0.0213845 -0.00177354 0.075741 0.0611394 0.0738482 0.050193 0.0904718 0.116457 0.126819 -0.0347616 0.0763335 0.0664561 0.080778 -0.00878511 -0.0102764 0.0165853 0.010085
internal_weight=2046.52 1874.68 1713.38 171.838 966.982 746.397 498.863 161.222 366.464 379.933 468.119 169.404 398.233 340.557 341.944 116.898 58.7068 46.2561 23.5876 58.1915 44.3237 36.5429 329.459 39.5071 33.4435 25.7827 355.943 342.639 263.788 170.437
internal_count=12000 11084 10066 916 5763 4303 3015 849 2144 2159 2748 1002 2349 1944 2008 624 314 247 127 310 225 184 2013 211 179 138 2108 2031 1512 981
is_linear=0
shrinkage=0.05


Tree=3
num_leaves=31
num_cat=0
split_feature=22 25 18 25 17 17 8 23 8 23 8 20 23 14 12 8 2 24 24 4 3 9 12 3 10 17 11 8 3 23
split_gain=395.705 202.597 113.768 76.3555 51.956 37.2123 30.8834 17.3793 17.2495 15.5373 15.1211 13.8273 13.5266 10.0487 10.2493 9.68256 9.01578 8.34579 8.12454 11.3467 9.0282 10.0761 8.30503 8.11726 11.8026 8.7342 10.3863 8.00588 8.97252 7.8571
threshold=0.41000000000000009 1.0000000180025095e-35 0.029783793087937414 1.0000000180025095e-35 0.015263534609148711 0.016605030278032919 4.4500000000000011 0.80500000000000016 4.3500000000000005 0.41500000000000009 4.3500000000000005 4.357791059661527 0.41500000000000009 0.13835663111200586 0.23402354359895788 4.1500000000000012 0.27946950106330121 1.0000000180025095e-35 1.0000000180025095e-35 116.45756170724471 0.14145165260466014 23.500000000000004 0.089539641437671944 0.10540010654483678 469757.71070222958 0.015859837107663362 28293.883893365866 4.1500000000000012 0.15605921713113804 0.41500000000000009
decision_type=2 2 2 2 2 2 2 2 2 2 2 2 2 2 2 2 2 2 2 2 2 2 2 2 2 2 2 2 2 2
left_child=1 -1 4 -2 6 7 17 15 23 13 12 -8 18 14 -7 -4 -15 -3 22 -20 -21 -22 -6 24 25 26 -5 28 -14 -13
right_child=3 2 5 8 10 9 11 -9 -10 -11 -12 29 27 16 -16 -17 -18 -19 19 20 21 -23 -24 -25 -26 -27 -28 -29 -30 -31
leaf_value=-0.061556543714434635 -0.061556543714434635 -0.042043150242753867 -0.0094035722878307998 0.010634122356426719 0.014427485778294495 0.026763556495302078 -0.021917782868152935 0.041422884040721752 0.10508571937232539 0.05279997367564393 0.01991688014589035 0.0017020891144070378 -0.0030430765920666492 -0.007619328195849713 -0.0044415288548600483 0.00749670349080412 0.059608865223059616 -0.025953105177173637 0.056519763658363524 -0.011747337580700543 -0.033142322221623409 0.022461212038624966 -0.019906132008464254 0.082199201309402739 0.013133470518263883 0.089155287585794968 0.076434825813968654 0.063580757071910105 0.059890388927436936 0.052277188659818119
leaf_weight=155.23772233724594 10.217021018266676 156.02633208036423 185.6338407844305 11.012615352869036 19.858262091875076 263.8317306637764 82.7407556027174 25.095281690359116 46.596253126859665 40.534414127469063 70.695719987154007 77.371304005384445 26.732331320643425 45.85213440656662 29.228916883468628 155.94813868403435 5.5956078022718421 166.69506952166557 8.2140301167964918 113.89122772216797 9.8785727024078351 46.496140956878662 155.80671931803226 60.761049896478653 12.538387313485144 23.753104731440544 13.167923808097838 8.896200090646742 7.1860360801219931 8.5256359577178937
leaf_count=1018 67 988 1107 59 118 1479 505 136 225 215 399 449 152 265 169 901 31 1025 46 679 59 277 929 310 67 120 68 49 40 48
internal_value=-6.86345e-05 -0.00686423 -0.00190127 0.071151 -0.013317 0.0126625 -0.0246708 0.00126268 0.0792299 0.0235186 -0.00138781 -0.00732994 -0.00518202 0.0200734 0.0236513 -0.00168781 -0.000307392 -0.0337322 -0.00839122 -0.000877985 -0.00364699 0.0127178 -0.0160248 0.0692921 0.0563233 0.0676208 0.046467 0.0213631 0.0102902 0.00672188
internal_weight=2044.02 1865.97 1710.73 178.046 959.014 751.72 491.359 366.677 167.829 385.043 467.655 168.638 396.96 344.508 293.061 341.582 51.4477 322.721 354.145 178.48 170.266 56.3747 175.665 121.233 60.472 47.9336 24.1805 42.8146 33.9184 85.8969
internal_count=12000 11084 10066 916 5763 4303 3015 2144 849 2159 2748 1002 2349 1944 1648 2008 296 2013 2108 1061 1015 336 1047 624 314 247 127 241 192 497
is_linear=0
shrinkage=0.05


Tree=4
num_leaves=31
num_cat=0
split_feature=22 25 18 25 17 17 8 23 23 8 8 8 11 4 22 0 8 5 15 4 2 8 24 4 24 10 24 4 0 3
split_gain=347.14 191.486 102.931 66.3534 47.6079 31.9281 29.0299 15.5186 15.2953 14.298 13.9765 13.5482 13.0133 10.0915 11.9522 9.12459 9.8515 8.99676 11.6398 8.81344 8.26895 8.10346 8.04493 7.9751 7.74454 8.64712 7.45361 8.65499 8.17796 8.06647
threshold=0.41000000000000009 1.0000000180025095e-35 0.029707947582707079 1.0000000180025095e-35 0.015263534609148711 0.016605030278032919 4.4500000000000011 0.41500000000000009 0.41500000000000009 4.3500000000000005 4.5500000000000007 4.3500000000000005 22108.299881435869 114.05531082463025 0.015000000000000001 28.500000000000004 4.0500000000000007 1.0000000180025095e-35 0.047876834247318534 1126.1350716132135 0.15235231854196324 4.1500000000000012 1.0000000180025095e-35 933.4647022011153 1.0000000180025095e-35 396620.96418960782 1.0000000180025095e-35 116.45756170724471 44.500000000000007 0.14145165260466014
decision_type=2 2 2 2 2 2 2 2 2 2 2 2 2 2 2 2 2 2 2 2 2 2 2 2 2 2 2 2 2 2
left_child=1 -1 4 -2 6 7 22 21 11 -5 13 26 -8 14 -7 16 -9 -10 -19 -12 -18 24 -3 -20 25 -4 28 -28 -6 -29
right_child=3 2 5 9 8 10 12 15 17 -11 19 -13 -14 -15 -16 -17 20 18 23 -21 -22 -23 -24 -25 -26 -27 27 29 -30 -31
leaf_value=-0.060866610506319974 -0.060866610506319974 -0.041012043329754624 -0.026580940168076592 0.063750579372493552 -0.017620018578978734 0.10242949573114229 -0.0313302781497126 0.0099933584768165818 0.0031838804935204338 0.095722234718401578 0.035419482931725414 0.016616980776339448 0.00096465866564986896 0.014728942109136967 -0.00060505531119803366 0.0074154791793828228 0.04748040678902813 -0.023825013274637451 0.044868492916947778 0.10895005422366472 0.1378549782046129 0.0064390141043832701 -0.025049480813758563 0.11813666135371204 0.0012961062126956426 0.013655250676736433 0.048738176584127539 -0.011429893670681654 0.051948679157959837 0.01178704406045079
leaf_weight=149.29792323708534 9.8260912150144559 152.05350667238235 74.940147519111633 125.06092342734337 166.21866123378277 7.1547138839960081 41.404354095458984 5.9516261816024842 24.112950161099434 48.542488500475883 86.56112989783287 64.121275305747986 126.48146858811378 294.24325032532215 4.6400055140256882 15.63014906644821 5.2518954724073392 4.8284448385238674 15.386013984680178 4.2765393406152716 4.8854840397834778 154.51078897714615 164.13915492594242 4.8958384692668906 89.434903100132942 16.248085081577301 8.2729444801807386 111.61978551745415 4.3344815522432318 56.273830965161324
leaf_count=1018 67 988 452 624 1000 40 256 33 135 225 468 358 746 1644 26 85 28 27 85 23 26 889 1025 27 533 98 45 670 26 333
internal_value=-8.38187e-05 -0.00656497 -0.00181805 0.0655359 -0.012858 0.0118298 -0.0238036 0.0011965 -0.00134098 0.0726904 0.0216587 -0.00449662 -0.00699999 0.0165468 0.061896 0.0346236 0.0610558 0.0249975 0.0459448 0.0388812 0.0910344 -0.00196725 -0.0327257 0.0625547 -0.00915824 -0.0194116 -0.0084013 -0.00118803 -0.015852 -0.00364814
internal_weight=2040.6 1857.17 1707.87 183.43 944.143 763.729 484.078 366.853 460.064 173.603 396.876 410.841 167.886 306.038 11.7947 31.7192 16.089 49.2232 25.1103 90.8377 10.1374 335.134 316.193 20.2819 180.623 91.1882 346.72 176.167 170.553 167.894
internal_count=12000 11084 10066 916 5721 4345 3015 2144 2706 849 2201 2432 1002 1710 66 172 87 274 139 491 54 1972 2013 112 1083 550 2074 1048 1026 1003
is_linear=0
shrinkage=0.05


Tree=5
num_leaves=31
num_cat=0
split_feature=22 25 18 25 17 17 8 23 23 8 8 20 23 14 12 2 2 24 10 23 0 6 2 0 6 10 2 24 16 16
split_gain=305.917 181.09 93.204 58.1024 44.3535 29.1907 27.2784 13.7456 13.1191 12.2107 12.1471 12.0248 10.7535 8.46058 8.67666 7.86513 7.84655 7.75309 7.61908 8.40098 8.27917 7.57989 7.57519 9.37372 7.45005 7.41856 7.42532 7.82766 11.6513 8.59998
threshold=0.41000000000000009 1.0000000180025095e-35 0.029783793087937414 1.0000000180025095e-35 0.015263534609148711 0.016605030278032919 4.4500000000000011 0.41500000000000009 0.41500000000000009 4.3500000000000005 4.3500000000000005 4.357791059661527 0.41500000000000009 0.13835663111200586 0.23402354359895788 0.27946950106330121 0.075612885365147126 1.0000000180025095e-35 296169.82364213426 0.41500000000000009 22.500000000000004 42.000000000000007 0.10732930375386941 24.500000000000004 35.500000000000007 46502.552790296824 0.068394962669550238 1.0000000180025095e-35 0.022232063319688352 0.022367311971449585
decision_type=2 2 2 2 2 2 2 2 2 2 2 2 2 2 2 2 2 2 2 2 2 2 2 2 2 2 2 2 2 2
left_child=1 -1 4 -2 6 7 17 -4 13 12 -5 -8 25 14 -7 -15 -9 -3 20 -20 -13 24 -18 -24 -11 -6 -27 28 -28 -30
right_child=3 2 5 10 9 8 11 16 -10 21 -12 18 -14 15 -16 -17 22 -19 19 -21 -22 -23 23 -25 -26 26 27 -29 29 -31
leaf_value=-0.060224923300098557 -0.060224923300098557 -0.040001790093383477 -0.0018738842537323595 0.058884632927288828 -0.031286084912658704 0.023595899638077556 -0.020525104952257497 -0.026053349205111199 0.047120026858405606 0.017837707324847438 0.087892687482684237 -0.024627824135809346 0.018615777667739749 -0.0079904093472510321 -0.0049951593672323338 0.053729131343164926 0.10923422198757503 -0.024169052857453667 -0.0060796685482135022 0.050482175489694525 0.062036638734538185 0.084939854572225901 0.065280512467541685 0.0022833819370773165 -0.052800898735581782 0.023045801679408305 -0.029005518080382233 0.00041693837068921191 0.049843479092740305 -0.0069126771124731548
leaf_weight=143.49126580357552 9.4439241737127286 148.19788587093353 334.72250133752823 128.53115589916706 30.33874574303627 270.84823055565357 80.929578617215157 4.8879346847534171 42.056258425116539 64.224447309970856 50.178168147802353 3.7201447784900656 43.820364430546761 46.057584941387177 29.417957976460457 5.8133076578378668 3.7017796635627773 161.67630292475224 64.596901774406433 7.3074626922607413 10.630733549594877 3.9539452642202368 11.285519674420359 12.385028034448622 3.9629517495632163 21.384231820702553 77.559554606676102 153.63276953995228 7.5046980381011954 60.325845301151276
leaf_count=1018 67 988 1972 624 189 1479 505 26 215 356 225 21 241 265 169 31 20 1025 376 40 60 21 59 67 22 128 470 912 45 364
internal_value=-9.65724e-05 -0.00627922 -0.00173904 0.0606423 -0.0122379 0.0112783 -0.022959 0.00113026 0.0207258 -0.00127906 0.0670295 -0.00668149 -0.00473727 0.0175735 0.0207947 -0.00107334 0.0323004 -0.0317411 0.00630738 -0.000331428 0.0395708 0.0176351 0.0427207 0.0323188 0.0137323 -0.00765488 -0.00541728 -0.00745278 -0.0157687 -0.000633237
internal_weight=2036.59 1848.43 1704.94 188.153 943.767 761.176 477.059 366.983 394.193 466.708 178.709 167.185 394.566 352.137 300.266 51.8709 32.2603 309.874 86.2552 71.9044 14.3509 72.1413 27.3723 23.6705 68.1874 350.746 320.407 299.023 145.39 67.8305
internal_count=12000 11084 10066 916 5763 4303 3015 2144 2159 2748 849 1002 2349 1944 1648 296 172 2013 497 416 81 399 146 126 378 2108 1919 1791 879 409
is_linear=0
shrinkage=0.05


Tree=6
num_leaves=31
num_cat=1
split_feature=22 25 18 25 17 17 8 23 11 23 8 8 23 8 18 14 12 24 17 1 2 10 16 3 5 14 3 2 24 16
split_gain=270.64 171.352 84.3509 51.2155 40.9785 25.8972 25.5971 12.2723 11.4904 11.3826 10.9507 10.5124 9.67751 8.01087 8.20591 7.48792 7.66969 7.46891 7.11329 6.99141 6.93745 6.88216 6.81828 6.80165 6.90204 7.5095 6.75109 6.66153 7.16751 10.8054
threshold=0.41000000000000009 1.0000000180025095e-35 0.029783793087937414 1.0000000180025095e-35 0.015263534609148711 0.016605030278032919 4.4500000000000011 0.80500000000000016 22108.299881435869 0.41500000000000009 4.3500000000000005 4.3500000000000005 0.41500000000000009 4.4500000000000011 0.046819661641871603 0.13835663111200586 0.23402354359895788 1.0000000180025095e-35 0.022128702320006934 0 0.27946950106330121 46502.552790296824 0.0057293985628140845 0.082164815648014936 1.0000000180025095e-35 0.056731065172984228 0.084346990747334108 0.068394962669550238 1.0000000180025095e-35 0.022232063319688352
decision_type=2 2 2 2 2 2 2 2 2 2 2 2 2 2 2 2 2 2 2 1 2 2 2 2 2 2 2 2 2 2
left_child=1 -1 4 -2 6 7 17 13 -8 15 12 18 21 14 -4 16 -7 -3 -5 -10 -17 -6 26 -14 -25 -26 -13 -23 29 -29
right_child=3 2 5 11 10 9 8 -9 19 -11 -12 22 23 -15 -16 20 -18 -19 -20 -21 -22 27 -24 24 25 -27 -28 28 -30 -31
leaf_value=-0.05962730957287863 -0.05962730957287863 -0.03901057034971317 -0.010242572766851463 0.047249284396980881 -0.030302365908715819 0.022139631050024155 -0.029690668652969772 0.033867362061283005 -0.016020756047819232 0.043785211422728794 0.016591512623968185 -0.0034359902105853875 -0.0063947568572763668 0.0093548219498003678 0.020176201865442119 -0.0076254047572942053 -0.0047588426094361883 -0.023311351627995185 0.072994666291624238 0.0091391766754865596 0.049682759943586799 0.021599338110469712 0.08960922849515883 0.0053626537397636984 0.0021507517168769513 0.080360392247280185 0.083109401424463381 -0.02804148949311653 0.000395996091894189 -0.00060639116209403065
leaf_weight=137.82635107636452 9.0710859745740873 144.46117746829987 202.05911131203175 94.09614634513855 29.77209547162056 274.14267441630363 40.130790710449219 26.466481432318687 40.765062153339386 42.971717014908791 72.798616647720337 4.3136859536170942 17.789961770176888 113.70177616178989 24.90342715382576 45.854432299733162 29.336993366479874 159.30515415966511 37.530467122793198 85.570111840963364 5.968230113387107 21.667905330657959 42.511937037110329 11.908802628517153 4.4007055163383475 10.144305258989332 4.7177336513996124 76.248560771346092 153.66928793489933 67.804165124893188
leaf_count=1018 67 988 1211 451 189 1479 256 136 241 215 399 20 99 652 145 265 169 1025 173 505 31 128 184 65 24 53 21 470 912 409
internal_value=-0.000107013 -0.00600586 -0.00166324 0.0563425 -0.011727 0.0106493 -0.0221416 0.00107009 -0.00638303 0.0194795 -0.0012225 0.0620857 -0.00451893 -0.00147796 -0.00690488 0.0165399 0.0195394 -0.0307774 0.05459 0.00102072 -0.00102543 -0.00731047 0.0812273 0.0175113 0.0335879 0.0566975 0.0417726 -0.00516727 -0.00711532 -0.0151281
internal_weight=2031.91 1839.67 1701.84 192.241 936.437 765.405 470.232 367.131 166.466 398.274 466.204 183.17 393.406 340.664 226.963 355.302 303.48 303.766 131.627 126.335 51.8227 349.162 51.5434 44.2438 26.4538 14.545 9.03142 319.39 297.722 144.053
internal_count=12000 11084 10066 916 5763 4303 3015 2144 1002 2159 2748 849 2349 2008 1356 1944 1648 2013 624 746 296 2108 225 241 142 77 41 1919 1791 879
cat_boundaries=0 1
cat_threshold=4
is_linear=0
shrinkage=0.05


Tree=7
num_leaves=31
num_cat=0
split_feature=22 25 18 25 17 8 17 23 11 8 8 8 23 4 22 24 0 8 4 0 18 5 20 11 4 8 24 5 3 4
split_gain=240.284 162.222 76.3486 45.4159 37.8299 24.0152 23.005 10.9344 10.6042 10.3852 9.83183 9.26362 8.70483 7.81097 10.4182 7.19131 7.10283 7.81596 7.01494 6.85519 9.12818 8.35185 8.05505 6.79138 6.66316 7.83493 7.93728 9.6865 8.68715 7.37437
threshold=0.41000000000000009 1.0000000180025095e-35 0.029783793087937414 1.0000000180025095e-35 0.015263534609148711 4.4500000000000011 0.016605030278032919 0.41500000000000009 22108.299881435869 4.5500000000000007 4.3500000000000005 4.3500000000000005 0.41500000000000009 114.05531082463025 0.015000000000000001 1.0000000180025095e-35 28.500000000000004 4.0500000000000007 1126.1350716132135 33.500000000000007 0.042034730657882304 149000.00000000003 4.6508462626331513 122616.44339227105 221.53728101445805 4.1500000000000012 1.0000000180025095e-35 1.0000000180025095e-35 0.057519742718084611 288.16610367859352
decision_type=2 2 2 2 2 2 2 2 2 2 2 2 2 2 2 2 2 2 2 2 2 2 2 2 2 2 2 2 2 2
left_child=1 -1 4 -2 5 15 7 24 -7 13 12 -5 -6 14 -8 -3 17 -9 -11 21 -21 23 -23 -15 -4 26 29 28 -28 -26
right_child=3 2 6 11 10 8 9 16 -10 18 -12 -13 -14 19 -16 -17 -18 -19 -20 20 -22 22 -24 -25 25 -27 27 -29 -30 -31
leaf_value=-0.059070038550048568 -0.059070038550048568 -0.038036814378443272 -0.019778010968012641 0.050779480219725483 -0.0069798087799062651 -0.028739877008125681 0.088314726812591907 0.005828105591411236 0.00096716205512247216 0.029702673211413285 0.015623968282432468 0.075526524940587647 0.016481751921445603 0.014930568566798676 -0.0084681904010332956 -0.022475961586628762 0.0044912055304920763 0.076144152671982754 0.092853983661937922 0.013195305307269704 0.045249611029451686 -0.018581833034488959 0.038530398411226324 -0.053345301111545576 0.047808226729867842 0.0098571076760175375 0.066455953094474871 -0.01241742118016767 0.0096445432458616628 -0.021335301254739134
leaf_weight=132.30989909172058 8.7080188989639264 140.84432369470596 44.24826243519783 134.35266570746899 347.62541419267654 39.404277801513672 7.6905170381069166 6.182816848158839 126.40724813938141 90.320443242788315 73.424828141927719 52.629315346479416 44.608769044280052 128.45321197807789 4.3552949577569962 157.02408961951733 16.058726772665977 10.952924713492392 4.6224908232688895 80.340784162282944 30.696063384413719 44.661625951528549 7.1640882939100257 3.7484851181507102 4.0664077401161185 134.99302585422993 8.852603077888487 39.210639208555222 28.049816966056824 74.605208843946457
leaf_count=1018 67 988 261 624 2108 256 40 33 746 468 399 225 241 702 24 1025 85 54 23 433 162 248 39 20 25 772 53 235 168 458
internal_value=-0.000115286 -0.00574384 -0.00159011 0.0525468 -0.0112345 -0.0213439 0.0100611 0.00101378 -0.00609257 0.0183246 -0.00116811 0.057745 -0.00431153 0.0138565 0.0533218 -0.0298338 0.028383 0.0507731 0.0327773 0.0122453 0.0220567 0.00632545 -0.010687 0.0129947 -0.00170609 0.00105344 -0.00662453 0.00488669 0.0232732 -0.0177614
internal_weight=2026.61 1830.92 1698.61 195.69 929.339 463.68 769.273 367.22 165.812 402.053 465.659 186.982 392.234 307.11 12.0458 297.868 33.1945 17.1357 94.9429 295.064 111.037 184.027 51.8257 132.202 334.026 289.778 154.785 76.1131 36.9024 78.6716
internal_count=12000 11084 10066 916 5763 3015 4303 2144 1002 2159 2748 849 2349 1668 64 2013 172 87 491 1604 595 1009 287 722 1972 1711 939 456 221 483
is_linear=0
shrinkage=0.05


Tree=8
num_leaves=31
num_cat=1
split_feature=22 25 18 25 17 8 23 23 16 24 0 11 4 10 8 3 3 8 24 13 4 0 16 5 15 12 1 24 8 0
split_gain=213.857 153.645 69.0687 40.4521 35.1133 20.8787 20.5571 19.4377 18.4623 9.52613 8.91342 8.7493 8.31286 8.41428 8.23823 8.12226 7.65055 7.47385 8.2883 7.26403 7.29657 9.34382 7.22594 7.16417 7.95457 6.85295 6.97814 6.77576 6.67457 8.71627
threshold=0.41000000000000009 1.0000000180025095e-35 0.029783793087937414 1.0000000180025095e-35 0.012327267804311882 4.4500000000000011 0.41500000000000009 0.41500000000000009 0.014652335858349528 1.0000000180025095e-35 44.500000000000007 34940.58975322864 116.45756170724471 66612.744343298386 4.3500000000000005 0.18187505619147004 0.07641770701575297 4.1500000000000012 1.0000000180025095e-35 0.08050592652636987 927.03134522950029 26.500000000000004 0.013895659853531672 1.0000000180025095e-35 0.047876834247318534 0.18889245506172606 0 1.0000000180025095e-35 4.5500000000000007 39.500000000000007
decision_type=2 2 2 2 2 2 2 2 2 2 2 2 2 2 2 2 2 2 2 2 2 2 2 2 2 2 1 2 2 2
left_child=1 -1 4 -2 5 27 8 9 15 10 19 16 -11 -14 -5 17 -7 18 -4 20 21 -6 -9 25 -25 26 -24 -3 -8 -30
right_child=3 2 6 14 7 11 28 22 -10 12 -12 -13 13 -15 -16 -17 -18 -19 -20 -21 -22 -23 23 24 -26 -27 -28 -29 29 -31
leaf_value=-0.058549789433949374 -0.058549789433949374 -0.041207353559080395 -0.020817541422490472 0.047349728621261591 -0.013417564899810532 -0.00098344518298437559 0.024960209835855961 0.06916728942839119 0.013838322093378536 0.042191446151066091 0.04451252824965625 0.0027933866215869799 -0.028542294576410707 0.0018990465697698207 0.070482797195760824 -0.031137770979726948 -0.037376210673766265 0.0081898176708633304 0.0034771561698424464 -0.01752146706651975 -0.029600466996209263 0.077115616769443493 -0.026105132050125313 -0.02419914367583062 0.045915199140280548 -0.048854446695852448 0.034228867404708915 -0.023972243814725767 0.075911982882285553 0.00037255242606809027
leaf_weight=126.94699159264565 8.3550574034452421 106.34704805910587 68.13273286819458 136.81374382972717 4.9404559582471865 24.669305697083473 56.729289934039116 7.5725306421518317 397.01657296717167 11.498767897486685 6.4772509485483161 83.667944043874741 25.39430096745491 213.96919672191143 53.550439327955246 23.048749536275864 34.83074052631855 134.45872913300991 72.422537639737129 211.9555386453867 5.8512197732925406 6.7356717139482498 7.5882249176502228 4.8539523631334331 24.279402956366539 5.9666500687599173 13.007403463125234 122.95870387554169 16.039202660322193 5.0120992213487616
leaf_count=1018 67 765 423 624 29 160 284 48 2157 62 39 489 163 1271 225 137 226 766 433 1319 35 40 42 27 129 33 72 814 78 25
internal_value=-0.000122389 -0.0054932 -0.00152052 0.0491311 -0.0107574 -0.0226117 0.00950551 -0.00273064 0.00677767 -0.00611895 -0.0133307 -0.00763009 0.00066441 -0.0013305 0.0538572 -0.00262705 -0.0222874 -0.000237584 -0.00829945 -0.0149634 0.0159715 0.0388088 0.023341 0.0171104 0.0342333 -0.00167005 0.0119995 -0.0319655 0.0338826 0.0579268
internal_weight=2021.09 1822.37 1695.42 198.719 922.564 372.474 772.86 550.091 695.079 486.822 235.96 143.168 250.862 239.363 190.364 298.063 59.5 275.014 140.555 229.483 17.5273 11.6761 63.2682 55.6956 29.1334 26.5623 20.5956 229.306 77.7806 21.0513
internal_count=12000 11084 10066 916 5763 2454 4303 3309 3916 2958 1462 875 1496 1434 849 1759 386 1622 856 1423 104 69 351 303 156 147 114 1579 387 103
cat_boundaries=0 1
cat_threshold=2
is_linear=0
shrinkage=0.05


Tree=9
num_leaves=31
num_cat=0
split_feature=22 25 18 25 17 8 17 23 20 8 23 8 8 4 22 3 23 17 3 10 0 23 24 10 16 14 8 18 5 15
split_gain=190.782 145.58 62.5484 36.1816 32.5982 21.3216 17.9899 9.44042 9.2246 9.09625 8.62809 8.57986 7.39873 7.31043 7.95743 7.13442 7.05918 11.6741 7.32207 6.70944 7.13484 6.92873 6.2744 8.24679 7.03978 6.21856 6.21196 7.06303 6.13995 8.10427
threshold=0.41000000000000009 1.0000000180025095e-35 0.029707947582707079 1.0000000180025095e-35 0.015263534609148711 4.4500000000000011 0.016605030278032919 0.41500000000000009 4.357791059661527 4.5500000000000007 0.80500000000000016 4.3500000000000005 4.3500000000000005 114.05531082463025 0.015000000000000001 0.07641770701575297 0.41500000000000009 0.012135431885154502 0.064775389930291208 296169.82364213426 22.500000000000004 0.41500000000000009 1.0000000180025095e-35 87362.386881279803 0.025872302514872523 0.080302668912523273 4.4500000000000011 0.046819661641871603 1.0000000180025095e-35 0.047876834247318534
decision_type=2 2 2 2 2 2 2 2 2 2 2 2 2 2 2 2 2 2 2 2 2 2 2 2 2 2 2 2 2 2
left_child=1 -1 4 -2 5 16 10 11 15 13 26 -6 22 14 -8 -7 -3 -18 -19 20 -10 -21 24 -24 -5 -14 27 -4 -9 -30
right_child=3 2 6 12 7 8 9 28 19 -11 -12 -13 25 -15 -16 -17 17 18 -20 21 -22 -23 23 -25 -26 -27 -28 -29 29 -31
leaf_value=-0.058063570951340099 -0.058063570951340099 -0.030895643487406334 -0.0093307336093238647 0.029593919044519568 -0.0067408284825701843 -0.0001058165251497814 0.079171391312041636 0.0011319110597851033 -0.023846708914086301 0.029409071218732121 0.027723120186524855 0.012929006881563513 0.080612233141014733 0.010388947681315989 -0.0025227372232019796 -0.030833630662459529 -0.025238912821340744 0.093795979828479842 0.0036603984277696388 -0.0059425365222616879 0.056591281656936734 0.044502887337574876 0.10155727385569875 0.048821826921308605 0.076538340842651306 0.046397003530408473 0.0081025784093958341 0.018750470324938859 -0.023295783590082175 0.048413091098399585
leaf_weight=121.7412388920784 8.0124391019344312 255.31084711849689 199.5797942429781 69.77436275780201 339.16399608552456 32.338595375418663 8.0628823488950712 24.619096204638481 3.6772762686014167 97.23513326048851 27.604655861854553 66.272209107875824 31.136218532919884 305.83444663882256 4.7291061431169501 45.423917546868324 22.787433475255966 3.8710816353559476 5.3906549215316772 64.487687200307846 11.012978971004484 7.6101995259523383 8.6584500968456251 51.556993871927261 9.0182173550128919 23.155890569090843 115.11118367314339 25.222196787595749 4.791685342788699 22.170320749282837
leaf_count=1018 67 1790 1211 315 2074 208 40 135 21 491 136 358 128 1644 26 297 161 26 36 376 60 40 38 232 39 97 652 145 27 112
internal_value=-0.000128616 -0.00525337 -0.00145431 0.0460511 -0.0103783 -0.0199006 0.0088999 -0.00096241 -0.00554846 0.0160229 0.000839923 -0.00352562 0.0503667 0.0119379 0.0489697 -0.0180551 -0.0281191 -0.00600035 0.0413339 0.00565749 0.036456 -0.000617835 0.0442534 0.0564047 0.034967 0.0660192 -0.00134329 -0.0061801 0.0191848 0.035669
internal_weight=2015.36 1814.05 1692.31 201.313 908.928 451.911 783.379 457.017 164.551 415.862 367.518 405.436 193.3 318.626 12.792 77.7625 287.36 32.0492 9.26174 86.7881 14.6903 72.0979 139.008 60.2154 78.7926 54.2921 339.913 224.802 51.5811 26.962
internal_count=12000 11084 10066 916 5721 3015 4345 2706 1002 2201 2144 2432 849 1710 66 505 2013 223 62 497 81 416 624 270 354 225 2008 1356 274 139
is_linear=0
shrinkage=0.05


Tree=10
num_leaves=31
num_cat=2
split_feature=25 22 18 17 8 23 16 23 11 17 0 17 7 8 3 14 8 1 6 6 3 10 15 3 6 3 12 13 11 18
split_gain=175.192 165.871 56.6979 29.9525 18.9934 16.8509 14.0276 9.03707 8.80197 8.70233 8.19823 9.11374 9.00746 7.79015 7.52552 6.76929 6.7051 6.29511 6.23009 6.5691 6.14603 8.95891 6.87702 6.59907 9.93101 6.04042 5.97489 5.92463 5.91818 5.83726
threshold=1.0000000180025095e-35 0.41000000000000009 0.030138182758921005 0.015263534609148711 4.4500000000000011 0.41500000000000009 0.014652335858349528 0.41500000000000009 22108.299881435869 0.012135431885154502 31.500000000000004 0.017132310851871963 0 4.3500000000000005 0.18187505619147004 0.036743511245904699 4.3500000000000005 1 42.000000000000007 35.500000000000007 0.10540010654483678 469757.71070222958 0.1148399165411817 0.052264845363687258 5.5000000000000009 0.064775389930291208 0.1930765750593445 0.21829003686125448 25633.708110075739 0.046819661641871603
decision_type=2 2 2 2 2 2 2 2 2 2 2 2 1 2 2 2 2 1 2 2 2 2 2 2 2 2 2 2 2 2
left_child=-1 2 3 4 7 6 14 -2 -6 15 12 -12 -7 -5 29 -9 20 -10 19 -15 21 23 27 -3 -25 -11 -18 -22 -28 -4
right_child=1 16 5 13 8 10 -8 9 17 25 11 -13 -14 18 -16 -17 26 -19 -20 -21 22 -23 -24 24 -26 -27 28 -29 -30 -31
leaf_value=-0.057608702787587278 -0.029833984002109484 0.064199673494445775 -0.0022655341567515883 -0.0036814491634017351 -0.026492978232339773 0.014300173935505991 0.012342858548433179 0.038102438234870868 -0.015269635143106936 0.083939241438861042 -0.019596613962906358 0.033549349882567733 0.062630347622903579 0.014116178162524291 -0.029896112935672171 -0.03037462511551314 0.074362728861128533 0.0086845289817739056 0.072964545294715563 -0.052432521866091576 0.033967634881333739 -0.0040675864869511259 0.074412294974168181 0.038988318269235794 -0.032319954360044652 0.0034691339301122417 0.067548788815685878 0.084592995523245854 0.012592310055696877 0.021984257990629419
leaf_weight=124.37533523887396 255.19963108003139 18.79174692928791 242.16249378025532 396.67666329443455 37.719237223267555 14.853690594434738 396.28386799991131 4.3946288973093059 40.295455440878868 4.1029052883386594 13.296920046210287 20.508166238665581 27.469331204891205 66.36256343126297 22.471710860729218 20.189454466104507 35.256317153573036 85.885101795196533 4.2174482345581046 3.9277012795209876 41.1357042491436 14.478464126586912 22.868156582117081 31.122709572315216 5.7911636978387824 5.4031369388103485 9.7460663318634051 6.7237951308488837 9.8497144728898984 27.649516940116882
leaf_count=1085 1821 83 1435 2390 256 74 2122 27 241 26 68 98 130 356 136 145 144 505 21 22 182 67 99 138 26 36 40 29 41 157
internal_value=-0.000133019 0.00365965 -0.00139 -0.00972202 -0.0188994 0.00868185 0.00621389 -0.0266041 -0.00530031 -0.00242481 0.0310041 0.0126449 0.0456684 -0.000895136 -0.00209587 -0.0181337 0.0472286 0.00103482 0.0139391 0.0103975 0.0414552 0.0309726 0.0518572 0.0400799 0.0278013 0.0382009 0.06206 0.04108 0.0399252 0.000219511
internal_weight=2009.21 1884.83 1689.07 924.374 453.19 764.696 688.568 289.29 163.9 34.0901 76.1281 33.8051 42.323 471.184 292.284 24.5841 195.764 126.181 74.5077 70.2903 140.912 70.1841 70.7277 55.7056 36.9139 9.50604 54.8521 47.8595 19.5958 269.812
internal_count=12000 10915 10066 5846 3057 4220 3850 2055 1002 234 370 166 204 2789 1728 172 849 746 399 378 624 314 310 247 164 62 225 211 81 1592
cat_boundaries=0 1 2
cat_threshold=2 4
is_linear=0
shrinkage=0.05


Tree=11
num_leaves=31
num_cat=0
split_feature=25 22 18 17 8 23 23 16 24 0 11 4 10 3 24 2 12 20 18 2 8 8 24 5 2 16 0 2 15 9
split_gain=164.936 147.996 51.3528 28.0909 17.3601 15.1302 14.9737 13.2506 8.68888 8.03387 7.17812 7.1764 7.4196 6.91243 6.8995 6.81334 6.90465 6.52317 6.27201 6.78484 6.11336 6.071 7.63293 6.08494 7.71144 6.61818 8.84155 6.01027 5.83598 6.66464
threshold=1.0000000180025095e-35 0.41000000000000009 0.029783793087937414 0.012327267804311882 4.4500000000000011 0.41500000000000009 0.41500000000000009 0.014652335858349528 1.0000000180025095e-35 44.500000000000007 26318.520733555055 116.45756170724471 66612.744343298386 0.18187505619147004 1.0000000180025095e-35 0.057851426901794685 0.073063662157577078 4.4110464045443276 0.013352219522402356 0.24203176599172216 4.3500000000000005 4.1500000000000012 1.0000000180025095e-35 1.0000000180025095e-35 0.27583628501478658 0.0045203863568305082 23.500000000000004 0.1632204364208763 0.14072592526027328 23.500000000000004
decision_type=2 2 2 2 2 2 2 2 2 2 2 2 2 2 2 2 2 2 2 2 2 2 2 2 2 2 2 2 2 2
left_child=-1 2 3 4 14 7 8 13 9 15 -6 17 -13 21 -2 -5 -17 -10 19 27 -3 22 -4 25 -25 26 -24 -12 29 -14
right_child=1 20 5 6 10 -7 -8 -9 11 -11 18 12 28 -15 -16 16 -18 -19 -20 -21 -22 -23 23 24 -26 -27 -28 -29 -30 -31
leaf_value=-0.057182763960534781 -0.038944023833078031 0.038914575886245195 -0.019664927936212186 0.039144510869574566 -0.025613114911810803 0.028585776622980237 0.02022291283430384 0.011578656076912559 0.085997058335906235 0.042086639220041279 0.037947232369204227 -0.026786639541460523 -0.020404117702684802 -0.02914196109773123 -0.02101287774144632 0.016198147506023386 -0.017817506095534213 0.009526654721448773 -0.0069282072559272477 0.068277242619640036 0.058504788232493804 0.0073729131258684511 -0.0023391976465234601 -0.020064516754275737 0.055607849602996078 0.001866574983791028 0.079020479111422556 -0.018193707922084062 -0.036279605000517322 0.0073691167931415856
leaf_weight=119.16838690638542 99.3858293145895 142.54221653938293 66.888775750994682 5.8946393132209769 37.08074651658535 80.475113153457642 64.914190545678139 404.95852650702 4.5672765970230085 6.5937719345092765 8.7231496274471336 24.552971720695496 24.564087718725204 22.234914630651474 116.56717364490032 16.097157806158066 203.73674610257149 7.1616497784852982 78.962010785937309 5.9712254256010047 55.263320803642273 135.55419002473354 5.7123979330062857 30.170500621199608 3.789539858698844 24.464551150798798 8.0379419624805433 10.512600675225256 9.3991306126117689 179.03810292482376
leaf_count=1085 765 624 423 37 256 387 351 2157 24 39 49 163 149 137 814 93 1293 38 479 33 225 766 34 183 23 146 47 58 58 1064
internal_value=-0.000136357 0.00347235 -0.00132792 -0.00944663 -0.0203505 0.00805108 -0.00231991 0.00569642 -0.00535839 -0.0123151 -0.00672117 0.00112504 -0.000760012 -0.00232798 -0.0292651 -0.0139043 -0.0153267 0.0393044 3.74229e-06 0.0217184 0.0443877 -0.000156936 -0.00749676 0.00378021 -0.0116204 0.0174661 0.0452207 0.00726544 0.00224011 0.00401835
internal_weight=2002.98 1883.81 1686.01 903.722 357.203 782.286 546.52 701.811 481.606 232.322 141.25 249.283 237.554 296.853 215.953 225.729 219.834 11.7289 104.169 25.207 197.806 274.618 139.064 72.1749 33.96 38.2149 13.7503 19.2358 213.001 203.602
internal_count=12000 10915 10066 5763 2454 4303 3309 3916 2958 1462 875 1496 1434 1759 1579 1423 1386 62 619 140 849 1622 856 433 206 227 81 107 1271 1213
is_linear=0
shrinkage=0.05


Tree=12
num_leaves=31
num_cat=0
split_feature=25 22 18 16 8 17 23 23 23 10 11 3 23 0 24 11 20 4 12 17 4 16 4 24 3 12 23 15 24 16
split_gain=155.36 132.216 46.5261 25.8849 17.7829 13.6693 8.30183 7.74915 7.5755 7.46133 6.96899 6.88805 9.00952 6.77743 7.33952 11.7072 9.75028 10.1474 10.0497 8.62413 6.70688 7.24198 6.36476 6.23395 6.09184 8.31618 7.2126 6.71944 6.01014 6.56901
threshold=1.0000000180025095e-35 0.41000000000000009 0.030138182758921005 0.015530580589882874 4.4500000000000011 0.016605030278032919 0.41500000000000009 0.41500000000000009 0.81500000000000017 102065.15810046438 22108.299881435869 0.055967878708602564 0.81500000000000017 33.500000000000007 1.0000000180025095e-35 76603.200677874571 4.654046436194208 622.19353438341284 0.081140938732066639 0.023968054957476056 262.9305083493652 0.025141307863089112 654.05004501548149 1.0000000180025095e-35 0.13246836295517281 0.22175369228641104 0.025000000000000005 0.047848604109561994 1.0000000180025095e-35 0.022232063319688352
decision_type=2 2 2 2 2 2 2 2 2 2 2 2 2 2 2 2 2 2 2 2 2 2 2 2 2 2 2 2 2 2
left_child=-1 2 3 4 6 -4 23 13 10 -5 -6 12 -8 -7 15 19 18 -18 -16 -15 -20 -22 -10 -2 26 27 -3 -26 29 -11
right_child=1 24 5 9 8 7 11 -9 22 28 -12 -13 -14 14 16 -17 17 -19 20 -21 21 -23 -24 -25 25 -27 -28 -29 -30 -31
leaf_value=-0.056783553941579405 -0.036692615395375681 0.02468402400927313 0.00067838860839087699 -0.017163643663320956 -0.026840142928150752 0.0066931545755311494 0.07177322756452291 0.033598921118353157 -0.0070844318536180742 -0.013425486470237797 -0.0017995323816257392 -0.016221315556167501 -0.025003745657618034 -0.018668080581274581 -0.03929859789510546 0.047737857155314964 0.0408571114037087 -0.067798763928261285 0.11139579803172864 0.023332451340101718 0.055974416968907294 0.010295069577161281 0.068339904786485842 -0.020882548766123336 0.033843013721520376 -0.0021922096689465536 0.048791599341663709 0.068568398642750911 0.0081228723601088505 0.0048163939314393896
leaf_weight=114.13320485502481 114.81543695926666 71.723447397351265 360.60718002915382 58.301205962896347 35.75476311147213 239.86898037791252 5.9988426417112333 45.014730468392372 5.0230409801006299 97.460582554340363 124.66453835368156 24.579507544636726 4.0141533762216568 30.588788509368896 3.4936952888965598 15.501833438873289 4.1674027740955335 4.4359918236732483 3.8994172215461722 20.355277553200722 30.255652993917465 12.165632575750349 6.3116272240877151 136.44667150080204 19.738881856203079 6.1958621740341178 54.678710237145424 47.345187768340111 199.11013546586037 99.977768018841743
leaf_count=1085 897 310 2102 368 251 1263 40 209 27 600 737 172 27 159 18 79 22 23 20 106 156 63 35 956 84 26 231 198 1147 589
internal_value=-0.000139813 0.00329442 -0.00127012 -0.00890917 -0.0173052 0.00777807 -0.0249454 0.0140263 -0.00458941 -0.000462215 -0.00738066 -0.00198091 0.0329759 0.0116107 0.0210575 0.00969102 0.0339859 -0.0151669 0.0424751 -0.00188629 0.0486428 0.0428744 0.0349151 -0.028107 0.0417619 0.0532318 0.0351124 0.0583508 0.00199326 -0.00418826
internal_weight=1996.63 1882.49 1682.81 912.458 457.609 770.355 285.855 409.747 171.754 454.85 160.419 34.5925 10.013 364.733 124.864 66.4459 58.4178 8.60339 49.8144 50.9441 46.3207 42.4213 11.3347 251.262 199.682 73.2799 126.402 67.0841 396.548 197.438
internal_count=12000 10915 10066 5846 3142 4220 2092 2118 1050 2704 988 239 67 1909 646 344 302 45 257 265 239 219 62 1853 849 308 541 282 2336 1189
is_linear=0
shrinkage=0.05


Tree=13
num_leaves=31
num_cat=0
split_feature=25 22 18 17 8 23 23 16 24 0 24 3 4 9 23 4 2 12 4 4 9 0 18 19 10 4 9 3 0 8
split_gain=146.414 118.266 42.1592 24.2791 15.4163 13.1003 12.5572 10.884 7.35164 7.19925 6.46675 6.36362 6.27853 6.56618 6.19049 7.64865 6.16096 6.23691 6.03935 5.87221 5.86509 7.50664 6.02898 5.86055 6.93738 6.80106 6.73727 6.35982 6.18521 5.72595
threshold=1.0000000180025095e-35 0.41000000000000009 0.029783793087937414 0.012327267804311882 4.4500000000000011 0.41500000000000009 0.41500000000000009 0.014652335858349528 1.0000000180025095e-35 44.500000000000007 1.0000000180025095e-35 0.18187505619147004 116.45756170724471 23.500000000000004 0.015000000000000001 606.96566907976421 0.057851426901794685 0.073063662157577078 1162.0179153267984 635.83871410587437 41.000000000000007 30.500000000000004 0.010296275841826588 0.024668948564432292 254449.60027994291 446.97405734729892 27.500000000000004 0.033680296099405108 29.500000000000004 3.4500000000000006
decision_type=2 2 2 2 2 2 2 2 2 2 2 2 2 2 2 2 2 2 2 2 2 2 2 2 2 2 2 2 2 2
left_child=-1 2 3 4 10 8 7 11 9 16 -2 -4 -10 -14 15 -6 -5 -18 23 -17 21 -12 -22 26 25 -25 -15 -28 -27 -3
right_child=1 29 6 5 14 -7 -8 -9 12 -11 20 -13 13 18 -16 19 17 -19 -20 -21 22 -23 -24 24 -26 28 27 -29 -30 -31
leaf_value=-0.056409092533315802 -0.037268484673928244 0.02458036282636571 -0.00016453236588771165 0.037067943156299736 -0.045849231666727407 0.018889421827443059 0.025744383052568532 0.010349313193125587 0.036336120687398832 0.039599163625628903 0.024911911098420506 -0.02819658838957885 -0.021089881850317696 0.043244670208425637 0.0011459291095761498 0.058091371792009829 0.015515520260561614 -0.016736201435734004 -0.063124194329157127 -0.012976745432622264 0.036702885643842213 -0.024866224160447321 -0.029289659820926413 -0.0089568671099248195 0.0011941150160685217 0.10599910771017207 0.063574715232891835 -0.0043350122223026321 0.035792041155475816 0.04415666324391003
leaf_weight=109.26929596811533 94.467276081442833 49.545996025204659 274.5293702930212 5.9936548620462409 18.691943734884262 65.623929351568222 81.936508774757385 409.30476640164852 11.972270473837851 6.7177219986915579 14.699174851179125 21.857703015208244 34.066325455904007 8.3878687322139722 94.563369318842888 3.3178828954696682 16.202883407473564 200.26547475159168 3.4332448840141288 23.450886070728302 3.6182264387607566 15.623846039175985 79.617005437612534 4.5380744785070446 20.044795960187912 4.9869275838136664 3.5287309587001792 150.00781887769699 8.4574906527996045 151.78398633003235
leaf_count=1085 765 214 1622 37 122 351 387 2157 62 39 105 137 218 49 580 21 93 1293 21 152 26 112 571 27 119 29 21 901 49 635
internal_value=-0.000142333 0.00312585 -0.00121415 -0.00865607 -0.0189696 -0.00206027 0.00721653 0.0050653 -0.0049328 -0.0113976 -0.027603 -0.00223182 0.00100729 -0.000773982 -0.0061434 -0.021306 -0.0129376 -0.0143221 0.00262887 -0.00416813 -0.0195624 -0.000736125 -0.026421 0.00375787 0.0214217 0.0439691 -0.000390411 -0.00277424 0.0618339 0.0393391
internal_weight=1990.5 1881.24 1679.91 892.277 348.05 544.227 787.628 705.692 478.603 229.18 208.026 296.387 249.424 237.451 140.024 45.4607 222.462 216.468 203.385 26.7688 113.558 30.323 83.2352 199.952 38.0273 17.9825 161.924 153.537 13.4444 201.33
internal_count=12000 10915 10066 5763 2454 3309 4303 3916 2958 1462 1579 1759 1496 1434 875 295 1423 1386 1216 173 814 217 597 1195 224 105 971 922 78 849
is_linear=0
shrinkage=0.05


Tree=14
num_leaves=31
num_cat=0
split_feature=25 22 18 16 8 17 23 8 8 11 18 9 4 22 0 5 20 18 4 9 9 24 8 0 3 10 23 0 18 3
split_gain=138.048 105.925 38.2223 22.3256 15.5856 11.1099 7.58847 7.28377 7.06591 6.74895 6.2051 6.56766 6.04947 6.92543 6.11522 7.07561 7.08722 6.39942 6.33964 7.2506 6.57742 5.77358 5.7611 6.1401 7.38624 8.22735 7.79073 6.30269 15.7238 6.2596
threshold=1.0000000180025095e-35 0.41000000000000009 0.030138182758921005 0.015530580589882874 4.4500000000000011 0.016605030278032919 0.41500000000000009 4.5500000000000007 4.5500000000000007 22108.299881435869 0.010296275841826588 31.000000000000004 114.05531082463025 0.015000000000000001 33.500000000000007 149000.00000000003 4.6508462626331513 0.042034730657882304 891.59576617394339 123.50000000000001 94.500000000000014 1.0000000180025095e-35 4.4500000000000011 34.500000000000007 0.099483586725652148 62059.896848339609 0.81500000000000017 42.500000000000007 0.045922216358045768 0.079599240444457764
decision_type=2 2 2 2 2 2 2 2 2 2 2 2 2 2 2 2 2 2 2 2 2 2 2 2 2 2 2 2 2 2
left_child=-1 2 3 4 6 22 21 12 -5 -6 11 -8 13 -7 15 18 -17 -16 20 -20 -14 -2 23 24 25 -4 29 -25 -29 -27
right_child=1 -3 5 8 9 7 10 -9 -10 -11 -12 -13 14 -15 17 16 -18 -19 19 -21 -22 -23 -24 27 -26 26 -28 28 -30 -31
leaf_value=-0.056057569970006098 -0.03503148053561584 0.037099804168483387 0.078571881240215247 -0.0027160228547560513 -0.023564631785895008 0.06863649150355855 -0.012193953495832041 0.024259084903442345 0.016088304472386333 0.00089765218770582417 -0.011953860401303036 0.086603347831727073 -0.01569256777325655 -0.0091500033379330169 0.0089616600279748652 -0.021199974306639169 0.031103533819436396 0.03513437625429796 0.033811113087014788 -0.0063109803201123974 0.012704612491369208 -0.019530225280333137 0.0092218537479248752 -0.025945910125809313 -0.0078181144673747874 -0.0041636636933617783 0.080605779459028359 -0.015819271568403882 0.088939013247628346 0.033020992847438028
leaf_weight=104.57543957978487 109.44890040904284 202.76837560534477 4.560853198170661 396.696040391922 35.629342123866081 8.5006295591592771 3.0975013673305503 100.74951635301113 57.154034227132797 135.14103887975216 27.479089915752411 3.681316614151001 38.917219966650009 4.3132986426353446 80.871664747595787 45.179236188530922 7.5605519860982886 32.838808193802834 36.459599778056145 16.291776388883591 42.835800662636757 133.14151301980019 125.38918739557266 50.199679180979729 94.409536600112915 46.396465480327606 3.5982107967138282 16.836970537900928 4.5499454885721198 14.969234123826025
leaf_count=1085 897 849 27 2401 256 40 22 491 303 794 194 23 206 23 415 244 39 162 190 85 223 956 696 300 565 280 17 102 26 89
internal_value=-0.000144496 0.00296624 -0.00116115 -0.00816233 -0.0160855 0.00697801 -0.0234131 0.0125625 -0.000347965 -0.00420613 -0.00138472 0.0414591 0.00880677 0.0424528 0.0073742 0.00182 -0.013702 0.0165202 0.00790624 0.0214198 -0.000813412 -0.0265239 0.000564046 -0.00404529 0.00128958 0.0136572 0.00909976 -0.0162622 0.00646746 0.00490697
internal_weight=1984.24 1879.67 1676.9 901.469 447.619 775.428 276.848 414.518 453.85 170.77 34.2579 6.77882 313.769 12.8139 300.955 187.244 52.7398 113.71 134.504 52.7514 81.753 242.59 360.91 235.521 163.934 69.5248 64.9639 71.5866 21.3869 61.3657
internal_count=12000 10915 10066 5846 3142 4220 2092 2118 2704 1050 239 45 1627 63 1564 987 283 577 704 275 429 1853 2102 1406 978 413 386 428 128 369
is_linear=0
shrinkage=0.05


Tree=15
num_leaves=31
num_cat=1
split_feature=25 22 18 16 8 8 17 23 0 4 10 13 23 24 11 18 2 2 1 4 8 16 12 23 19 5 4 2 2 18
split_gain=130.219 94.9513 34.6534 20.7286 15.3189 9.83924 7.98351 7.00073 6.85067 7.92081 6.81291 6.55224 6.51539 6.22033 5.80605 5.89385 6.76606 6.02336 6.12513 5.76622 5.73052 5.82952 6.11993 5.65947 5.64096 6.81729 8.88067 5.57719 5.7482 7.35048
threshold=1.0000000180025095e-35 0.41000000000000009 0.029707947582707079 0.015530580589882874 4.4500000000000011 4.6500000000000012 0.017523665890918104 0.41500000000000009 39.500000000000007 969.8407389905102 46502.552790296824 0.22736635965950033 0.81500000000000017 1.0000000180025095e-35 22108.299881435869 0.013352219522402356 0.24203176599172216 0.1632204364208763 0 341.8581342332497 4.3500000000000005 0.0057293985628140845 0.19690851901617376 0.41500000000000009 0.020366148528208068 1.0000000180025095e-35 816.22268043011479 0.077367857526108585 0.11824129704398084 0.035488226093785595
decision_type=2 2 2 2 2 2 2 2 2 2 2 2 2 2 2 2 2 2 1 2 2 2 2 2 2 2 2 2 2 2
left_child=-1 2 3 4 13 6 11 10 9 23 19 -4 14 -2 -6 16 17 18 -16 -5 -3 -22 -23 27 -9 -26 -27 -7 -29 -30
right_child=1 20 5 7 12 8 -8 24 -10 -11 -12 -13 -14 -15 15 -17 -18 -19 -20 -21 21 22 -24 -25 25 26 -28 28 29 -31
leaf_value=-0.05572733872502264 -0.031629715897054773 0.029864286436836304 0.00096825187122312386 0.018835012584568673 -0.024848927046713608 0.049659607858220732 0.0093700058869891894 0.0032821457744380959 -0.0048447023578595313 0.050616673425699914 -0.00077375870418664675 -0.020591188040606653 0.032232992441323376 -0.016252936159328803 0.084794910414763724 -0.0068077967965378726 0.066958705836577356 -0.022062624779774147 -0.0042608643712374987 -0.038025213038036014 0.014210032539432656 0.070159575649013692 0.032314171843805646 0.053351923016329308 0.0062748274045976177 0.029497290161960704 0.12172205001942434 -0.021672467435914271 -0.044417821371265674 0.019862473254201391
leaf_weight=100.04977639764547 120.31582583487034 148.0900851637125 289.82580931484699 5.5885532349348095 34.338927432894707 9.2794111222028715 327.07622902095318 30.186811119318008 26.032216742634773 21.906333521008492 360.32678955793381 40.119969815015793 11.559028953313826 145.06979604065418 3.6490524709224763 101.38492974638939 5.9839025288820258 9.2650642246007902 4.1003236770629883 22.055460691452026 10.077912539243696 28.972801670432091 16.920857205986977 9.7303543239831907 9.6348696202039736 7.0498225241899473 4.1450764834880829 12.994148775935171 4.8203995525836936 57.464686065912247
leaf_count=1085 1001 624 1693 37 251 47 1688 157 135 109 2168 236 62 1049 20 610 32 52 23 152 41 116 68 44 52 35 20 68 27 298
internal_value=-0.000146058 0.00281507 -0.00111041 -0.00798743 -0.015714 0.00641543 0.00383429 -0.000319318 0.018339 0.0235331 -0.00260898 -0.00165328 -0.00400924 -0.0232242 -0.0066486 -0.00162397 0.0212282 0.00514495 0.037674 -0.0265303 0.0350155 0.0486445 0.0562061 0.0172407 0.0170931 0.0371082 0.0636449 0.0130853 0.00857692 0.0148877
internal_weight=1978.02 1877.97 1673.9 874.654 435.667 799.25 657.022 438.987 142.228 116.195 387.971 329.946 170.281 265.386 158.722 124.383 22.9983 17.0144 7.74938 27.644 204.062 55.9716 45.8937 94.289 51.0166 20.8298 11.1949 84.5586 75.2792 62.2851
internal_count=12000 10915 10066 5721 3100 4345 3617 2621 728 593 2357 1929 1050 2050 988 737 127 95 43 189 849 225 184 484 264 107 55 440 393 325
cat_boundaries=0 1
cat_threshold=1
is_linear=0
shrinkage=0.05


Tree=16
num_leaves=31
num_cat=0
split_feature=25 22 18 17 8 23 23 24 8 19 19 2 13 11 20 2 18 16 24 8 17 6 6 10 4 4 10 14 4 3
split_gain=122.891 85.3089 31.4446 19.7398 12.7787 11.2915 9.76139 8.39814 8.85927 9.98379 9.36173 13.0821 8.74328 8.00722 6.99271 7.39109 5.91518 5.91134 5.84013 5.82012 6.04571 5.64651 9.17262 5.62335 5.58716 7.59634 9.55759 7.27995 7.09916 7.08994
threshold=1.0000000180025095e-35 0.41000000000000009 0.029850912815915492 0.012327267804311882 4.4500000000000011 0.41500000000000009 0.41500000000000009 1.0000000180025095e-35 3.1500000000000008 0.045150564109069917 0.041851097430455182 0.29115036160028068 0.22828515414262171 122616.44339227105 4.5560005851593859 0.11305459955928532 0.032088416340235036 0.027172724611298958 1.0000000180025095e-35 4.3500000000000005 0.016285825144240072 42.000000000000007 35.500000000000007 46502.552790296824 440.75359372210482 321.59297352019763 445554.82429495669 0.06198801222283163 742.37214771362528 0.1145882884546445
decision_type=2 2 2 2 2 2 2 2 2 2 2 2 2 2 2 2 2 2 2 2 2 2 2 2 2 2 2 2 2 2
left_child=-1 2 3 4 18 7 19 8 -4 10 11 12 24 14 15 -12 -7 -8 -2 20 -5 22 -21 -22 25 -10 -27 28 -26 -30
right_child=1 -3 5 6 -6 16 17 -9 9 -11 13 -13 -14 -15 -16 -17 -18 -19 -20 21 23 -23 -24 -25 27 26 -28 -29 29 -31
leaf_value=-0.055416900957732322 -0.034855097410019444 0.033118956300307971 -0.03469629203562076 -0.020093965810230298 -0.0054354475679504743 0.062432716008530537 0.020507586186025797 0.0097185226157769141 0.004031579386784682 0.019218781786918042 -0.043290186307337379 0.06792786847651687 -0.033054164876719146 0.045190929345474022 -0.044678576614074546 -0.001012857956894151 0.019103930059409951 -0.032971484167083356 -0.017546363659441813 0.0086201210106455813 -0.025664778523094095 0.061904397545174711 -0.064003998155987243 -0.0018990461067353824 -0.0089087614212923893 0.018545461512684061 0.10032722289217728 -0.0095821974951994064 0.062313714600668361 0.001038695141757988
leaf_weight=95.689921677112579 87.808237157762051 204.9415780454874 18.709429919719696 70.020481556653976 138.49904511868954 8.8262438774108869 62.224982708692551 346.34586103260517 32.474498078227043 59.64279916882515 13.830067649483679 7.3747927099466315 18.047340705990791 4.7992260158061972 22.727248817682266 40.941602617502213 73.233006507158279 5.6351927518844596 109.51588490605354 77.490515917539597 27.168707072734833 4.5271844714879981 4.6062693893909445 296.82215286791325 14.516599625349043 10.587200701236723 5.3919872939586631 89.692476093769073 11.544520601630213 7.9867462962865821
leaf_count=1085 765 849 112 512 875 41 328 1894 176 328 80 39 109 24 133 230 340 29 814 421 189 22 27 1822 77 58 29 489 61 42
internal_value=-0.000146384 0.00267293 -0.00106118 -0.00753035 -0.0170774 0.00621098 -0.00168507 0.00416671 -0.00120037 0.000645238 -0.00331232 0.00258859 5.56829e-05 -0.0174817 -0.0213628 -0.0116881 0.0237643 0.0160666 -0.0252487 -0.0041914 -0.00677124 0.00754307 0.00454534 -0.00389195 0.00352587 0.0179188 0.0461417 -0.00211005 0.0175739 0.0372571
internal_weight=1971.62 1875.93 1670.99 884.319 335.823 786.672 548.495 704.612 358.267 339.557 279.914 197.616 190.241 82.2981 77.4989 54.7717 82.0593 67.8602 197.324 480.635 394.011 86.624 82.0968 323.991 172.194 48.4537 15.9792 123.74 34.0479 19.5313
internal_count=12000 10915 10066 5804 2454 4262 3350 3881 1987 1875 1547 1080 1041 467 443 310 381 357 1579 2993 2523 470 448 2011 932 263 87 669 180 103
is_linear=0
shrinkage=0.05


Tree=17
num_leaves=31
num_cat=1
split_feature=25 22 18 17 8 23 23 24 8 19 19 2 13 11 0 7 17 20 2 24 0 14 2 16 23 16 3 12 15 4
split_gain=116.016 76.6239 28.4862 17.6093 11.1252 9.17702 8.76702 7.80221 8.19563 8.87322 8.64999 11.3527 8.10743 7.21666 6.77809 7.11329 6.94677 6.60113 6.88733 5.75225 7.79514 5.7186 5.57472 6.39361 5.56112 6.97528 6.178 7.93327 7.14957 5.41615
threshold=1.0000000180025095e-35 0.41000000000000009 0.030138182758921005 0.012327267804311882 4.4500000000000011 0.41500000000000009 0.41500000000000009 1.0000000180025095e-35 3.1500000000000008 0.045150564109069917 0.041851097430455182 0.29115036160028068 0.22828515414262171 122616.44339227105 31.500000000000004 0 0.017132310851871963 4.5560005851593859 0.11305459955928532 1.0000000180025095e-35 44.500000000000007 0.087641033832238993 0.057851426901794685 0.022232063319688352 0.41500000000000009 0.008603447520139175 0.13246836295517281 0.22175369228641104 0.047848604109561994 116.45756170724471
decision_type=2 2 2 2 2 2 2 2 2 2 2 2 2 2 2 1 2 2 2 2 2 2 2 2 2 2 2 2 2 2
left_child=-1 2 3 4 -2 7 19 8 -4 10 11 12 -10 17 15 -7 -16 18 -12 20 22 -22 -5 -24 26 -26 -3 28 -28 -21
right_child=1 24 5 6 -6 14 -8 -9 9 -11 13 -13 -14 -15 16 -17 -18 -19 -20 29 21 -23 23 -25 25 -27 27 -29 -30 -31
leaf_value=-0.055124880256710529 -0.023618240079828316 0.021238478342059903 -0.033636580322332806 0.036030274338744873 -0.0051808455463326223 0.0075549914375992663 0.015141535152487007 0.0094617882057295849 0.0035235011792546021 0.018075774481627813 -0.0421423897958694 0.062459197599630201 -0.032026232012388273 0.042077009316897548 -0.022312670428356218 0.049344346122150579 0.023119855011890955 -0.043550367149700488 -0.00096274018612255456 0.033766663708352601 0.085794373264371504 -0.0047592505263750239 -0.020417911310618229 -0.0031227415810580264 0.012189581440216242 0.070045744097896281 0.019288344505915461 -0.013852689777381312 0.057216174813685287 -0.00041750435561444346
leaf_weight=91.493046060204506 200.85834911465645 114.79640504717827 18.343362510204315 6.0384535193443289 138.05174657702446 15.596175536513329 68.380554899573326 345.33656239509583 170.42050696909428 60.227985307574272 13.504758298397062 7.6129726320505133 17.704125329852104 4.8941168636083594 13.68730606138706 29.339379906654358 21.83746325969696 22.164642035961151 40.919850841164589 12.180582314729689 3.6291310340166083 3.3555247783660889 119.40534541010857 96.7208361774683 7.3372496217489269 17.965147957205772 17.637414678931236 6.1006979346275321 42.045436382293701 237.87771043181419
leaf_count=1085 1621 477 112 37 875 74 357 1877 918 328 80 39 109 24 68 130 98 133 230 62 20 20 811 596 30 73 73 25 171 1447
internal_value=-0.000147448 0.00253672 -0.00101526 -0.00715045 -0.0161079 0.00594342 -0.00160653 0.00410805 -0.00108835 0.000680937 -0.0030982 0.00260032 0.000177969 -0.0167871 0.0219368 0.0348401 0.0056152 -0.0205485 -0.0111809 -0.0039964 -0.00971893 0.0422912 -0.0113541 -0.012678 0.0313154 0.0532685 0.0282394 0.0404564 0.0460078 0.00124764
internal_weight=1965.46 1873.97 1668.09 886.498 338.91 781.589 547.588 701.129 355.792 337.449 277.221 195.738 188.125 81.4834 80.4603 44.9356 35.5248 76.5893 54.4246 479.208 229.149 6.98466 222.165 216.126 205.882 25.3024 180.58 65.7835 59.6829 250.058
internal_count=12000 10915 10066 5846 2496 4220 3350 3850 1973 1861 1533 1066 1027 467 370 204 166 443 310 2993 1484 40 1444 1407 849 103 746 269 244 1509
cat_boundaries=0 1
cat_threshold=2
is_linear=0
shrinkage=0.05


Tree=18
num_leaves=31
num_cat=1
split_feature=25 22 18 17 8 23 23 16 24 9 0 18 3 8 12 23 4 8 0 6 16 5 16 12 11 2 8 17 4 1
split_gain=109.572 68.9226 25.8134 16.7225 11.2057 9.09626 7.87938 7.85782 5.72331 5.69652 7.07368 5.81202 5.67697 5.49071 5.44072 5.3848 7.33727 5.3432 8.23636 10.9321 7.10353 6.54415 5.33096 5.59219 5.27972 7.53356 5.27746 5.4422 5.35486 5.26111
threshold=1.0000000180025095e-35 0.41000000000000009 0.029850912815915492 0.012327267804311882 4.4500000000000011 0.41500000000000009 0.41500000000000009 0.014652335858349528 1.0000000180025095e-35 41.000000000000007 30.500000000000004 0.010296275841826588 0.18187505619147004 4.3500000000000005 0.1940296328987379 0.015000000000000001 606.96566907976421 4.2500000000000009 29.500000000000004 16.500000000000004 0.017807250340483704 149000.00000000003 0.0057293985628140845 0.19690851901617376 40763.651872254442 0.23456648162208329 4.3500000000000005 0.016285825144240072 221.53728101445805 0
decision_type=2 2 2 2 2 2 2 2 2 2 2 2 2 2 2 2 2 2 2 2 2 2 2 2 2 2 2 2 2 1
left_child=-1 2 3 4 8 7 26 12 -2 10 29 -11 -4 -3 -14 16 -6 18 20 24 -8 -19 -15 -24 25 -20 27 28 -5 -10
right_child=1 13 5 6 15 -7 17 -9 9 11 -12 -13 14 22 -16 -17 -18 21 19 -21 -22 -23 23 -25 -26 -27 -28 -29 -30 -31
leaf_value=-0.054850020284579387 -0.033412053653478206 0.024689320891201155 -0.00052766429911167104 -0.059649836788470904 -0.044170665320440616 0.02121431057538092 0.017139310063682613 0.0082224454979662829 0.066011598506219904 0.039747883380648386 -0.021444137017796256 -0.025992917334914441 -0.0091858048710912171 0.010258745851378233 -0.062363931495979075 0.0018383632704057483 -0.0025470897018472962 0.013756850955324019 -0.00016904473637661076 0.095309107308511276 -0.038698506754239956 0.074997025000661327 0.063761905830057128 0.027558319527071207 -0.016993516748250472 0.078893302249108802 0.0073497900832828165 -0.0035619255753556972 -0.014260431743310559 0.0037370464413531059
leaf_weight=87.455964498221874 84.080876633524895 150.69346456229687 275.32922120392323 7.2667108327150336 17.771893784403801 83.234628841280937 9.6711652725935 410.2737041413784 5.5681608170270938 3.5217698812484732 14.600622683763502 74.105074688792229 14.174544438719751 10.146289333701132 7.2802286744117728 93.663205504417419 26.190450221300125 11.336658120155336 7.4166371375322395 4.5599495321512213 13.856790050864218 7.0909507870674124 28.735183119773865 16.963051468133926 9.8591843247413617 5.0745460242033005 86.717077881097794 322.49480317533016 61.425573065876961 8.6760894954204542
leaf_count=1085 765 624 1622 55 122 381 55 2122 41 26 112 571 91 41 46 580 173 56 39 23 73 33 116 68 52 26 470 2011 457 64
internal_value=-0.000147232 0.00240867 -0.000970305 -0.00688669 -0.015809 0.00557985 -0.00153141 0.00373936 -0.0236609 -0.0159604 0.00301226 -0.0230104 -0.00245805 0.0296521 -0.0272307 -0.00493745 -0.0193735 0.0142804 0.00586215 0.0247547 -0.0157464 0.0373221 0.043044 0.0503232 0.0103601 0.0319501 -0.00380989 -0.00628373 -0.019062 0.0280805
internal_weight=1959.23 1871.78 1665.24 874.948 328.178 790.292 546.77 707.058 190.553 106.472 28.8449 77.6268 296.784 206.538 21.4548 137.626 43.9623 68.8659 50.4383 26.9103 23.528 18.4276 55.8445 45.6982 22.3504 12.4912 477.904 391.187 68.6923 14.2443
internal_count=12000 10915 10066 5804 2454 4262 3350 3881 1579 814 217 597 1759 849 137 875 295 357 268 140 128 89 225 184 117 65 2993 2523 512 105
cat_boundaries=0 1
cat_threshold=1
is_linear=0
shrinkage=0.05


Tree=19
num_leaves=31
num_cat=0
split_feature=25 22 18 17 8 23 8 12 4 24 9 13 0 24 9 0 18 8 17 12 23 14 0 0 20 3 10 0 2 16
split_gain=103.523 62.0815 23.4062 15.1532 10.4653 9.3204 8.01519 6.35728 6.07266 5.99887 5.8509 5.72783 6.71354 5.47029 5.26875 6.33897 5.28051 5.08599 5.16475 5.62655 6.24364 5.12984 5.21655 5.22997 5.08105 6.99868 5.38048 6.00964 5.70702 5.26479
threshold=1.0000000180025095e-35 0.41000000000000009 0.029707947582707079 0.012327267804311882 4.4500000000000011 0.41500000000000009 4.6500000000000012 0.24304012947557899 1126.1350716132135 1.0000000180025095e-35 1.5000000000000002 0.08050592652636987 24.500000000000004 1.0000000180025095e-35 41.000000000000007 30.500000000000004 0.010296275841826588 4.3500000000000005 0.022128702320006934 0.09344304902663543 0.41500000000000009 0.080302668912523273 38.500000000000007 25.500000000000004 4.3630376081072981 0.07641770701575297 296169.82364213426 22.500000000000004 0.074815060548209716 0.0042863578382014737
decision_type=2 2 2 2 2 2 2 2 2 2 2 2 2 2 2 2 2 2 2 2 2 2 2 2 2 2 2 2 2 2
left_child=-1 2 3 4 13 9 7 -4 -8 10 -5 12 -12 -2 15 -15 -16 18 19 -3 -21 -19 23 -23 25 -6 27 -26 -28 -27
right_child=1 17 6 5 24 -7 8 -9 -10 -11 11 -13 -14 14 16 -17 -18 21 -20 20 -22 22 -24 -25 26 29 28 -29 -30 -31
leaf_value=-0.0545911601472477 -0.032570370746410962 -0.0071946224438512417 0.0039386166218772231 0.050192357952490808 0.0044017215631129616 0.016011634411964536 0.013700846387032062 -0.019253232547186146 0.064829738297364298 0.0013850836028328048 -0.016667095771559299 -0.013561442320690795 0.04446090479911155 0.026147770756625072 0.036739887600589959 -0.020685628301002987 -0.025156435509920524 0.054280275286186522 0.038117650316546778 0.017846873208343744 0.057903119056693722 0.0083930068623264738 -0.018219453054430658 0.061827628183309946 -0.024120487660370366 -0.0096455115951908088 0.052689058818251769 0.049207616898970144 -0.0077507575264723272 -0.045079573319394696
leaf_weight=83.575176671147346 81.994651459157467 18.932613924145699 630.9836478382349 3.9651408046483985 30.557092189788818 66.554400861263275 138.65250150859356 31.00061123073101 6.0613407194614402 244.99252676963806 8.4390334039926547 197.68272325396538 9.6028692498803121 14.516453579068186 3.6170292794704428 14.384801611304281 72.775101333856583 31.598808780312538 42.586511939764023 78.683630436658859 11.100799262523649 8.6782040596008354 5.6846078783273688 9.6950286477804166 3.6862473487853995 21.331950843334198 4.2753652185201636 11.545500054955481 45.176794469356537 20.611820727586746
leaf_count=1085 765 79 3435 24 208 343 700 182 28 1483 50 1311 56 105 26 112 571 128 173 327 45 35 23 39 21 144 25 60 264 153
internal_value=-0.000146776 0.00228731 -0.000927673 -0.00668816 -0.0152018 -0.00148816 0.0051828 0.00285255 0.0158424 -0.00399458 -0.00999384 -0.0111001 0.0158685 -0.022887 -0.0153463 0.00283774 -0.0222258 0.0281116 0.0233578 0.017576 0.0227994 0.0410351 0.0236383 0.0365889 -0.00470973 -0.0137988 0.00547776 0.0314614 -0.00252546 -0.0270584
internal_weight=1952.94 1869.37 1662.41 855.71 324.473 531.237 806.698 661.984 144.714 464.682 219.69 215.725 18.0419 187.288 105.293 28.9013 76.3921 206.96 151.304 108.717 89.7844 55.6566 24.0578 18.3732 137.185 72.5009 64.6839 15.2317 49.4522 41.9438
internal_count=12000 10915 10066 5721 2454 3267 4345 3617 728 2924 1441 1417 106 1579 814 217 597 849 624 451 372 225 97 74 875 505 370 81 289 297
is_linear=0
shrinkage=0.05


Tree=20
num_leaves=31
num_cat=0
split_feature=25 22 16 8 8 18 18 20 4 12 24 4 2 14 16 2 2 6 20 23 3 15 18 2 2 0 8 9 0 23
split_gain=97.8427 55.9711 21.9906 12.8182 11.1857 11.1565 8.27415 9.01823 6.92298 5.78868 7.7911 8.00422 9.38346 7.53038 7.02069 5.82681 5.80617 8.21708 7.51453 9.55205 7.70567 6.28435 5.78096 5.68399 5.53102 6.12316 5.80226 5.51818 6.84982 5.3278
threshold=1.0000000180025095e-35 0.41000000000000009 0.016046206324054766 4.4500000000000011 4.5500000000000007 0.027317529002241988 0.022922229649736257 4.6781477005728016 1162.0179153267984 0.10881814221474924 1.0000000180025095e-35 1024.3502131705193 0.2063073180374517 0.11851146721436141 0.024402463758909799 0.057851426901794685 0.23620573603834422 1.0000000180025095e-35 4.5853760917360082 0.015000000000000001 0.1145882884546445 0.081457260957555261 0.01041580762287893 0.24767710165620957 0.29006322488967301 34.500000000000007 3.7500000000000004 168.50000000000003 17.500000000000004 0.41500000000000009
decision_type=2 2 2 2 2 2 2 2 2 2 2 2 2 2 2 2 2 2 2 2 2 2 2 2 2 2 2 2 2 2
left_child=-1 2 3 5 6 -2 7 22 9 15 11 13 -13 -11 -15 -8 17 -12 19 -18 -20 -19 24 27 25 26 -4 28 -17 -5
right_child=1 -3 4 29 -6 -7 8 -9 -10 10 16 12 -14 14 -16 23 18 21 20 -21 -22 -23 -24 -25 -26 -27 -28 -29 -30 -31
leaf_value=-0.054347238442064918 -0.019511117010428427 0.026675319717392915 0.036246528078153838 -0.00075928948807732217 0.016960978651724197 -0.0046995584574380739 -0.043828162041037219 0.059566181615103055 -0.037815601216756776 -0.020579639788129475 0.014320959972932944 0.055982294638525811 -0.0062353728793357634 -0.014062852502049512 0.022513051762780338 0.046968996239325246 0.10308576352262229 0.0067189525168050226 -0.037287412871635991 0.026907081009770885 0.036300315853805158 -0.040000957058483645 -0.011465508699806061 -0.0041430860433087496 0.062710196833599255 -0.016399022495086422 -0.00053062990439079632 0.072049365860353737 0.013678036015348609 0.021568326905468973
leaf_weight=79.846947826445103 238.12728713452816 207.19498018920422 17.045636147260666 264.83530440926552 152.78566125035286 272.76229155808687 4.0694564282894126 5.2863730341196051 8.7633746415376645 72.247756570577621 75.412411585450172 10.807927787303926 13.794863864779471 26.124106839299202 26.356396988034248 18.556870624423027 5.8352336585521725 14.133245378732683 6.7008020132780057 13.958563625812529 7.5835735648870468 14.667638555169104 175.22017161548138 26.287249997258186 3.9263308048248282 28.474108502268791 28.920455351471901 5.1795756965875617 92.328480184078217 29.715855985879898
leaf_count=1085 1951 849 103 1580 749 1677 21 32 48 402 397 56 74 148 135 96 30 75 36 70 39 78 1094 143 23 171 170 32 485 151
internal_value=-0.00014567 0.00217227 -0.000886281 -0.00681386 0.0047012 -0.0116033 0.00203172 -0.00506938 0.00618315 0.00707149 0.00295161 -0.00496757 0.0210966 -0.0101088 0.00430605 0.0151643 0.011503 0.00564438 0.029419 0.0493646 0.0017803 -0.0170744 -0.0064168 0.0168508 0.00487163 0.00182095 0.0131075 0.0216056 0.0192493 0.00149324
internal_weight=1946.95 1867.1 1659.91 805.441 854.466 510.89 701.681 258.873 442.808 434.044 287.623 149.331 24.6028 124.728 52.4805 146.422 138.291 104.213 34.0782 19.7938 14.2844 28.8009 253.587 142.352 78.3665 74.4402 45.9661 116.065 110.885 294.551
internal_count=12000 10915 10066 5359 4707 3628 3958 1593 2365 2317 1540 815 130 685 283 777 725 550 175 100 75 153 1561 756 467 444 273 613 581 1731
is_linear=0
shrinkage=0.05


Tree=21
num_leaves=31
num_cat=0
split_feature=25 22 16 18 8 8 4 18 20 5 4 4 24 12 0 8 4 9 4 4 24 17 2 2 20 23 6 15 24 23
split_gain=92.4998 50.4068 19.8836 11.9439 10.0012 8.69574 7.56904 7.71815 8.23764 11.6553 7.87733 6.40404 6.30442 6.27863 7.36896 5.99927 5.70225 6.15691 5.6223 6.46287 5.45456 8.75688 6.86854 11.188 6.22585 7.49679 5.33048 6.11042 5.28933 5.27554
threshold=1.0000000180025095e-35 0.41000000000000009 0.016046206324054766 0.029850912815915492 4.5500000000000007 4.4500000000000011 1144.4485727749516 0.025491442057356085 4.6781477005728016 1.0000000180025095e-35 116.45756170724471 1126.1350716132135 1.0000000180025095e-35 0.10881814221474924 41.500000000000007 3.9500000000000006 1126.1350716132135 151.50000000000003 221.53728101445805 245.48754376210778 1.0000000180025095e-35 0.023929461972137408 0.23620573603834422 0.11174689441490163 4.5853760917360082 0.015000000000000001 1.0000000180025095e-35 0.081457260957555261 1.0000000180025095e-35 0.025000000000000005
decision_type=2 2 2 2 2 2 2 2 2 2 2 2 2 2 2 2 2 2 2 2 2 2 2 2 2 2 2 2 2 2
left_child=-1 2 3 5 6 12 7 8 10 -10 15 13 -2 14 -9 -4 -5 -18 -14 -20 21 29 23 -22 25 -24 -25 -28 -11 -15
right_child=1 -3 4 16 -6 -7 -8 11 9 28 -12 -13 18 20 -16 -17 17 -19 19 -21 22 -23 24 26 -26 -27 27 -29 -30 -31
leaf_value=-0.054117283624129625 -0.026384057293064346 0.025284866607094472 0.060854560854573594 -0.0011064260460232585 0.015997144188477249 -0.0032449086420644176 -0.029654800127039218 0.020761871368522516 -0.023767623546527315 0.034596575688685481 -0.0066437940773099585 0.061674758826686285 -0.038325631774558867 -0.026918260126910138 -0.012642733939187174 -0.011147741167780103 0.010759362695235152 0.085537308218906413 0.068376268530304887 -0.0090154506434507627 0.026676218791444401 0.0072447688563687402 0.093417887426065757 0.00014215730258161408 0.0011454088027428786 0.026171869296968155 -0.0039087303609596303 -0.0612223745990116 0.11650680950682663 0.0089743783586248762
leaf_weight=76.267341114580631 118.06985338032246 207.64726695418358 7.7864318639039976 354.9907800257206 153.86291106045246 168.17023206502199 18.478445127606392 109.03985121846199 5.0063395947217924 4.1234596520662308 278.18847055733204 5.3823457062244406 16.539190448820591 46.716026112437248 19.455155089497566 4.6032977253198624 9.7248548418283445 3.8394668698310843 2.7558949664235106 127.5098559781909 31.451361298561096 67.23147614300251 6.1095439940691056 38.641500741243362 11.4677767008543 12.886653035879133 9.3435936719179171 9.2585989534854871 3.7754629105329514 13.110695853829382
leaf_count=1085 1069 849 42 2052 749 1050 107 563 30 26 1722 28 126 274 99 26 55 20 22 965 161 345 30 200 59 63 49 50 20 64
internal_value=-0.000145269 0.00206167 -0.000847641 -0.00650645 0.00445205 -0.012137 0.00192182 0.0027754 -0.00317041 0.0359184 -0.00490644 0.00752278 -0.0177826 0.00674494 0.0157042 0.0341027 0.000109291 0.0319257 -0.0108647 -0.00737816 0.00206934 -0.00513762 0.00975407 0.00271877 0.0302372 0.0477995 -0.0104442 -0.0324346 0.0737474 -0.0190526
internal_weight=1941.43 1865.17 1657.52 801.6 855.919 433.045 702.056 683.578 303.483 12.9053 290.578 380.095 264.875 374.712 128.495 12.3897 368.555 13.5643 146.805 130.266 246.217 127.058 119.159 88.6951 30.464 18.9962 57.2437 18.6022 7.89892 59.8267
internal_count=12000 10915 10066 5359 4707 3232 3958 3851 1866 76 1790 1985 2182 1957 662 68 2127 75 1113 987 1295 683 612 460 152 93 299 99 46 338
is_linear=0
shrinkage=0.05


Tree=22
num_leaves=31
num_cat=0
split_feature=25 22 16 23 18 8 0 3 8 5 18 20 10 3 2 6 23 0 9 6 18 18 3 12 9 3 12 23 9 4
split_gain=87.4759 45.4172 18.2116 11.857 10.2709 10.0892 9.0119 11.0259 8.28227 7.52517 6.73926 7.2821 5.91628 7.83003 6.14905 5.23325 5.52767 12.6534 7.66493 5.40885 7.23949 5.19688 5.1813 5.14301 4.99855 4.97239 6.28227 5.60038 5.64112 5.97806
threshold=1.0000000180025095e-35 0.41000000000000009 0.014652335858349528 0.41500000000000009 0.030138182758921005 4.5500000000000007 24.500000000000004 0.10742624678074213 4.4500000000000011 349000.00000000006 0.022922229649736257 4.6781477005728016 445554.82429495669 0.057519742718084611 0.18603814611676786 37.500000000000007 0.025000000000000005 41.500000000000007 168.50000000000003 10.500000000000002 0.043915944756838667 0.01041580762287893 0.18187505619147004 0.1940296328987379 11.500000000000002 0.13246836295517281 0.22175369228641104 0.025000000000000005 95.500000000000014 709.21610582530604
decision_type=2 2 2 2 2 2 2 2 2 2 2 2 2 2 2 2 2 2 2 2 2 2 2 2 2 2 2 2 2 2
left_child=-1 2 3 4 8 10 9 -8 24 12 11 21 13 -5 -15 16 18 -18 -12 20 -19 -4 -6 -24 -2 27 -27 -3 29 -29
right_child=1 25 5 6 22 -7 7 -9 -10 -11 15 -13 -14 14 -16 -17 17 19 -20 -21 -22 -23 23 -25 -26 26 -28 28 -30 -31
leaf_value=-0.053900391472623002 -0.00042714078707189258 0.0091850551088221988 0.0048954130398213141 0.07175787609026632 -0.00027116654506352311 0.014662158601347034 0.013758582134317182 -0.039894149010061955 -0.0056104375699526643 0.072747819269912348 0.0004692937638994273 0.051732298245447929 0.057965887608831416 -0.045810058520201674 0.02090666016674592 -0.012749317131911495 0.018778387963190146 -0.041329460409147561 0.054280315147011426 0.031804059156924809 0.034857648858867676 -0.010329157339709651 -0.008809794891907835 -0.061613291329148313 -0.024211123469019338 0.038544961560525608 -0.013180197269507447 0.064595155847612121 0.015074840358648495 0.015551805694599572
leaf_weight=72.83228226006031 25.186001665890217 75.366489857435226 78.330146357417107 3.2662059068679872 270.81320951879025 173.42216157913208 31.196848340332508 13.816694818437098 143.02419699728489 8.3654512763023359 259.18570539355278 5.5727780014276496 6.557696856558322 7.3123300671577436 6.5447920635342598 38.71927672624588 152.31398901343346 18.569182798266418 6.7910732179880133 4.4553241431713095 3.747296914458274 197.08194556832314 14.099999129772188 6.8524984121322623 179.76558642834425 69.494292810559273 6.4118073284625998 16.986468225717548 29.955710172653198 9.7973888814449293
leaf_count=1085 217 310 467 20 1592 842 185 88 915 45 1417 32 37 47 38 211 786 97 41 23 18 1251 91 45 1561 282 26 69 122 40
internal_value=-0.000144667 0.00195686 -0.000810846 -0.00681142 -0.0090433 0.00377375 0.0117173 -0.00270987 -0.0148445 0.0319823 0.00130464 -0.00485414 0.0175816 0.00211568 -0.0142994 0.00488172 0.00641557 0.0132064 0.00184323 -0.0184946 -0.0285364 -0.00599913 -0.00212451 -0.0260791 -0.0212884 0.0239773 0.0341757 0.0181175 0.0299824 0.0466554
internal_weight=1935.83 1863 1654.99 716.802 639.741 938.189 77.06 45.0135 347.976 32.0465 764.767 280.985 23.681 17.1233 13.8571 483.782 445.063 179.086 265.977 26.7718 22.3165 275.412 291.766 20.9525 204.952 208.012 75.9061 132.106 56.7396 26.7839
internal_count=12000 10915 10066 4881 4421 5185 460 273 2693 187 4343 1750 142 105 85 2593 2382 924 1458 138 115 1718 1728 136 1778 849 308 541 231 109
is_linear=0
shrinkage=0.05


Tree=23
num_leaves=31
num_cat=1
split_feature=25 22 18 17 23 19 17 16 8 3 13 1 5 18 2 2 4 20 16 6 12 10 8 24 2 8 10 24 16 12
split_gain=82.7503 40.9697 16.6062 10.978 10.2048 9.59634 6.90653 6.50852 6.09997 5.70446 5.28923 5.28504 5.32593 5.45875 5.98231 5.84415 5.25786 5.68763 5.3292 5.38507 6.26237 7.20623 5.2484 4.98846 6.41685 4.91018 5.00936 6.28886 6.84762 5.87965
threshold=1.0000000180025095e-35 0.41000000000000009 0.027129156783076216 0.012233851788293996 0.41500000000000009 0.0097803612937995537 0.017383612839079399 0.0084857773398316939 4.4500000000000011 0.072193744419437184 0.10211184379638456 0 149000.00000000003 0.0089066979511806532 0.18603814611676786 0.17262221158991101 125.26509445568747 3.4056412814522914 0.022232063319688352 5.5000000000000009 0.21607477604346217 127465.74358500629 4.4500000000000011 1.0000000180025095e-35 0.053041780865135453 4.3500000000000005 540117.6033509624 1.0000000180025095e-35 0.025872302514872523 0.21630067235249856
decision_type=2 2 2 2 2 2 2 2 2 2 2 1 2 2 2 2 2 2 2 2 2 2 2 2 2 2 2 2 2 2
left_child=-1 2 3 5 16 7 22 -2 -7 10 -10 -9 13 15 -15 -13 -5 -18 23 -20 21 -21 -4 24 -19 26 27 28 -3 -29
right_child=1 25 6 4 -6 8 -8 11 9 -11 -12 12 -14 14 -16 -17 17 18 19 20 -22 -23 -24 -25 -26 -27 -28 29 -30 -31
leaf_value=-0.053695724300651664 -0.027352942010214532 0.0070904444801808287 -0.004177003839650628 0.016762564615477853 0.016824380158078366 -0.025095341447402771 0.0085829580743876661 -0.013657199639716514 0.055900681016372689 -0.018287497975235167 -0.00077413526522617339 0.029867744018791706 0.065201797395994909 -0.0053620194065826556 0.071776574604522858 -0.044560422691001245 -0.033751184700823347 0.055157520190462578 -0.0034473782476896961 -0.031264738132207794 -0.017421308485484236 0.034333360650519319 0.0076529418271439123 -0.0027092801450844762 -0.019387663508030568 0.0355728428698786 -0.0034710805724653127 0.02820953969361182 0.054168044430027068 0.07538751216344608
leaf_weight=69.537599980831146 11.307039603590963 66.574241921305656 293.5483625754714 27.802538454532623 65.713210955262184 132.95236346870661 424.9029283374548 10.985773608088493 4.650916948914527 63.407987348735332 35.84214985370636 4.8643291443586403 6.9537260159850112 4.2327241301536542 6.1877495050430298 5.7612309530377388 17.313437357544899 2.9698961228132239 113.23562499880791 4.7949475347995749 10.634582594037054 33.00103522837162 137.75386250019073 130.52980793267488 103.22826631367207 55.030382290482521 22.784049779176712 47.348891660571098 8.7379551082849485 7.674511805176734
leaf_count=1085 94 272 1798 163 339 1200 2129 70 30 424 231 33 44 27 37 40 127 19 674 30 63 195 741 826 732 225 94 192 35 31
internal_value=-0.00014346 0.00185785 -0.000775249 -0.00597229 -0.00156399 -0.01379 0.0040586 0.00604628 -0.0180019 -0.00892513 0.00573537 0.0157331 0.0272645 0.0147298 0.0404434 -0.0104876 -0.00428852 -0.00569642 -0.00447721 0.00252056 0.0164742 0.0260113 -0.000398631 -0.00925613 -0.017303 0.022763 0.0181592 0.0219404 0.0125525 0.0347898
internal_weight=1930.26 1860.72 1652.57 796.369 509.223 287.146 856.205 50.2926 236.853 103.901 40.4931 38.9855 27.9998 21.046 10.4205 10.6256 443.51 415.708 398.394 161.666 48.4306 37.796 431.302 236.728 106.198 208.15 153.12 130.336 75.3122 55.0234
internal_count=12000 10915 10066 5398 3168 2230 4668 345 1885 685 261 251 181 137 64 73 2829 2666 2539 962 288 225 2539 1577 751 849 624 530 307 223
cat_boundaries=0 1
cat_threshold=4
is_linear=0
shrinkage=0.05


Tree=24
num_leaves=31
num_cat=0
split_feature=25 22 16 8 23 18 2 8 0 2 16 8 4 5 3 3 23 4 11 18 20 5 12 20 4 24 4 2 8 16
split_gain=78.3022 36.9946 15.1046 9.5071 9.45182 9.10713 8.73619 7.9767 7.50698 8.38645 8.9952 6.82454 6.52457 6.4291 7.15253 5.83171 5.68346 5.44338 9.53898 5.87383 7.39321 9.61569 6.23961 5.2634 4.95319 4.73226 5.31157 4.728 4.50817 4.96372
threshold=1.0000000180025095e-35 0.41000000000000009 0.015233788090992543 4.5500000000000007 0.41500000000000009 0.030138182758921005 0.075612885365147126 4.4500000000000011 24.500000000000004 0.10732930375386941 0.0072445886101017327 4.5500000000000007 1144.4485727749516 349000.00000000006 0.057519742718084611 0.069877725203718932 0.81500000000000017 118.78617230050939 8399.0450643318563 0.025491442057356085 4.6781477005728016 1.0000000180025095e-35 0.24639396456256923 4.626482744613468 1126.1350716132135 1.0000000180025095e-35 214.52421112849933 0.16213048428371993 4.3500000000000005 0.0057293985628140845
decision_type=2 2 2 2 2 2 2 2 2 2 2 2 2 2 2 2 2 2 2 2 2 2 2 2 2 2 2 2 2 2
left_child=-1 2 4 12 5 7 -6 25 11 16 -11 13 17 14 -8 -12 -10 18 -4 20 -19 -22 24 -20 -21 -2 -27 -25 -3 -30
right_child=1 28 3 -5 6 -7 8 -9 9 10 15 -13 -14 -15 -16 -17 -18 19 23 22 21 -23 -24 27 -26 26 -28 -29 29 -31
leaf_value=-0.053502511878316741 -0.028670597074813182 0.017230075208297242 0.077246626836022236 0.014378832487274288 -0.033671326291282687 -0.0016563563950836076 0.060226039112521203 -0.004753409884277509 0.0083846212056423799 -0.04544839503537168 0.033343209532217193 0.072546282109889657 -0.02771244425509984 0.066074849037060263 -0.018797646469734561 -0.019156453232310144 0.088997359814984731 -0.0060022495853968632 -0.0059586041557736372 0.0052212720306800929 -0.022289773347601179 0.067512577566218382 -0.03460852116187732 -0.0076162935882254593 0.051978890799140726 -0.045368622601986638 -0.0097236066941695041 0.057793454166580639 0.0024396797796811627 0.041127408677935767
leaf_weight=66.379046197980642 88.163082398474216 153.29903472959995 6.142980068922042 165.673215508461 9.9747060239315015 299.23347173631191 3.9155285134911599 150.02333832532167 4.6819316819310171 11.145644813776014 11.866472855210306 8.82365535199642 19.088125631213188 5.4541039988398543 10.656537763774393 9.5438719838857633 4.1022364273667336 289.13348726928234 20.747583657503128 375.6411416977644 4.8323970735073072 7.7800119817256927 9.7361771017312986 4.2045543938875189 5.7506739199161521 11.615965977311133 104.22473531961441 8.0561843216419202 10.183054953813551 44.618971705436707
leaf_count=1085 878 624 32 794 57 1774 24 958 28 75 66 43 113 29 73 58 22 1815 110 1967 29 43 55 23 29 96 836 39 41 184
internal_value=-0.000141974 0.00176407 -0.00074116 0.00353741 -0.0060894 -0.00807777 0.0101138 -0.0135053 0.0163361 0.00267615 -0.00902175 0.0359101 0.00114611 0.019768 0.0024361 0.00994097 0.046031 0.00189862 0.0200369 0.000873706 -0.00436763 0.0331051 0.00491727 0.0093899 0.00592629 -0.0199414 -0.0132979 0.0353626 0.0216302 0.0339386
internal_weight=1924.69 1858.31 1650.21 916.787 733.425 653.261 80.1647 354.027 70.19 41.3402 32.556 28.8498 751.113 20.0262 14.5721 21.4103 8.78417 732.025 39.1513 692.874 301.746 12.6124 391.128 33.0083 381.392 204.004 115.841 12.2607 208.101 54.802
internal_count=12000 10915 10066 5049 5017 4542 475 2768 418 249 199 169 4255 126 97 124 50 4142 204 3938 1887 72 2051 172 1996 1810 932 62 849 225
is_linear=0
shrinkage=0.05


Tree=25
num_leaves=31
num_cat=0
split_feature=25 22 18 17 23 19 24 8 19 19 13 2 2 23 0 11 16 2 3 14 17 4 20 2 6 8 3 0 19 17
split_gain=74.1121 33.4076 13.7458 9.43058 8.81266 8.74944 6.48337 7.7066 6.56576 7.26144 7.43249 6.15237 5.89801 6.84935 9.7878 9.23816 5.86405 5.53553 9.63338 6.76493 5.455 8.39791 6.97413 6.45228 5.66515 5.36049 5.19498 5.14907 6.98491 10.154
threshold=1.0000000180025095e-35 0.41000000000000009 0.027129156783076216 0.012233851788293996 0.41500000000000009 0.0097803612937995537 1.0000000180025095e-35 3.1500000000000008 0.045150564109069917 0.041851097430455182 0.22828515414262171 0.29115036160028068 0.23456648162208329 0.41500000000000009 35.500000000000007 34549.042565012169 0.0084857773398316939 0.14289258036271099 0.055967878708602564 0.1388400255864379 0.019998926757679395 701.8619703242947 4.654046436194208 0.072108419275356925 21.500000000000004 4.4500000000000011 0.072193744419437184 24.500000000000004 0.031428513268032775 0.010461758131951234
decision_type=2 2 2 2 2 2 2 2 2 2 2 2 2 2 2 2 2 2 2 2 2 2 2 2 2 2 2 2 2 2
left_child=-1 2 3 5 -5 16 7 -4 9 10 11 12 13 20 15 -15 -2 -11 -19 -20 21 24 -23 -22 27 -7 -27 -9 -29 -30
right_child=1 -3 6 4 -6 25 -8 8 -10 17 -12 -13 -14 14 -16 -17 -18 18 19 -21 23 22 -24 -25 -26 26 -28 28 29 -31
leaf_value=-0.053320043588830746 -0.026137110911605827 0.020553957963394019 -0.027957831012016772 -0.0039535430698500575 0.015594693552810119 -0.023710129427553333 0.0080246942774679572 -0.0070268060438244953 0.015116476267054577 -0.03126899297930115 -0.027854981876805525 0.048322082419446986 -0.011897103070391626 0.093351282464975677 -0.010815112317138499 0.012076909659282565 0.015206817749170536 0.046592925390908792 -0.0054784246038581969 -0.057605875958396113 -0.025942736856564425 -0.028765483507486301 0.02661766716487822 0.022253737466375045 -0.037700178851225584 0.0055246359204566579 -0.017448055768368501 -0.02335341526247333 0.083051325861158404 0.01492056787782039
leaf_weight=63.352316245436668 10.985230036079882 208.05664962530136 24.399063482880592 441.09226820617914 66.323330126702785 128.62624081969261 428.28686211258173 15.358748376369475 68.271510004997253 30.899510249495506 18.678047046065331 7.8923472166061392 49.107500575482845 8.1363639757037181 7.9465783238410941 6.1310019195079795 39.115467324852943 7.8102638572454444 42.291180148720741 7.2980652749538413 8.0301936119794828 35.819540314376354 6.7564721107482901 51.348180949687958 5.4589657112956038 40.576504647731781 62.538533315062523 5.226030737161639 8.7791590243577975 14.503248691558836
leaf_count=1085 94 849 159 2829 339 1200 2294 88 359 181 118 38 267 37 37 28 251 42 234 44 40 214 34 259 32 261 424 36 50 77
internal_value=-0.000140563 0.00167491 -0.00070899 -0.00547177 -0.00139843 -0.0128052 0.00367001 -0.000665894 0.000975287 -0.00188552 0.00248055 0.00493878 0.00340063 0.00773064 0.0336564 0.0584259 0.00614162 -0.0142062 -0.0050209 -0.01315 0.00392373 -0.00370807 -0.0199766 0.0157358 0.0103342 -0.0169014 -0.00840814 0.0163117 0.0288852 0.0406108
internal_weight=1919.1 1855.74 1647.69 789.258 507.416 281.842 858.429 430.142 405.743 337.471 249.172 230.494 222.602 173.494 22.2139 14.2674 50.1007 88.299 57.3995 49.5892 151.281 91.9022 42.576 59.3784 49.3262 231.741 103.115 43.8672 28.5084 23.2824
internal_count=12000 10915 10066 5398 3168 2230 4668 2374 2215 1856 1355 1237 1199 932 102 65 345 501 320 278 830 531 248 299 283 1885 685 251 163 127
is_linear=0
shrinkage=0.05


Tree=26
num_leaves=31
num_cat=0
split_feature=25 22 16 8 23 2 18 8 2 0 3 9 23 4 17 2 14 4 11 12 4 0 3 18 20 5 9 12 20 4
split_gain=70.1621 30.1428 12.9135 8.38637 8.14621 7.99065 7.60952 7.08033 6.5687 7.9959 8.18162 6.52377 6.61393 5.98085 5.94367 5.78267 5.95122 4.77231 8.20185 5.04477 7.71388 7.03158 8.21171 5.3042 6.38369 8.34195 4.71545 4.58109 4.56407 4.48726
threshold=1.0000000180025095e-35 0.41000000000000009 0.015233788090992543 4.5500000000000007 0.41500000000000009 0.075612885365147126 0.030138182758921005 4.4500000000000011 0.094033417285787763 24.500000000000004 0.069877725203718932 171.50000000000003 0.80500000000000016 1144.4485727749516 0.0089631582584747092 0.18603814611676786 0.12757973569832717 118.78617230050939 8399.0450643318563 0.23420901074960607 444.30879973935072 35.500000000000007 0.074902624728247227 0.025491442057356085 4.6781477005728016 1.0000000180025095e-35 11.500000000000002 0.24430682898250919 4.626482744613468 125.26509445568747
decision_type=2 2 2 2 2 2 2 2 2 2 2 2 2 2 2 2 2 2 2 2 2 2 2 2 2 2 2 2 2 2
left_child=-1 2 4 13 6 -6 7 26 -7 11 14 12 -10 17 -11 -14 -17 18 -4 23 -21 27 -23 24 -19 -26 -2 -22 -20 -8
right_child=1 -3 3 -5 5 8 29 -9 9 10 -12 -13 15 -15 -16 16 -18 19 28 20 21 22 -24 -25 25 -27 -28 -29 -30 -31
leaf_value=-0.053147656597884799 0.0018915320238829065 0.019515431036241895 0.070648803375025271 0.013408238035730042 -0.03285129046068281 0.058618735244954548 -0.024920679237686594 -0.0043110772879380015 0.075257078748687825 -0.019838805088529199 -0.031694636889190532 0.091180937887248348 -0.022574433211757228 -0.026829659696364656 0.038632850281166364 0.0060136905601115989 0.084780755456661944 -0.0050984329444842946 -0.005744962211299073 -0.046210304770387109 -0.0016567101189530705 -0.013913418442003542 0.075574705946379619 0.0057745335161370603 -0.021343000093879169 0.062192595875206515 -0.021601463665552257 -0.049766078637995648 0.032559560028369065 -5.8908207992548565e-05
leaf_weight=60.453113541007042 24.339303754270077 208.16896037757397 6.3581626415252677 166.74304553866386 9.8371846452355367 7.7700687870383254 19.408381022512913 149.098677508533 4.4609793201088968 6.9462263956666019 16.438614569604397 3.7589758634567252 8.6979034915566462 18.805163934826851 11.610875852406023 7.2140176817774755 3.5921137034893036 259.50390185415745 20.689126163721085 13.972233504056929 14.994970217347147 4.9487697035074216 5.318783774971962 374.02721619606018 4.7614934146404257 8.0263659358024579 174.44974678009748 7.3853227198123923 12.460176303982733 279.73780716210604
leaf_count=1085 217 849 32 794 57 43 117 958 25 49 104 18 54 113 62 42 21 1642 110 84 88 29 31 1947 29 43 1593 45 62 1657
internal_value=-0.000139487 0.00158939 -0.000678602 0.00326432 -0.00565492 0.00936286 -0.00751932 -0.0125475 0.015254 0.00988178 -0.00600815 0.0299395 0.0203336 0.00101284 0.016746 0.00777146 0.032197 0.00172768 0.0186303 0.000763984 -0.0151208 -0.00181542 0.0324431 0.00190978 -0.00339895 0.0310885 -0.018725 -0.0175324 0.00865296 -0.00167192
internal_weight=1913.98 1853.52 1645.36 917.995 727.361 80.327 647.034 347.888 70.4898 62.7197 34.9957 27.724 23.965 751.252 18.5571 19.504 10.8061 732.447 39.5075 692.939 46.6201 32.6478 10.2676 646.319 272.292 12.7879 198.789 22.3803 33.1493 299.146
internal_count=12000 10915 10066 5049 5017 475 4542 2768 418 375 215 160 142 4255 111 117 63 4142 204 3938 277 193 60 3661 1714 72 1810 133 172 1774
is_linear=0
shrinkage=0.05


Tree=27
num_leaves=31
num_cat=0
split_feature=25 22 16 23 8 2 24 3 20 8 11 3 3 0 0 3 18 3 16 0 9 4 18 5 10 8 3 0 4 14
split_gain=66.4391 27.2029 11.7447 8.33033 7.07707 6.87162 6.79042 7.43746 6.93218 6.40607 10.4781 6.29289 5.99899 7.67754 5.93592 7.25328 5.69249 6.2648 5.49811 5.4648 5.95213 5.3264 5.31831 5.22119 8.33239 6.15656 6.22407 4.90247 6.73669 6.72096
threshold=1.0000000180025095e-35 0.41000000000000009 0.014652335858349528 0.41500000000000009 4.5500000000000007 0.075612885365147126 1.0000000180025095e-35 0.17612561835471538 3.8522619247920784 4.4500000000000011 25633.708110075739 0.060867706294621793 0.14145165260466014 36.500000000000007 24.500000000000004 0.1145882884546445 0.031608180839612497 0.033680296099405108 0.008477003960046069 33.500000000000007 35.500000000000007 1144.4485727749516 0.047746241888996142 349000.00000000006 231595.94555174891 4.5500000000000007 0.083222235829224708 32.500000000000007 629.67516181196515 0.11521657841453974
decision_type=2 2 2 2 2 2 2 2 2 2 2 2 2 2 2 2 2 2 2 2 2 2 2 2 2 2 2 2 2 2
left_child=-1 2 3 6 21 -5 8 16 12 11 -11 -10 13 -2 23 18 -8 -18 -16 -12 -21 -4 -13 25 -25 26 -7 29 -29 -19
right_child=1 -3 4 5 -6 14 7 -9 9 10 19 22 -14 -15 15 -17 17 27 -20 20 -22 -23 -24 24 -26 -27 -28 28 -30 -31
leaf_value=-0.052984733489907898 0.041431585860496507 0.018533409983158292 0.0015869882581622309 -0.032500284749143314 0.012019240594848192 0.044030690897756138 -0.0060463424753348961 -0.027519547117955456 -0.039953434392404369 -0.036196151437242384 -0.00847243174846961 -0.019201315332842549 -0.020557247695395003 -0.01506974869409785 -0.014246979669905797 -0.036796446289773757 0.065134463290166575 0.0064231823035920347 0.029930249836200642 -0.03324618019672488 0.026690191128912574 -0.024972465869037376 0.030056201140302448 0.014346424490208134 0.11533775718702605 0.059732287519621952 -0.02354863535009822 -0.029028545354269231 0.0091685628233223442 0.044868976737964222
leaf_weight=57.677133418619633 16.353729039430622 208.2372013926506 746.29577171057463 8.506443075835703 176.58691297471523 5.3726431950926807 175.83101817220449 27.276040479540825 39.182953707873821 23.74624689668417 53.370796099305153 101.79320529848337 13.403973087668417 9.5078628435730916 10.960999675095083 9.0526761412620527 4.6077416539192191 58.502668797969818 19.703303061425686 4.882133185863494 27.33064866065979 19.366986431181431 5.7916271090507498 3.9836689829826373 4.1912136971950531 6.4643689692020407 9.3131325095891935 19.808343037962914 27.664452403783798 14.109333857893942
leaf_count=1085 112 849 4225 51 842 34 1308 198 330 164 321 894 94 65 73 60 26 337 108 29 158 118 33 20 21 30 63 115 157 80
internal_value=-0.000138055 0.00150847 -0.000649356 -0.00555154 0.00299619 0.00990263 -0.00747471 -0.00252031 -0.0129732 -0.0159726 -0.00681017 -0.0227978 0.00658926 0.0206592 0.015127 0.00252933 -0.000251332 0.00792031 0.014139 0.00134334 0.0176063 0.000915183 -0.0165496 0.0321888 0.0661241 0.0190723 0.00117458 0.00572496 -0.00676944 0.0138936
internal_weight=1908.88 1851.2 1642.96 700.711 942.25 77.5484 623.163 327.8 295.363 256.098 109.33 146.768 39.2656 25.8616 69.042 39.717 300.524 124.693 30.6643 85.5836 32.2128 765.663 107.585 29.325 8.17488 21.1501 14.6858 120.085 47.4728 72.612
internal_count=12000 10915 10066 4881 5185 460 4421 2221 2200 1929 672 1257 271 177 409 241 2023 715 181 508 187 4343 927 168 41 127 97 689 272 417
is_linear=0
shrinkage=0.05


Tree=28
num_leaves=31
num_cat=0
split_feature=25 22 18 19 23 2 11 0 5 24 13 23 24 8 19 19 13 2 9 0 3 14 2 23 0 13 18 6 0 2
split_gain=62.927 24.5559 11.032 7.93672 9.09935 8.42746 5.94845 8.06057 7.14301 6.57769 6.19301 7.88407 5.60341 6.77356 5.71763 6.31508 6.34703 5.35944 5.3302 6.11116 5.3083 11.322 5.27939 5.44157 8.62291 7.81636 5.14375 5.10865 8.07432 5.03478
threshold=1.0000000180025095e-35 0.41000000000000009 0.027129156783076216 0.012269324070866823 0.025000000000000005 0.29286910932921029 68234.246754086169 34.500000000000007 149000.00000000003 1.0000000180025095e-35 0.11299508884104106 0.80500000000000016 1.0000000180025095e-35 3.1500000000000008 0.045150564109069917 0.041851097430455182 0.22828515414262171 0.29115036160028068 161.50000000000003 35.500000000000007 0.048054889943024141 0.087528251925395192 0.23456648162208329 0.41500000000000009 36.500000000000007 0.17024183063058032 0.027317529002241988 1.0000000180025095e-35 28.500000000000004 0.14289258036271099
decision_type=2 2 2 2 2 2 2 2 2 2 2 2 2 2 2 2 2 2 2 2 2 2 2 2 2 2 2 2 2 2
left_child=-1 2 3 5 -5 6 8 9 20 27 18 -12 13 -4 15 16 17 22 -10 -20 21 -2 23 -15 25 -25 -14 28 -8 -17
right_child=1 -3 12 4 -6 -7 7 -9 10 -11 11 -13 26 14 -16 29 -18 -19 19 -21 -22 -23 -24 24 -26 -27 -28 -29 -30 -31
leaf_value=-0.052830700702254534 0.05747880354437003 0.017604112144217039 -0.026679001772244616 -0.01443089769339259 -0.0016014425049491175 0.071203844391806811 -0.043884870007550321 -0.0115645984373931 0.049903260408410942 0.043904629980393239 -0.011115789482293713 0.067683986001692537 0.065127236311721501 0.0035910165902349558 0.013885198728315879 -0.030006052840088844 -0.026333562053948958 0.044426109860091906 0.035323383929070251 -0.058886765223477466 -0.015440800845275713 -0.035505433141209915 -0.011601909833466447 0.079481164614674402 -0.016502560747613273 0.0072524424356128856 0.0068002186332337443 0.038044924528917834 0.04136326848011404 -0.0047616801268286204
leaf_weight=55.020103547722101 7.7533486112952215 208.26733304560184 23.803143903613091 282.699821151793 270.40611716359854 4.4312823712825766 8.1040026769042033 20.393722482025623 14.177042171359064 24.243135556578636 29.022461876273155 3.5640520900487891 3.8136782795190802 151.41269432008266 68.920154795050621 30.199663922190666 18.152890741825104 8.0600028634071332 4.2203379124402991 2.9070340394973755 92.179655723273754 5.6662599444389343 48.84320767223835 9.3494198918342608 6.9242529571056357 6.2492473199963561 426.7401257455349 7.3288652896881095 4.2261555045843116 57.087086081504822
leaf_count=1085 49 849 159 2070 1786 28 58 139 94 144 206 17 21 830 359 181 118 38 34 24 638 38 267 40 32 30 2273 47 26 320
internal_value=-0.000136739 0.00143113 -0.000621609 -0.00492173 -0.00815875 0.00292349 0.00157144 0.0144104 -0.00360439 0.0264765 0.0112077 -0.0024973 0.00328714 -0.000757164 0.000765598 -0.00192326 0.00213362 0.00437224 0.0321704 -0.00310201 -0.0111635 0.0182174 0.00292312 0.00700192 0.0299321 0.0505444 0.00731686 0.00498451 -0.0146661 -0.0134958
internal_weight=1904.17 1849.15 1640.88 781.323 553.106 228.217 223.786 64.2959 159.49 43.9022 53.8909 32.5865 859.556 429.002 405.199 336.278 248.992 230.839 21.3044 7.12737 105.599 13.4196 222.779 173.936 22.5229 15.5987 430.554 19.659 12.3302 87.2868
internal_count=12000 10915 10066 5398 3856 1542 1514 414 1100 275 375 223 4668 2374 2215 1856 1355 1237 152 58 725 87 1199 932 102 70 2294 131 84 501
is_linear=0
shrinkage=0.05


Tree=29
num_leaves=31
num_cat=1
split_feature=25 22 16 8 8 18 1 4 14 9 9 16 2 13 11 8 18 2 5 16 4 23 4 2 23 3 3 12 15 23
split_gain=59.6132 22.1707 10.4734 7.43365 6.23474 5.97438 5.28065 5.7059 6.07964 5.59625 6.32141 5.04351 5.57624 6.37001 6.34593 6.34549 4.90966 7.84336 6.90075 7.32421 6.14628 5.81448 4.89647 4.7112 4.54077 6.42732 4.51176 5.84773 5.39534 4.89608
threshold=1.0000000180025095e-35 0.41000000000000009 0.014652335858349528 4.4500000000000011 4.5500000000000007 0.027317529002241988 0 951.57562622023431 0.087528251925395192 65.500000000000014 79.500000000000014 0.012599429818945967 0.085847737564437629 0.15342768565414619 119132.66961887993 4.6500000000000012 0.019316371087692387 0.057851426901794685 349000.00000000006 0.013188722518879583 288.16610367859352 0.41500000000000009 1144.4485727749516 0.089404574508358994 0.81500000000000017 0.064775389930291208 0.13246836295517281 0.22175369228641104 0.047848604109561994 0.025000000000000005
decision_type=2 2 2 2 2 2 1 2 2 2 2 2 2 2 2 2 2 2 2 2 2 2 2 2 2 2 2 2 2 2
left_child=-1 2 3 5 22 16 11 -8 9 -9 -11 12 13 15 -14 -5 18 -18 21 20 -20 -2 -4 -7 25 -23 29 28 -28 -3
right_child=1 26 4 6 -6 23 7 8 -10 10 -12 -13 14 -15 -16 -17 17 -19 19 -21 -22 24 -24 -25 -26 -27 27 -29 -30 -31
leaf_value=-0.052685038037660184 -0.02081648167871817 0.0028731813729729952 0.0015219880924216749 0.03689934287374573 0.011285094875862564 -0.020229895353674889 -0.0080718479171885821 -0.011991849364769332 -0.005553198709161598 0.11047275274159499 0.031235239513151269 -0.03264462389759025 0.0040854367083651838 0.0023620957134888512 0.072770193009376843 0.12019782666732831 0.062088651109097552 -0.027335215940369858 0.075892254930847114 0.065643278077258574 -0.013350590434719893 0.072902630031511803 -0.024119938464666771 -0.00079499993426008586 -0.025727277906775564 -0.011398195539890714 0.009268715433670081 -0.019042327154026234 0.039798750902615455 0.022298624200154618
leaf_weight=52.477787975221872 71.507512390613556 75.997778251767159 746.20143736898899 6.8287268280982989 177.42059053480625 37.214986950159073 147.22848794609308 4.7544308975338962 19.64876676350832 3.3630453944206229 10.005983315408228 6.0980289727449408 61.70511631667614 6.7889661565423003 3.5567482709884635 3.4370160400867462 2.5257950648665419 84.023671291768551 2.2466157004237202 5.6226273700594893 13.660870335996149 5.0412520095705968 19.093922726809978 192.35647134482861 4.6197249069809905 4.099827416241169 20.604888245463371 6.4569108337163916 48.612926661968231 56.592143878340721
leaf_count=1085 671 310 4225 39 842 239 891 29 119 18 57 40 366 41 19 19 25 803 20 46 128 30 118 1210 40 31 84 26 198 231
internal_value=-0.000135286 0.00135753 -0.000595017 -0.00524552 0.00284006 -0.00939931 0.00117957 -0.00362415 0.0137121 0.0345988 0.0511678 0.011231 0.0144813 0.0399382 0.00782873 0.064788 -0.0158749 -0.0247255 -0.00870228 0.0165911 -0.000746815 -0.0150888 0.000882229 -0.00394552 0.0146748 0.0350932 0.0167241 0.0264654 0.0307105 0.0111644
internal_weight=1899.79 1847.32 1639.05 696.335 942.716 422.919 273.415 185.001 37.7722 18.1235 13.369 88.4146 82.3166 17.0547 65.2619 10.2657 193.348 86.5495 106.798 21.5301 15.9075 85.2683 765.295 229.571 13.7608 9.14108 208.265 75.6747 69.2178 132.59
internal_count=12000 10915 10066 4881 5185 3243 1638 1114 223 104 75 524 484 99 385 58 1794 828 966 194 148 772 4343 1449 101 61 849 308 282 541
cat_boundaries=0 1
cat_threshold=1
is_linear=0
shrinkage=0.05


Tree=30
num_leaves=31
num_cat=0
split_feature=25 22 23 16 8 18 24 11 24 15 20 17 0 17 5 3 2 10 14 2 13 8 2 0 3 3 0 10 3 0
split_gain=56.4864 20.0384 9.88889 10.0149 5.93099 7.63521 5.52379 5.41249 5.39201 6.39776 5.23998 6.05504 8.43531 7.29734 5.35691 5.7087 5.06801 5.04148 5.02063 6.52972 4.96623 5.97028 9.08212 6.47286 5.37147 6.80042 4.88385 5.78593 6.20335 4.7661
threshold=1.0000000180025095e-35 0.41000000000000009 0.41500000000000009 0.014100820873271434 4.4500000000000011 0.046819661641871603 1.0000000180025095e-35 32514.037492053463 1.0000000180025095e-35 0.14370261712849552 4.6508462626331513 0.02362536246292081 44.500000000000007 0.022184440271954268 149000.00000000003 0.15355696049746415 0.22838240328443471 399420.2858242137 0.083809272793474637 0.28449652325240565 0.077387891037853138 4.0500000000000007 0.28747390510379528 36.500000000000007 0.18187505619147004 0.048054889943024141 15.500000000000002 419210.29662131361 0.055967878708602564 29.500000000000004
decision_type=2 2 2 2 2 2 2 2 2 2 2 2 2 2 2 2 2 2 2 2 2 2 2 2 2 2 2 2 2 2
left_child=-1 2 3 4 5 6 7 -2 10 -10 11 13 18 -5 -12 -16 -11 -18 -13 -20 29 22 24 26 25 -22 -23 28 -28 -4
right_child=1 -3 20 8 -6 -7 -8 -9 9 16 14 12 -14 -15 15 -17 17 -19 19 -21 21 23 -24 -25 -26 -27 27 -29 -30 -31
leaf_value=-0.052547234697192191 -0.0096915385567911839 0.015904038522562655 0.0075645688717586009 -0.0055513092374302846 -0.0008175071928446583 0.01615154872639998 -0.0071464125228187019 -0.028695756229098993 0.0073407013776134239 -0.028102210903325937 0.00080588101948199332 -0.0065857586232183482 0.078050096532982116 -0.029302598148836807 0.045597652034534364 -0.024497220629497274 0.048240448828006238 -0.027847255068845462 0.0085653279119010869 0.073778741486819871 0.024224562148155621 -0.011966730187794259 0.060314659954049291 -0.0035943796320161421 0.046402282468971698 -0.012984474973237282 0.081227602986635353 0.054771739396406831 0.015624810587941957 -0.043669644171235762
leaf_weight=50.046015419065952 69.422565415501595 208.06428928673267 10.603689581155779 192.33380956202745 245.18855707347393 24.4077278226614 190.9823694229126 81.391220897436142 389.18143783509731 23.316055625677109 39.89494813978672 72.16159325838089 3.7412212938070288 38.875891789793968 15.91140201687813 3.5534237027168265 5.1690336912870389 3.7611468732357025 45.2957424223423 4.1938954144716254 15.678477771580217 6.4147711172699919 6.4789404496550551 18.965086631476879 5.4854423701763144 56.640555962920189 4.0194381326436988 21.441853195428848 34.820347294211388 7.9368425607681266
leaf_count=1085 573 849 60 1126 1497 135 1408 769 2132 128 224 399 19 247 87 20 28 20 253 22 80 34 33 97 28 317 18 99 164 49
internal_value=-0.000133324 0.00128816 -0.00056923 -0.00197082 -0.00683596 -0.0108656 -0.0127949 -0.0199477 0.0015813 0.00556739 -0.00245717 -0.00474678 0.00410038 -0.00954488 0.0112976 0.0328014 -0.0158348 0.0161944 0.00182616 0.0140917 0.010204 0.0128847 0.00343684 0.0221806 -0.0012995 -0.0049177 0.0295098 0.0339234 0.0224139 -0.0143678
internal_weight=1895.38 1845.33 1637.27 1448.78 611.392 366.204 341.796 150.814 837.39 421.428 415.962 356.602 125.392 231.21 59.3598 19.4648 32.2462 8.93018 121.651 49.4896 188.485 169.945 84.2834 85.6615 77.8045 72.319 66.6964 60.2816 38.8398 18.5405
internal_count=12000 10915 10066 9087 4382 2885 2750 1342 4705 2308 2397 2066 693 1373 331 107 176 48 674 275 979 870 458 412 425 397 315 281 182 109
is_linear=0
shrinkage=0.05


Tree=31
num_leaves=31
num_cat=0
split_feature=25 22 18 19 23 2 11 0 5 0 4 20 24 13 23 24 8 19 20 19 8 9 4 4 8 2 14 22 6 11
split_gain=53.5339 18.0964 9.57135 6.81567 8.00298 6.98441 5.26181 7.06795 6.31982 5.85295 6.18089 5.68176 5.68176 5.38012 6.86052 4.71969 5.90626 4.93326 5.48805 6.61215 5.40783 5.20545 5.66353 9.40656 6.93905 5.53146 5.36645 4.67487 5.67846 7.30161
threshold=1.0000000180025095e-35 0.41000000000000009 0.027129156783076216 0.012269324070866823 0.025000000000000005 0.29286910932921029 68234.246754086169 34.500000000000007 149000.00000000003 22.500000000000004 125.26509445568747 4.6004333068636756 1.0000000180025095e-35 0.11299508884104106 0.80500000000000016 1.0000000180025095e-35 3.1500000000000008 0.045150564109069917 4.6508462626331513 0.041265621150605038 4.4500000000000011 7.5000000000000009 440.75359372210482 341.8581342332497 4.4500000000000011 0.29115036160028068 0.036072362266964746 0.015000000000000001 12.500000000000002 30546.901697994017
decision_type=2 2 2 2 2 2 2 2 2 2 2 2 2 2 2 2 2 2 2 2 2 2 2 2 2 2 2 2 2 2
left_child=-1 2 3 5 -5 6 8 9 -2 10 -8 12 -11 -10 -15 16 -4 18 19 21 -21 -18 23 26 -25 27 -23 -24 29 -29
right_child=1 -3 15 4 -6 -7 7 -9 13 11 -12 -13 -14 14 -16 -17 17 -19 -20 20 -22 22 25 24 -26 -27 -28 28 -30 -31
leaf_value=-0.05241684177680557 -0.010656884261506067 0.015112903506589526 -0.025192682213168185 -0.013544126337804259 -0.0014530329953405764 0.063320120111864983 0.070965997921259336 -0.011081603730689067 0.029620672860701039 0.027846901559118488 -0.0087209778736054133 0.017939645375229629 0.096682747632286403 -0.010700581201070342 0.061921012426306758 0.0067732967869880874 -0.038660898296532249 0.012900052279597025 0.015544718985754831 -0.022676989458623668 0.0077827968016646563 -0.040327198103661796 0.0036566610232969844 0.01991892393987162 0.094007909391144798 0.046200940285125482 0.011282493255005573 -0.030781640059172846 -0.043061739766049455 0.0078703305490742323
leaf_weight=47.720675226300955 104.52132587879896 208.00962443649769 23.160401053726673 278.22265065461397 269.3410596549511 4.6530848592519751 2.8708493933081654 20.199743710458279 21.754565820097923 5.5418907478451747 15.970322608947752 13.583261080086229 6.5299305617809296 28.826491937041283 3.6656575202941886 432.20941020548344 8.1011081859469396 69.424811407923698 40.360795274376869 65.762129664421082 18.719600632786751 5.7715797126293173 72.781572967767715 7.0142244175076467 5.7519254982471466 5.4703958332538596 39.570579886436462 19.938119530677795 13.946179576218126 31.557254999876022
leaf_count=1085 725 849 159 2070 1786 28 16 139 152 37 100 83 39 206 17 2294 52 359 196 399 97 33 411 41 28 27 211 117 76 168
internal_value=-0.000131393 0.00122226 -0.00054471 -0.00457151 -0.00759664 0.00268991 0.00142743 0.0134467 -0.00347026 0.0245816 0.00342101 0.0401221 0.0650818 0.0103768 -0.00250765 0.00308922 -0.000636913 0.00077022 -0.00174546 -0.00411598 -0.0159277 0.000637988 0.0022156 0.0153876 0.0533005 -0.00311102 0.00471312 -0.00506262 -0.0147599 -0.00709504
internal_weight=1890.95 1843.23 1635.22 775.681 547.564 228.117 223.464 64.696 158.768 44.4963 18.8412 25.6551 12.0718 54.2467 32.4921 859.54 427.331 404.17 334.745 294.385 84.4817 209.903 201.802 58.1083 12.7661 143.694 45.3422 138.223 65.4416 51.4954
internal_count=12000 10915 10066 5398 3856 1542 1514 414 1100 275 116 159 76 375 223 4668 2374 2215 1856 1660 496 1164 1112 313 69 799 244 772 361 285
is_linear=0
shrinkage=0.05


Tree=32
num_leaves=31
num_cat=0
split_feature=25 22 18 19 23 2 11 0 5 24 4 12 3 14 3 8 14 0 0 10 17 4 24 12 20 20 14 14 3 4
split_gain=50.7443 16.3454 8.6552 6.17828 7.33413 6.07474 4.71241 6.27807 5.7155 5.28103 4.99359 5.45114 4.69893 9.87301 4.56921 4.43909 4.97931 4.6211 4.73457 4.50132 5.60171 7.18026 5.92878 6.70668 5.31214 8.90711 5.63313 5.17771 4.77673 5.29238
threshold=1.0000000180025095e-35 0.41000000000000009 0.027129156783076216 0.012269324070866823 0.025000000000000005 0.29286910932921029 68234.246754086169 34.500000000000007 149000.00000000003 1.0000000180025095e-35 790.18154818432788 0.11042057815824917 0.048054889943024141 0.087528251925395192 0.030999538725619783 4.3500000000000005 0.080302668912523273 38.500000000000007 25.500000000000004 540117.6033509624 0.023968054957476056 858.36825172875444 1.0000000180025095e-35 0.21630067235249856 4.3749039454917691 3.9809948119077982 0.086565780776965598 0.070985218455911436 0.1123941438564485 891.59576617394339
decision_type=2 2 2 2 2 2 2 2 2 2 2 2 2 2 2 2 2 2 2 2 2 2 2 2 2 2 2 2 2 2
left_child=-1 2 3 5 -5 6 8 9 12 -8 -10 -12 13 -2 -6 19 -17 18 -18 20 22 -22 24 27 25 -3 -26 -24 29 -21
right_child=1 15 -4 4 14 -7 7 -9 10 -11 11 -13 -14 -15 -16 16 17 -19 -20 28 21 -23 23 -25 26 -27 -28 -29 -30 -31
leaf_value=-0.052293426386083454 0.052871668639456672 -0.017395178961382995 0.0029287748076568944 -0.012984125732864744 0.041245295474225036 0.058138383609096116 0.0037106475426490295 -0.01059944497052347 -0.0010087778500564551 0.038184430444827333 0.067216091506503733 0.010564070567212303 -0.014299053453346984 -0.034231970736933293 -0.0023773614016397169 0.040350887062763956 -0.0049385745549388191 -0.029867413370127202 0.046659887723470267 -0.055229368747714683 0.051660560565809699 -0.0073826527722303283 0.038942338456773258 0.068584561646179598 -0.041522555497740476 0.034079031222809968 0.0037898790250514465 0.00042022795449325051 0.017052895622325984 0.0079150865523589173
leaf_weight=45.49773758277297 7.978578217327593 14.847835749387739 860.3468779399991 275.77504359930754 6.1430666521191588 4.8101317659020415 19.833579458296299 20.066172324120998 36.102349802851677 25.25482152402401 6.6392809674143818 11.78019033372402 90.367126606404781 5.4930047243833542 262.96977242082357 29.851189061999321 8.4984581917524391 5.6421743780374518 9.3227375298738462 8.0325126200914401 18.05137507617474 7.2042324393987647 13.663686931133268 6.7129486054182044 13.086750000715258 19.36560882627964 14.412821874022482 24.122595012187958 9.4656490832567197 5.6541375666856757
leaf_count=1085 49 60 4668 2070 40 28 131 139 241 144 51 83 638 38 1746 128 35 23 39 33 73 29 55 27 53 78 58 97 38 23
internal_value=-0.000129657 0.00115915 -0.000521501 -0.00436059 -0.00725378 0.00254389 0.00134747 0.012666 -0.00330932 0.02302 0.00979964 0.0309842 -0.0101923 0.0173554 -0.00138158 0.0143626 0.0268038 0.00956855 0.0220539 0.0100727 0.0136528 0.0348183 0.00861996 0.0225316 -0.00141124 0.0117404 -0.0177738 0.01435 -0.0102565 -0.0291436
internal_weight=1886.99 1841.49 1633.56 773.213 544.888 228.325 223.515 65.1546 158.361 45.0884 54.5218 18.4195 103.839 13.4716 269.113 207.935 53.3146 23.4634 17.8212 154.62 131.468 25.2556 106.212 44.4992 61.713 34.2134 27.4996 37.7863 23.1523 13.6867
internal_count=12000 10915 10066 5398 3856 1542 1514 414 1100 275 375 134 725 87 1786 849 225 97 74 624 530 102 428 179 249 138 111 152 94 56
is_linear=0
shrinkage=0.05


Tree=33
num_leaves=31
num_cat=1
split_feature=25 22 23 16 8 18 24 2 23 20 24 15 13 4 13 16 0 3 9 4 19 2 10 14 9 4 1 13 8 2
split_gain=48.1114 14.8007 8.40318 8.86303 5.48854 6.53382 4.80291 5.11866 6.96968 4.738 4.61166 5.83976 4.66701 5.16997 11.0687 5.33768 7.22081 6.34822 5.09796 4.89557 4.7132 4.64262 4.54419 4.46935 4.43676 5.75429 4.42303 4.38704 5.21952 7.74387
threshold=1.0000000180025095e-35 0.41000000000000009 0.41500000000000009 0.014100820873271434 4.4500000000000011 0.046819661641871603 1.0000000180025095e-35 0.063262906114569098 0.025000000000000005 3.8522619247920784 1.0000000180025095e-35 0.14370261712849552 0.10051917202444792 341.8581342332497 0.09247512723854974 0.019062611741871176 24.500000000000004 0.14904609782872483 1.5000000000000002 915.82181904586957 0.048793205317006892 0.22838240328443471 399420.2858242137 0.093092489950148669 7.5000000000000009 446.97405734729892 0 0.077387891037853138 4.0500000000000007 0.28747390510379528
decision_type=2 2 2 2 2 2 2 2 2 2 2 2 2 2 2 2 2 2 2 2 2 2 2 2 2 2 1 2 2 2
left_child=-1 2 3 4 5 6 7 8 -2 26 12 24 13 14 -5 17 19 23 -14 -17 -20 -13 -23 -15 25 -12 -9 -4 29 -29
right_child=1 -3 27 10 -6 -7 -8 9 -10 -11 11 21 18 15 -16 16 -18 -19 20 -21 -22 22 -24 -25 -26 -27 -28 28 -30 -31
leaf_value=-0.052176575229272215 0.083282327105495504 0.013683680104164327 -0.013776697397729616 0.0080049393079455067 -0.00060595452688179256 0.014481208719602288 -0.0068669317041545113 0.045515090617194782 -0.025866768330711332 -0.023972983480856063 0.030896989810891281 -0.02722773709522144 0.051422625215516674 0.0079423162009446859 0.088256081034135722 -0.035433624575579262 0.025183406046729452 0.025964232788965265 -0.0071934916219939596 0.012701118385364163 0.023280609705244509 0.044991065604642638 -0.027142932148137677 -0.048933101585181028 0.0079807276839503911 -0.037892572432372346 -0.012527741469968807 -0.0013653673843614872 0.020555597806649856 0.054748532739375799
leaf_weight=43.373261597007513 2.8321214169263831 207.36231389641762 18.413238257169724 17.161555841565136 244.30213906615973 24.773708879947662 190.01677513122559 4.753709249198435 3.0244176760315895 126.31378898769617 4.1609333902597418 23.005567476153374 3.9281314164400092 4.7089042365551057 5.7316984981298438 11.154039949178697 31.205941244959831 5.9419465959072104 298.06778848916292 10.034476533532141 13.252150252461432 5.274117171764372 3.7255956530570984 12.96217820048332 374.99007550626993 11.285800799727438 10.602988816797732 77.756057009100914 86.335934340953827 6.6762342527508727
leaf_count=1085 26 849 109 92 1497 135 1408 38 26 1167 24 128 24 27 31 61 167 34 1762 55 64 28 20 80 2041 67 85 425 412 33
internal_value=-0.000126291 0.00110082 -0.000497572 -0.00179641 -0.00639786 -0.0103032 -0.0121222 -0.0188911 0.0269159 -0.0207847 0.00154014 0.00521582 -0.00220913 0.00726714 0.0280971 0.000993205 0.00988831 -0.018744 -0.00518206 -0.0126379 -0.00589628 -0.015317 0.0151299 -0.0337772 0.00689895 -0.0193625 0.00543958 0.00941087 0.0119111 0.00307167
internal_weight=1883.13 1839.75 1632.39 1443.21 606.62 362.318 337.544 147.527 5.85654 141.67 836.591 422.442 414.149 98.9007 22.8933 76.0075 52.3945 23.613 315.248 21.1885 311.32 32.0053 8.99971 17.6711 390.437 15.4467 15.3567 189.181 170.768 84.4323
internal_count=12000 10915 10066 9087 4382 2885 2750 1342 52 1290 4705 2308 2397 547 123 424 283 141 1850 116 1826 176 48 107 2132 91 123 979 870 458
cat_boundaries=0 1
cat_threshold=1
is_linear=0
shrinkage=0.05


Tree=34
num_leaves=31
num_cat=1
split_feature=25 22 18 17 18 1 11 23 23 12 3 12 15 14 2 8 19 2 8 15 18 3 2 24 8 19 19 13 2 3
split_gain=45.6199 13.3711 7.83564 5.62764 6.74613 5.93503 5.72058 5.37212 4.29448 6.13225 4.3586 5.68074 6.00584 4.69487 10.4967 6.95376 7.65711 5.53537 5.28224 7.8273 4.49947 4.13326 3.9792 3.91731 5.24281 4.02976 4.77989 5.08283 4.61305 8.20459
threshold=1.0000000180025095e-35 0.41000000000000009 0.027129156783076216 0.012233851788293996 0.019316371087692387 0 27719.252515463653 0.41500000000000009 0.41500000000000009 0.10704255132989383 0.13246836295517281 0.22175369228641104 0.047848604109561994 0.057623848715119143 0.22838240328443471 4.6500000000000012 0.043621345759179704 0.16471491289470536 4.3500000000000005 0.076750925510696053 0.026924900181832669 0.1941463022132944 0.057851426901794685 1.0000000180025095e-35 3.1500000000000008 0.045150564109069917 0.041851097430455182 0.22828515414262171 0.14289258036271099 0.055967878708602564
decision_type=2 2 2 2 2 1 2 2 2 2 2 2 2 2 2 2 2 2 2 2 2 2 2 2 2 2 2 2 2 2
left_child=-1 2 3 4 5 -2 -7 21 10 -10 13 12 -12 14 17 16 18 20 19 -15 -3 -5 -6 24 -4 26 27 -26 -28 -30
right_child=1 8 23 7 22 6 -8 -9 9 -11 11 -13 -14 15 -16 -17 -18 -19 -20 -21 -22 -23 -24 -25 25 -27 28 -29 29 -31
leaf_value=-0.052065917708011326 -0.018162572742648705 -0.0099216011225304428 -0.024004358149368188 -0.0023416588272318437 0.04222095967022664 -0.018683561262699305 0.0085996872941129388 0.012057250238163314 -0.0085862661867314154 0.047435675737218339 0.0011854876415713362 -0.024856495907142454 0.03585146280955475 -0.040224719581155755 -0.028317372826116984 -0.045102416252830659 -0.048148823485377114 0.064604078829667191 0.037692266301144833 0.0098351863108588934 0.046118156749763335 -0.035867442654863697 -0.021378633084521752 0.0061435482991190303 0.0038851126820823086 0.011603346256820185 -0.02798297489538415 -0.024132731716639346 0.043855482356113529 -0.011171394354293426
leaf_weight=41.343395300209522 48.86919080466032 7.5421273559331912 22.662538819015026 425.31206570565701 2.5196907818317404 24.528180629014969 88.656251437962055 67.888732805848122 6.6663170307874706 18.278129011392593 17.875439569354057 6.2068445533514014 41.50273634493351 9.3614319264888746 8.2515156418085081 8.3284439593553525 6.6596381664276114 10.388542160391806 12.30009815096855 47.074245184659958 6.8214683383703232 9.3964746445417386 102.76284215599298 434.35498206317425 231.01529231667519 70.150424405932426 29.040795691311359 17.407091781497002 7.8835728019475928 48.1310725659132
leaf_count=1085 388 31 159 2767 24 225 647 339 27 76 73 25 171 38 34 34 27 43 52 190 28 62 946 2294 1237 359 181 118 42 278
internal_value=-0.000124547 0.00104391 -0.000476583 -0.00414114 -0.0100024 -0.00360034 0.00268714 -0.00102351 0.0130063 0.032464 0.010344 0.0206578 0.0254155 0.00454905 0.0205203 -0.00174676 0.00304246 0.0368011 0.00800226 0.00153135 0.0166924 -0.00306634 -0.0198565 0.00280173 -0.0006033 0.0007106 -0.0015808 0.00192189 -0.0118111 -0.00342684
internal_weight=1879.18 1837.84 1630.58 769.933 267.336 162.054 113.184 502.597 207.257 24.9444 182.313 65.585 59.3782 116.728 33.0037 83.7239 75.3954 24.7521 68.7358 56.4357 14.3636 434.709 105.283 860.646 426.291 403.628 333.478 248.422 85.0554 56.0146
internal_count=12000 10915 10066 5398 2230 1260 872 3168 849 103 746 269 244 477 136 341 307 102 280 228 59 2829 970 4668 2374 2215 1856 1355 501 320
cat_boundaries=0 1
cat_threshold=4
is_linear=0
shrinkage=0.05


Tree=35
num_leaves=31
num_cat=0
split_feature=25 22 16 8 18 8 4 4 11 8 4 11 4 11 0 23 20 11 23 11 20 2 11 18 2 2 14 3 18 10
split_gain=43.2668 12.1083 7.25833 6.21017 4.41081 4.39392 5.24907 4.3718 6.5216 6.04782 5.4586 7.05506 4.85131 5.2033 6.09532 4.73892 4.51219 4.13163 6.04955 7.41828 4.8581 5.48525 8.37808 4.12002 5.53849 5.48573 5.10349 3.97814 7.02628 5.25503
threshold=1.0000000180025095e-35 0.41000000000000009 0.016046206324054766 4.4500000000000011 0.027317529002241988 4.5500000000000007 1162.0179153267984 114.05531082463025 7074.5216600742533 3.9500000000000006 875.71137534116838 12466.684546100101 701.8619703242947 5779.7557912964885 21.500000000000004 0.025000000000000005 4.6289811023289289 21620.798804814618 0.41500000000000009 1771.8997979421044 4.3144984116226608 0.069819852379753064 48863.240016802352 0.020501910090043127 0.063262906114569098 0.27946950106330121 0.13995409668649442 0.057519742718084611 0.009865838390241171 319396.20489714429
decision_type=2 2 2 2 2 2 2 2 2 2 2 2 2 2 2 2 2 2 2 2 2 2 2 2 2 2 2 2 2 2
left_child=-1 2 3 4 23 6 7 8 -4 16 11 12 13 14 15 -9 -10 18 19 -12 -19 22 -22 25 -25 26 -2 28 29 -13
right_child=1 -3 5 -5 -6 -7 -8 10 9 -11 17 27 -14 -15 -16 -17 -18 20 -20 -21 21 -23 -24 24 -26 -27 -28 -29 -30 -31
leaf_value=-0.051961107930687811 -1.3262981323539907e-05 0.012390999937645489 0.071848693535217986 0.0017493909571728522 -0.0032608465402877668 0.010169859029410169 -0.032656990475206135 0.0041357406882007557 0.0044411595380177953 -0.021575114106951676 -0.044346004692107303 0.086907673385917719 -0.036652243910220823 -0.023564928588482342 -0.0078428908709782617 0.077225882497005141 0.060612440748930921 -0.016722550019682803 0.062010495306073381 0.018999540729570122 0.10044785383444853 0.0038463665560523087 0.008570733476762446 0.039719520921283419 -0.023683916282492883 -0.038848464230272842 -0.039315112754107623 -0.0022002758999363943 0.0051911115285747161 0.0098269681490602678
leaf_weight=39.404375646263361 98.341791562736034 206.71159063279629 5.1051779240369823 291.07414575666189 266.01745697110891 159.87248577177525 11.40526159852743 4.45491875708103 7.8783345222473162 9.4219257980585081 5.1295756772160521 4.8926423490047437 20.371180817484856 30.490732051432133 24.528206825256348 4.4160374253988266 6.5455533266067505 25.798389509320259 7.0777812600135794 46.689596243202686 3.8406769484281522 111.1464641392231 7.0100338459014893 3.5892243310809127 85.32674777507782 12.08382974565029 9.0174154639244062 287.06918127834797 76.325979605317116 4.0345553904771805
leaf_count=1085 878 849 24 1731 1677 749 71 29 39 49 34 27 119 176 139 23 30 153 31 263 20 624 36 32 839 105 97 1627 420 24
internal_value=-0.000121298 0.000991494 -0.000455084 -0.00400001 -0.00752781 0.00268731 0.000987192 0.00154152 0.0205607 0.00958037 0.000711363 -0.0023405 -0.0154054 -0.0086309 0.00500266 0.0405206 0.0299317 0.00745293 0.0186512 0.012729 0.00299037 0.00715901 0.0410912 -0.0129755 -0.0211245 -0.00690926 -0.00331434 0.000616243 0.0101002 0.0520718
internal_weight=1875.07 1835.67 1628.96 765.451 474.376 863.505 703.632 692.227 28.951 23.8458 663.276 456.583 84.2611 63.8899 33.3992 8.87096 14.4239 206.693 58.897 51.8192 147.796 121.997 10.8507 208.359 88.916 119.443 107.359 372.322 85.2532 8.9272
internal_count=12000 10915 10066 5359 3628 4707 3958 3887 142 118 3745 2584 486 367 191 52 69 1161 328 297 833 680 56 1951 871 1080 975 2098 471 51
is_linear=0
shrinkage=0.05


Tree=36
num_leaves=31
num_cat=1
split_feature=25 22 23 24 17 20 19 8 0 9 6 14 4 0 9 4 15 2 10 3 3 15 1 6 11 8 17 3 19 9
split_gain=41.039 10.9399 7.03121 7.6407 7.09244 5.86496 6.16207 7.55915 8.18834 10.9229 5.58489 7.44434 7.11101 5.38154 6.69222 4.85338 4.80651 6.79426 5.50403 6.49593 5.20001 5.34184 4.66907 4.64939 4.55549 4.54334 4.38793 4.98292 5.83126 4.48924
threshold=1.0000000180025095e-35 0.41000000000000009 0.41500000000000009 1.0000000180025095e-35 0.02362536246292081 4.6401178432851591 0.045404652862287655 4.4500000000000011 43.500000000000007 52.500000000000007 12.500000000000002 0.033879545900856317 321.59297352019763 31.500000000000004 116.50000000000001 1144.4485727749516 0.14370261712849552 0.22617533170053256 360971.18737387675 0.11964752902706006 0.033680296099405108 0.050184471556258596 0 32.500000000000007 83349.288060992563 4.2500000000000009 0.016285825144240072 0.16002348077162248 0.044454446584312877 7.5000000000000009
decision_type=2 2 2 2 2 2 2 2 2 2 2 2 2 2 2 2 2 2 2 2 2 2 1 2 2 2 2 2 2 2
left_child=-1 2 3 4 5 6 7 24 -9 -10 11 -8 -13 22 -15 -6 20 -18 19 -19 21 -5 -7 -12 -2 -23 27 -22 -29 -28
right_child=1 -3 -4 16 15 13 10 8 9 -11 23 12 -14 14 -16 -17 17 18 -20 -21 26 25 -24 -25 -26 -27 29 28 -30 -31
leaf_value=-0.051861813597774808 -0.015169573596500381 0.011778784373321071 0.0086088727655707076 0.076501771805501911 0.0060376630662885653 0.015525279757969407 -0.031548507882536561 -0.0066350518708138857 -0.029990130548232876 0.069894863223428638 -0.0556980815352347 0.077490364807446657 0.015660158052117578 0.044921242894612079 -0.0023437692994510706 -0.050633237274379017 -0.022286591457596483 -0.0015781399150910252 -0.032271951120720996 0.069746387346746444 0.00087471830988786929 -0.005631814147340302 -0.021572796852738399 0.0076091771857663337 -0.039697206589508455 0.055520527437787043 -0.020759390842616448 -0.021401859476710295 0.035096461323971935 0.0072716989370427247
leaf_weight=37.552556805312634 242.18122932314873 206.58611385524273 189.81009759753942 4.5187223106622723 139.4313121587038 13.914891183376312 6.3328724503517142 163.37816243618727 4.1518798246979705 8.0316319763660413 5.5397227853536588 5.8565032780170467 22.575976856052876 15.219230584800245 14.744751632213591 3.8832353428006163 43.040604144334793 6.8785229772329348 4.5900716558098784 5.9568474069237709 253.0951587036252 9.4845062047243101 21.72041117399931 6.0868567824363708 20.535789549350739 4.4682086631655684 14.902053967118261 47.805984020233154 5.0493790209293357 344.0865567997098
leaf_count=1085 1925 849 979 25 770 81 41 947 24 44 33 31 127 83 95 24 270 39 29 37 1717 61 137 34 180 24 89 343 30 1847
internal_value=-0.000119371 0.000940178 -0.00043581 -0.00163012 -0.00540531 -0.00798564 -0.00988471 -0.011719 -0.00368627 0.0358562 0.00744391 0.0174764 0.0283959 0.00604536 0.021663 0.00450211 0.00188984 -0.0116222 0.0147189 0.0315233 0.00308534 0.0292534 -0.00708672 -0.0225549 -0.0170868 0.0139516 0.00235841 -0.00204129 -0.0160045 0.00610809
internal_weight=1871.41 1833.86 1627.27 1437.46 693.584 550.27 484.671 438.279 175.562 12.1835 46.3919 34.7654 28.4325 65.5993 29.964 143.315 743.877 60.466 17.4254 12.8354 683.411 18.4714 35.6353 11.6266 262.717 13.9527 664.939 305.951 52.8554 358.989
internal_count=12000 10915 10066 9087 4576 3782 3386 3120 1015 68 266 199 158 396 178 794 4511 375 105 76 4136 110 218 67 2105 85 4026 2090 373 1936
cat_boundaries=0 1
cat_threshold=1
is_linear=0
shrinkage=0.05


Tree=37
num_leaves=31
num_cat=0
split_feature=25 22 18 19 17 3 0 0 2 22 0 12 4 17 3 22 3 16 9 2 8 10 14 8 12 16 11 17 0 12
split_gain=38.9306 9.88586 6.62535 5.13515 6.31992 5.96301 4.2015 6.23686 5.48156 7.7559 6.90592 4.34153 4.44656 6.06687 4.1067 7.7337 4.81745 5.14436 5.11603 4.76833 5.19854 4.54796 4.03993 3.98941 4.77735 4.86949 4.24348 3.98115 5.51679 5.22878
threshold=1.0000000180025095e-35 0.41000000000000009 0.027129156783076216 0.0096355230206633235 0.012233851788293996 0.027765004170280966 44.500000000000007 43.500000000000007 0.11174689441490163 0.015000000000000001 20.000000000000004 0.056612936417847211 635.83871410587437 0.0088024445427538449 0.19649124668727433 0.015000000000000001 0.13596586367134031 0.0080893459743634922 179.50000000000003 0.067456903998682816 3.7500000000000004 317438.34118540928 0.087301221379414415 4.3500000000000005 0.1930765750593445 0.0057293985628140845 25633.708110075739 0.022128702320006934 34.500000000000007 0.093879967274329831
decision_type=2 2 2 2 2 2 2 2 2 2 2 2 2 2 2 2 2 2 2 2 2 2 2 2 2 2 2 2 2 2
left_child=-1 2 3 6 14 -6 7 8 9 -2 22 -12 13 -13 16 -16 18 19 -5 -18 -21 -22 -10 27 25 -25 -26 28 29 -3
right_child=1 23 -4 4 5 -7 -8 -9 10 -11 11 12 -14 -15 15 -17 17 -19 -20 20 21 -23 -24 24 26 -27 -28 -29 -30 -31
leaf_value=-0.051767714076267873 0.011469775881111409 -0.033271377411293108 0.0025907385983152476 -0.010532048862587299 0.058333833900333865 -0.0027286918130907194 0.062023301967240957 -0.046463089047852006 0.0022237312305977562 -0.036951716563635696 0.051762500756856678 -0.057088652910101984 0.025338276345749835 0.0086690429918729623 -0.022377913631268287 0.10309447898806397 0.036998859910315096 -0.042207786189970814 0.039766627240475937 -0.056013216338207286 0.0096210301089421444 -0.031425810341788367 -0.042479948985218487 -0.0026912588218029054 0.027662300528953621 0.044732301662039842 -0.01911309241129687 0.020169303870537197 0.01746873592085078 0.00064926785909150283
leaf_weight=35.784385912120342 17.070718817412853 14.070562705397604 860.78871355950832 138.10931611061096 4.0381058156490317 403.74936562031507 3.1292987689375868 5.9925598427653304 14.887423828244211 16.040602147579193 8.6945642679929716 4.0468210801482227 39.599182218313217 26.325019836425781 2.8317889347672454 2.1685517728328705 4.1646318808197966 26.220893397927284 5.2475322037935248 7.6520939096808425 14.5983918979764 12.549587555229662 7.6513460129499427 6.8446433097124091 9.3888756930828112 25.878550037741661 10.026971265673636 42.567502304911613 38.682518661022186 58.993624776601791
leaf_count=1085 104 57 4668 1211 24 2560 19 40 95 113 45 38 257 165 27 20 34 253 30 82 122 106 53 28 40 116 41 173 156 238
internal_value=-0.000117954 0.000890913 -0.000418037 -0.00380458 -0.00577316 -0.00212402 0.00472272 0.00344475 0.00567141 -0.0119878 0.011449 0.0184402 0.0142996 -9.26791e-05 -0.0127417 0.0320371 -0.0138153 -0.0250851 -0.00869088 -0.0135626 -0.0196134 -0.00935353 -0.012952 0.0111972 0.0231546 0.0348128 0.00350597 0.00715713 0.00220043 -0.00588311
internal_weight=1867.79 1832.01 1625.56 764.768 621.33 407.787 143.438 140.308 134.316 33.1113 101.204 78.6656 69.971 30.3718 213.543 5.00034 208.542 65.1856 143.357 38.9647 34.8001 27.148 22.5388 206.453 52.139 32.7232 19.4158 154.314 111.747 73.0642
internal_count=12000 10915 10066 5398 4469 2584 929 910 870 217 653 505 460 203 1885 47 1838 597 1241 344 310 228 148 849 225 144 81 624 451 295
is_linear=0
shrinkage=0.05


Tree=38
num_leaves=31
num_cat=0
split_feature=25 23 24 17 8 2 9 13 22 10 20 0 16 10 4 18 22 8 2 2 0 4 4 18 2 6 11 3 3 10
split_gain=36.9368 9.23258 8.2971 6.34304 5.91512 6.03445 5.22272 4.90235 4.88256 6.28775 4.65235 6.63482 7.27119 6.08237 5.82881 4.638 4.87542 5.62617 6.73389 5.99667 5.24972 5.67181 5.07263 4.56618 8.97507 7.03201 5.00407 4.54089 4.93175 4.4483
threshold=1.0000000180025095e-35 0.41500000000000009 1.0000000180025095e-35 0.023795926581793751 4.4500000000000011 0.063262906114569098 103.50000000000001 0.077387891037853138 0.41000000000000009 66612.744343298386 4.6426242925721448 35.500000000000007 0.019062611741871176 382837.44254845014 1180.0318248663252 0.047658641924333868 0.41000000000000009 4.0500000000000007 0.28747390510379528 0.27882501386340136 15.500000000000002 683.84536498661191 709.21610582530604 0.045797186728660295 0.11174689441490163 12.500000000000002 83349.288060992563 0.048054889943024141 0.18187505619147004 144149.92697312037
decision_type=2 2 2 2 2 2 2 2 2 2 2 2 2 2 2 2 2 2 2 2 2 2 2 2 2 2 2 2 2 2
left_child=-1 2 3 4 5 6 -2 -3 -4 -10 14 13 -13 -12 23 16 17 18 27 20 -19 -22 -23 26 -25 -26 -7 -9 -29 -11
right_child=1 7 8 -5 -6 10 -8 15 9 29 11 12 -14 -15 -16 -17 -18 19 -20 -21 21 22 -24 24 25 -27 -28 28 -30 -31
leaf_value=-0.051678529404582313 -0.01102021086469028 -0.013829615081249741 0.001813912230189175 0.004897200720501968 2.6478269812237331e-05 -0.014165279191565822 0.04746418260600186 0.022084051331351169 0.05818381007218703 -0.017393968231871896 0.028345142976873561 -0.016576827966557763 0.056071332527542039 -0.023417003908383634 0.043599352954561112 -0.021972732811217779 0.036480403964521811 -0.021702658355052459 0.050037354709580442 -0.02558059347288355 0.016330242579176882 0.088036779548940763 0.035227889066440705 -0.036764862059856289 0.03599925195234701 -0.021853930449086952 -0.039548016297463087 -0.012486237099645737 0.037653132228853296 0.015936927294633654
leaf_weight=34.096423275768757 7.0322206765413275 18.773642830550671 743.76747590303421 157.05984095484018 232.55749460309744 282.48128962516785 8.3498561158776266 15.796887211501597 7.5844229757785788 12.050274863839148 7.685525834560397 5.2789531648159018 9.9101744592189771 21.697735577821732 4.4613983482122412 9.0849947929382306 22.426659062504768 5.5920888036489478 6.8297054395079604 6.3805168122053137 39.886057168245316 5.6038801074028042 24.119519859552383 10.10557236522436 17.853402078151706 7.4419055730104438 20.850421257317066 55.083679892122746 5.3837148025631896 59.126078501343727
leaf_count=1085 47 111 4511 844 1291 2078 56 79 31 49 41 37 55 149 30 41 94 30 33 32 189 25 111 57 93 42 178 310 27 244
internal_value=-0.000115673 0.000844909 -0.000450569 -0.00410072 -0.00632377 -0.00998694 0.0207269 0.0105796 0.0030675 0.0149056 -0.0112053 0.0039917 0.0308226 -0.00987803 -0.013179 0.0129153 0.0146094 0.0116308 0.00247341 0.020958 0.0249066 0.0286509 0.0451842 -0.0139268 0.00306615 0.0189788 -0.01591 -0.00178609 -0.00802208 0.010294
internal_weight=1864.35 1830.26 1615.29 792.766 635.706 403.148 15.3821 214.961 822.528 78.7608 387.766 44.5724 15.1891 29.3833 343.194 196.188 187.103 164.676 83.094 81.5821 75.2015 69.6095 29.7234 338.733 35.4009 25.2953 303.332 76.2643 60.4674 71.1764
internal_count=12000 10915 9833 4998 4154 2863 103 1082 4835 324 2760 282 92 190 2478 971 930 836 449 387 355 325 136 2448 192 135 2256 416 337 293
is_linear=0
shrinkage=0.05


Tree=39
num_leaves=31
num_cat=0
split_feature=25 22 18 23 11 16 4 2 3 20 4 17 16 19 3 3 3 2 14 2 14 0 8 6 5 15 24 23 19 0
split_gain=35.0497 8.44832 5.98603 4.76588 5.63251 5.09388 4.65079 5.76869 4.54645 5.78434 4.43139 5.32291 13.6317 4.98466 4.44791 4.20469 4.05912 5.88097 6.12677 7.4491 8.36929 5.94663 4.13523 8.24906 4.11747 7.40399 5.46291 6.62535 4.02299 5.70608
threshold=1.0000000180025095e-35 0.41000000000000009 0.027129156783076216 0.025000000000000005 53346.597764061757 0.0077625462053749813 906.13520249935311 0.25636782297488264 0.17722212318487102 4.6738085436250278 1044.0867084746378 0.019291653829040138 0.01690562048725221 0.018766659481486925 0.064366389997821752 0.030999538725619783 0.069877725203718932 0.27882501386340136 0.044372042598046849 0.18603814611676786 0.11670571583340088 23.500000000000004 4.4500000000000011 5.5000000000000009 149000.00000000003 0.11816075062273394 1.0000000180025095e-35 0.015000000000000001 0.010320236244977245 39.500000000000007
decision_type=2 2 2 2 2 2 2 2 2 2 2 2 2 2 2 2 2 2 2 2 2 2 2 2 2 2 2 2 2 2
left_child=-1 2 3 4 10 6 7 -6 16 -10 14 12 13 -12 -2 -5 -7 18 21 20 -20 -18 23 -19 26 -26 -21 -28 29 -17
right_child=1 -3 -4 15 5 8 -8 -9 9 -11 11 -13 -14 -15 -16 28 17 22 19 24 -22 -23 -24 -25 25 -27 27 -29 -30 -31
leaf_value=-0.051593990440785456 -0.004385426555132025 0.010348761637426828 0.0024473094540998518 0.036025050515670697 -0.022863188977582966 -0.0057171628451901275 -0.057572911837095564 0.045796242618932594 -0.04636733914136959 0.033248173001357441 0.028898700097997838 -0.020314932301854854 0.11366143471274433 -0.032334272332220318 -0.019196531445017651 0.020812333692537124 -0.0040644034146150232 -0.031541986652737095 0.034736380743521242 -0.062067965848975538 -0.01731339124289261 0.093168956313736728 0.085832010068387921 0.080241490989390485 -0.024440973213323187 0.040685066680992303 -0.062544795766408479 0.023042399888153552 -0.0023556976886749321 -0.026753448576722495
leaf_weight=32.485322169959545 76.624793626368046 205.64911200106144 861.35675622522831 8.2898979410529119 14.45929747819901 49.413376949727535 6.4946074038743964 3.8802309259772292 9.0122736170887929 3.0546444803476325 7.5414369478821808 10.872980788350104 3.4215032607316962 5.9424600005149841 149.76286247372627 40.265400230884552 2.6428362578153601 3.4323049560189229 25.563391998410225 7.6413454189896592 11.06641575694084 3.8825270906090736 4.1614018529653549 3.1789993718266487 10.034163713455202 7.723090097308158 3.4235472455620766 6.6597316861152649 275.95768014341593 7.4756416827440253
leaf_count=1085 584 849 4668 51 138 308 62 39 60 18 72 73 23 56 1204 239 20 25 156 52 72 28 21 23 63 50 23 37 1857 44
internal_value=-0.000113151 0.00080127 -0.00040831 -0.00363678 -0.007112 -0.00022888 -0.0212127 -0.0083364 0.00322473 -0.0262133 -0.0118708 0.00697671 0.0245298 0.00191284 -0.0141835 0.000863249 0.00578357 0.0121396 0.00739334 0.00319505 0.0190114 0.0537885 0.0467856 0.0222083 -0.013133 0.00388403 -0.0301813 -0.00601678 -3.72418e-05 0.0133641
internal_weight=1861.37 1828.88 1623.24 761.879 429.89 175.724 24.8341 18.3395 150.89 12.0669 254.166 27.7784 16.9054 13.4839 226.388 331.989 138.823 89.4098 78.637 72.1117 36.6298 6.52536 10.7727 6.6113 35.4819 17.7573 17.7246 10.0833 323.699 47.741
internal_count=12000 10915 10066 5398 3207 1195 239 177 956 78 2012 224 151 128 1788 2191 878 570 501 453 228 48 69 48 225 113 112 60 2140 283
is_linear=0
shrinkage=0.05


Tree=40
num_leaves=31
num_cat=1
split_feature=25 23 24 17 8 2 6 9 12 16 4 0 20 4 0 4 15 15 1 16 5 11 4 2 16 4 4 14 10 13
split_gain=33.2613 8.09041 7.55334 5.788 5.447 5.5137 5.12557 4.60646 4.50314 8.67421 9.77481 7.01459 7.80756 6.62601 6.11772 5.8896 7.09305 8.13006 6.83625 5.37533 5.031 5.20042 5.96797 5.0262 5.78805 6.15198 6.82566 4.72463 4.45609 4.42267
threshold=1.0000000180025095e-35 0.41500000000000009 1.0000000180025095e-35 0.02362536246292081 4.4500000000000011 0.063262906114569098 45.000000000000007 103.50000000000001 0.10774831379145436 0.014652335858349528 321.59297352019763 37.500000000000007 4.6426242925721448 593.39112465830181 34.500000000000007 1053.3502151236696 0.078632368090663221 0.10207181868280076 0 0.020235513948007891 149000.00000000003 52120.090924446624 940.32072775153631 0.092344873264884317 0.0055717936661809223 790.18154818432788 933.4647022011153 0.1480119648045943 304108.35047680855 0.077387891037853138
decision_type=2 2 2 2 2 2 2 2 2 2 2 2 2 2 2 2 2 2 1 2 2 2 2 2 2 2 2 2 2 2
left_child=-1 2 3 4 5 7 -5 -2 9 14 19 13 28 -12 23 27 18 -18 -17 -11 21 -15 -23 -7 -25 -26 -27 -10 -13 -3
right_child=1 29 -4 6 -6 8 -8 -9 15 10 11 12 -14 20 -16 16 17 -19 -20 -21 -22 22 -24 24 25 26 -28 -29 -30 -31
leaf_value=-0.051513833890656738 -0.010574697031178928 -0.013381024574442938 0.0028971442956488656 0.0028985369142242702 -2.7425067135217838e-05 -0.049412598143559472 0.053406599899659062 0.044163711574054777 -0.018385552331476932 0.081401048371527396 -0.044435610918820888 0.036839029074094136 0.085249674563596042 -0.034652538661201361 -0.040816931877785012 -0.0015702387649166819 -0.070879301964307903 0.010900390457765747 0.081920761966781497 0.018020910881988452 0.034902188131313586 0.038166376731870122 -0.035891960148973903 0.022019233655050416 -0.042616987943703583 0.046663002380624437 -0.029687920183044343 0.036412981399490278 -0.031474812898535029 0.012074069791443653
leaf_weight=30.947863189503551 6.9861564114689818 18.686180174350739 822.36849942058325 155.09126988053322 232.39344493299723 6.0334627479314795 5.191091686487197 8.5439765304326993 219.02829096466303 6.156649321317671 10.766810506582258 5.108631879091261 4.4182334989309302 11.564624160528188 18.688524067401886 4.7704879865050316 4.3508943840861312 10.079749070107935 5.0441964715719241 7.3260909616947174 8.1218270212411863 7.8042424917221052 4.1758926063776016 16.678115822374821 11.477371841669084 5.9174829572439176 5.7927410006523132 4.0053455978631964 4.4809854030609131 196.53302051126957
leaf_count=1085 47 111 4835 833 1291 48 28 56 1626 34 66 30 23 75 155 36 31 78 34 40 47 39 22 109 101 47 51 24 27 971
internal_value=-0.00011205 0.000758375 -0.000457043 -0.00394867 -0.00610788 -0.00966434 0.00453435 0.0195399 -0.0108523 -0.00348972 0.00871328 -0.000423685 0.0302553 -0.0105512 -0.0167009 -0.0148573 0.00854674 -0.0137565 0.0413394 0.0469623 0.000969623 -0.0107355 0.012352 -0.00688177 -0.000444959 -0.0166028 0.0088942 -0.0174015 0.0049177 0.00986396
internal_weight=1858.53 1827.58 1612.37 789.997 629.714 397.321 160.282 15.5301 381.791 134.512 69.924 56.4412 14.0079 42.4334 64.5877 247.279 24.2453 14.4306 9.81468 13.4827 31.6666 23.5448 11.9801 45.8992 39.8657 23.1876 11.7102 223.034 9.58962 215.219
internal_count=12000 10915 9833 4998 4137 2846 861 103 2743 914 403 329 80 249 511 1829 179 109 70 74 183 136 61 356 308 199 98 1650 57 1082
cat_boundaries=0 1
cat_threshold=2
is_linear=0
shrinkage=0.05


Tree=41
num_leaves=31
num_cat=1
split_feature=25 22 18 19 2 11 1 6 2 5 3 17 3 10 3 11 16 24 15 3 20 8 10 2 11 20 10 11 20 0
split_gain=31.568 7.77057 5.42433 4.9182 4.83723 3.92245 12.4024 6.47239 6.59272 5.49467 3.81452 5.41797 6.37861 5.14513 4.76299 5.73505 8.62496 5.5359 6.31013 4.89733 4.68732 4.46685 5.32149 4.91823 8.42907 7.2482 4.3177 4.2603 4.91583 3.82502
threshold=1.0000000180025095e-35 0.41000000000000009 0.025491442057356085 0.012269324070866823 0.29286910932921029 81862.277741782324 0 12.500000000000002 0.2063073180374517 149000.00000000003 0.10299926271842851 0.0074776744859073744 0.083222235829224708 141474.08855056058 0.06399620473562477 29314.673983780904 0.021294817551168004 1.0000000180025095e-35 0.063108611255856387 0.042919316686944479 4.5519799732684048 3.3500000000000001 209812.47944159087 0.20381583188255639 64977.85313595285 4.6097110332761604 97417.17756457701 12967.015541013541 4.4633550699493743 42.500000000000007
decision_type=2 2 2 2 2 2 1 2 2 2 2 2 2 2 2 2 2 2 2 2 2 2 2 2 2 2 2 2 2 2
left_child=-1 2 3 4 5 -2 9 -8 -9 -7 11 12 13 -3 15 26 -17 27 -19 -18 -15 22 -12 29 -25 -26 -13 -16 -29 -23
right_child=1 10 -4 -5 -6 6 7 8 -10 -11 21 14 -14 20 17 16 19 18 -20 -21 -22 23 -24 24 25 -27 -28 28 -30 -31
leaf_value=-0.051437825920941961 -0.0018247177174452033 0.0086002060561365754 0.0021016524503168787 -0.0065957587793124342 0.050984671254060338 0.035801637992239892 -0.017927450041679598 0.085987453364444744 -0.0067692495966624735 0.11009392319680751 0.018658232086053741 0.024872367801666698 0.032233875147083854 -0.082415261471295936 0.022414177727749091 0.053034115038236351 0.033351837053856297 0.055929258678024965 -0.0076117873235157065 -0.033445359362520806 -0.021085845566941836 0.017467663304568531 -0.030630333595296516 0.052273240999763562 -0.048054173357903018 0.036510182327828676 -0.030891945309776993 -0.054952861584191909 -0.003001569043719178 -0.024734035500100723
leaf_weight=29.480919893831015 183.30217460542917 5.420332118868834 914.1115410104394 480.44364849478006 4.9964142590761176 7.9711182862520218 19.669694833457473 3.5640962049365035 4.1417716443538666 3.6186877638101578 12.595552891492845 6.2816279083490354 4.9081340283155432 5.8431533426046354 4.8686822652816799 19.142519950866703 5.1168888658285123 6.738388970494273 9.2995626181364042 5.917117714881897 6.6739571541547775 35.508219376206398 9.6885571479797346 24.747778683900833 4.6208076477050763 5.6107058376073837 7.7585171908140182 9.5669823735952395 8.6891862601041776 6.3257793486118308
leaf_count=1085 1286 22 5015 3509 28 43 120 19 26 20 51 26 20 24 20 80 21 29 38 24 27 147 39 104 20 23 32 40 36 26
internal_value=-0.000110631 0.000717533 -0.000442652 -0.00372901 0.0023314 0.00123771 0.0156441 -0.00271032 0.0361323 0.0589979 0.00988171 0.00329923 -0.0182734 -0.0320935 0.00921003 0.0204567 0.0327395 -0.003488 0.0190852 -0.00246896 -0.0497152 0.0169376 -0.00277117 0.0226553 0.0364915 -0.0016812 -0.00594273 -0.0191433 -0.0302262 0.0110863
internal_weight=1856.62 1827.14 1621.82 707.708 227.264 222.268 38.9654 27.3756 7.70587 11.5898 205.322 106.225 22.8456 17.9374 83.3795 44.2167 30.1765 39.1628 16.038 11.034 12.5171 99.0974 22.2841 76.8133 34.9793 10.2315 14.0401 23.1249 18.2562 41.834
internal_count=12000 10915 10066 5051 1542 1514 228 165 45 63 849 439 93 73 346 183 125 163 67 45 51 410 90 320 147 43 58 96 76 173
cat_boundaries=0 1
cat_threshold=1
is_linear=0
shrinkage=0.05


Tree=42
num_leaves=31
num_cat=0
split_feature=25 23 24 8 19 9 9 4 0 20 12 13 0 0 13 18 9 22 17 14 2 4 16 16 22 15 9 4 9 2
split_gain=29.9674 7.28082 6.7322 5.22323 5.46662 5.64624 5.60672 4.96073 4.68654 4.35357 4.18592 3.94651 4.27771 5.78343 4.23902 3.8828 4.5864 4.80582 3.90524 3.79545 8.35459 6.85683 5.82437 6.68692 4.39268 4.1791 5.89627 4.25973 5.67388 5.78474
threshold=1.0000000180025095e-35 0.41500000000000009 1.0000000180025095e-35 3.1500000000000008 0.045150564109069917 1.5000000000000002 7.5000000000000009 341.8581342332497 32.500000000000007 4.6508462626331513 0.052162913001605943 0.077387891037853138 29.500000000000004 21.500000000000004 0.082794483794778398 0.047658641924333868 116.50000000000001 0.41000000000000009 0.013797021664800664 0.12364687228056645 0.22838240328443471 227.19427404904192 0.0023080842477231777 0.0031002098211079889 0.80500000000000016 0.14370261712849552 148.00000000000003 429.93404556815909 111.50000000000001 0.16978189901011731
decision_type=2 2 2 2 2 2 2 2 2 2 2 2 2 2 2 2 2 2 2 2 2 2 2 2 2 2 2 2 2 2
left_child=-1 2 3 7 5 8 -7 -2 -5 -8 -4 12 13 -3 -13 16 17 -16 -19 -12 21 -21 -23 -24 25 27 -27 -25 29 -29
right_child=1 11 10 4 -6 6 9 -9 -10 -11 19 14 -14 -15 15 -17 -18 18 -20 20 -22 22 23 24 -26 26 -28 28 -30 -31
leaf_value=-0.051365737961973801 -0.064347411098625337 -0.025873819849203811 -0.047921617269637978 0.087891620488199318 0.010284474815380786 -0.029612071231748444 -0.0053180484903849121 -0.01416980071099036 -0.0036739364430343753 0.0073501624006401664 0.0047913282111077139 0.061238568851238732 -0.041503636893554782 0.047133634569028103 0.0018338379694941916 -0.021619950078302516 0.021911021245365987 0.010222071650632582 0.063972601472429377 -0.038536838375763438 0.013097892007010552 0.045971704090999904 -0.066024041857513802 0.026530723815302328 0.034750509427386278 -0.036553810688398518 0.0076425933348947123 -0.006163057306173881 -0.021317368658501656 0.047296402508383087
leaf_weight=28.08148305863142 5.7622435688972464 5.9705348163843173 4.0654270946979514 3.0297344326972953 71.718102052807808 21.768794000148773 571.43840470165014 33.927811555564404 2.5937635377049446 76.952522873878479 631.87515249848366 4.1738514006137839 7.6167904511094084 4.9712617918848991 99.637765258550644 9.0746299326419813 70.374292656779289 7.8606855720281583 5.9274348616600037 18.295116722583771 54.786785684525967 5.2315129786729804 4.7547096833586684 11.916813582181929 6.3969097584485999 23.046239420771599 11.220652893185614 14.727776549756529 28.857797585427761 7.7089898735284796
leaf_count=1085 46 35 36 24 360 165 3696 245 20 442 3657 19 49 27 515 41 337 33 26 117 332 38 32 74 26 148 61 86 184 44
internal_value=-0.000106769 0.000681663 -0.0004738 -0.00377943 -0.00284093 -0.00423388 -0.00465254 -0.0214546 0.0456582 -0.00381456 0.00268845 0.00931024 -0.0127322 0.00729616 0.0113863 0.0103074 0.0118838 0.00566242 0.0333291 0.00293973 -0.00331874 -0.0101244 -0.00555914 -0.00804082 -0.00538674 -0.0080207 -0.0220818 -0.000398208 -0.00665437 0.0122049
internal_weight=1853.76 1825.68 1610.08 787.191 747.501 675.783 670.16 39.6901 5.6235 648.391 822.884 215.607 18.5586 10.9418 197.049 192.875 183.8 113.426 13.7881 818.818 186.943 132.157 113.861 108.63 103.875 97.4783 34.2669 63.2114 51.2946 22.4368
internal_count=12000 10915 9833 4998 4707 4347 4303 291 44 4138 4835 1082 111 62 971 952 911 574 59 4799 1142 810 693 655 623 597 209 388 314 130
is_linear=0
shrinkage=0.05


Tree=43
num_leaves=31
num_cat=1
split_feature=25 22 8 17 4 12 4 18 2 9 3 23 6 2 1 3 14 2 23 9 4 9 12 6 11 12 16 2 14 5
split_gain=28.4488 6.87318 5.36004 6.56774 5.18249 4.43719 8.29932 4.43368 4.43369 9.01036 7.0636 5.79903 7.56326 5.50003 4.57573 4.37158 4.31287 4.244 4.27028 5.01603 6.67769 3.67125 3.90884 3.62935 5.02374 7.39114 5.25152 5.65067 4.70996 4.6763
threshold=1.0000000180025095e-35 0.41000000000000009 4.4500000000000011 0.013132081643641363 214.52421112849933 0.1930765750593445 144.53792645830043 0.027317529002241988 0.28052512777726302 97.000000000000014 0.1145882884546445 0.80500000000000016 26.500000000000004 0.089404574508358994 0 0.071757434449909549 0.027887571729103468 0.053041780865135453 0.81500000000000017 117.50000000000001 654.05004501548149 103.50000000000001 0.094707551774823998 21.500000000000004 47657.037001140219 0.089539641437671944 0.0233567018543346 0.14191494962845203 0.065811329725127363 1.0000000180025095e-35
decision_type=2 2 2 2 2 2 2 2 2 2 2 2 2 2 1 2 2 2 2 2 2 2 2 2 2 2 2 2 2 2
left_child=-1 2 3 7 5 -4 -7 -2 10 -10 11 12 13 -9 21 -11 -15 -6 -19 20 -20 -12 -23 -5 25 -25 28 -28 -27 -26
right_child=1 -3 4 23 17 6 -8 8 9 15 14 -13 -14 16 -16 -17 -18 18 19 -21 -22 22 -24 24 29 26 27 -29 -30 -31
leaf_value=-0.051297357365267304 -0.014691089980302356 0.0092809297654098642 -0.02227340829365233 0.0017468517845889344 -0.032637755255724224 0.029845879086551258 -0.046180457670747473 -0.023866790585345059 0.07023343005597564 -0.048638056145399955 -0.022029888066706055 0.038308070610247685 -0.037697073141603255 -0.044589500501420687 -0.024210010353249198 0.01287189864213871 0.012724851668464236 0.0051655379167193762 -0.033055088029100337 0.052587346151497474 0.034485485867464 -0.018537512619473086 0.038597546673654226 0.022704889154018377 0.021247462861295658 -0.0055864270073638792 0.054240642785456275 -0.013848378653165395 -0.043060451194127963 -0.0082436465568178491
leaf_weight=26.746642487123609 144.39392626285553 204.59606589376926 32.220468536019325 660.11273907124996 7.056074656546115 12.947201602160932 4.9667146056890479 14.524706646800039 5.9901842921972301 3.7809808850288418 9.1797464340925234 10.289712697267531 12.366202399134634 3.451160065829753 59.027421407401562 12.238924764096735 67.08787328004837 391.79699984937906 6.0449430346488979 10.58890840411186 9.2743389010429365 4.5474424436688414 8.7603188157081586 10.636143811047075 22.994558237493038 11.593292161822317 3.6580034941434887 18.245448976755142 30.298005267977715 32.356440283358097
leaf_count=1085 1505 849 176 3845 39 76 31 100 39 26 58 48 85 28 382 73 428 2163 29 47 42 30 56 62 128 69 19 99 199 184
internal_value=-0.000104692 0.000645562 -0.000444744 -0.00229629 0.00402152 -0.011182 0.00876723 -0.00793856 -0.00332295 0.0179168 -0.00579337 0.00261001 -0.00116012 0.00415147 -0.0168982 -0.00164554 0.00992072 0.00581598 0.00646556 0.0261252 0.00783418 0.0022946 0.0190737 0.000244063 -0.00739961 -0.0158829 -0.0223164 -0.00247712 -0.0326896 0.00400789
internal_weight=1851.77 1825.02 1620.43 1145.53 474.896 50.1344 17.9139 355.639 211.245 22.0101 189.235 107.72 97.4299 85.0637 81.5149 16.0199 70.539 424.761 417.705 25.9082 15.3193 22.4875 13.3078 789.895 129.782 74.4309 63.7947 21.9035 41.8913 55.351
internal_count=12000 10915 10066 7463 2603 283 107 2858 1353 138 1215 689 641 556 526 99 456 2320 2281 118 71 144 86 4605 760 448 386 118 268 312
cat_boundaries=0 1
cat_threshold=4
is_linear=0
shrinkage=0.05


Tree=44
num_leaves=31
num_cat=0
split_feature=25 23 24 17 17 4 8 4 3 22 0 13 11 0 6 13 0 6 12 2 2 0 14 2 4 9 14 18 14 4
split_gain=27.0094 6.27695 6.1613 4.92655 5.20029 4.58085 4.2378 6.8628 6.07436 5.13455 5.09877 4.91444 6.23362 7.51414 6.51204 5.48709 5.35645 7.37322 6.50533 4.81846 4.64721 6.12154 4.61349 6.91356 5.83873 4.51081 4.49535 5.87438 4.45533 7.39065
threshold=1.0000000180025095e-35 0.41500000000000009 1.0000000180025095e-35 0.02362536246292081 0.022184440271954268 1144.4485727749516 3.6500000000000008 1053.3502151236696 0.19050934615835344 0.41000000000000009 22.500000000000004 0.11781215213407999 68576.902157943099 35.500000000000007 11.500000000000002 0.21233817757623483 41.500000000000007 21.500000000000004 0.060012122920778128 0.27759631964528492 0.15846936407590431 35.500000000000007 0.11380256085523639 0.23620573603834422 837.42870005570205 118.50000000000001 0.075225458112183632 0.020264692005765039 0.096481831779337321 442.79832212742497
decision_type=2 2 2 2 2 2 2 2 2 2 2 2 2 2 2 2 2 2 2 2 2 2 2 2 2 2 2 2 2 2
left_child=-1 2 3 4 6 -5 7 8 -2 10 -8 12 16 14 -14 -13 17 18 -12 -19 21 -17 23 24 -22 -10 -9 -28 -11 -30
right_child=1 -3 -4 5 -6 -7 9 26 25 28 11 15 13 -15 -16 20 -18 19 -20 -21 22 -23 -24 -25 -26 -27 27 -29 29 -31
leaf_value=-0.051232486803667036 -0.016850177025738704 0.0086180295618403131 0.0025595145129780508 0.0054956432792077972 -0.022051891870924586 -0.050014517884916287 -0.01241233147500829 0.051054964107100545 -0.0075401228863939311 0.024353609542538898 0.040522930798593239 -0.01069935654410303 -0.01813348850851175 0.051912549773466626 0.047785890635803067 -0.053694073258455391 -0.027384222356387614 -0.045807065328273139 0.0015679922756247262 0.02454573471615339 0.066437026113712092 0.018816599760178479 0.071164912022951096 -0.019205505118916624 -0.015199386364946443 0.077651018329882165 0.051296956884690409 -0.049535039692316263 -0.054595462742473594 0.015300679970641485
leaf_weight=25.473595093935728 135.54550395160913 215.80039304494858 822.74787475913763 156.7195368334651 44.812366172671318 3.8068416714668265 117.70303187519312 6.8845795243978483 3.2117886021733275 32.171948254108429 17.281521998345852 118.22845207899809 11.312475472688677 15.473860062658785 5.60178118944168 5.2863968387246114 14.043345950543879 9.1328898519277555 28.215069808065891 3.3180091455578795 7.1944628134369903 6.4768628180027008 4.3588455244898787 8.5379346087574941 3.148846372961998 3.010096587240696 2.4469815492630005 3.5256665349006653 5.5613855868577984 11.819999620318411
leaf_count=1085 1013 1082 4835 837 286 24 793 47 27 136 102 803 65 81 30 39 97 66 202 21 44 42 26 52 23 20 22 28 23 49
internal_value=-0.000103199 0.000611105 -0.00046374 -0.00363306 -0.00564182 0.00417923 -0.00437282 -0.0114605 -0.0146327 -0.00179336 -0.00379061 0.000148672 0.00851612 0.0267332 0.00369815 -0.0055511 0.000320387 0.00703449 0.0163647 -0.0270589 0.0118378 -0.0137696 0.0247994 0.0140956 0.0415842 0.0336746 0.0235176 -0.00822438 0.0133337 -0.00706344
internal_weight=1848.85 1823.38 1607.58 784.83 624.304 160.526 579.492 154.625 141.767 424.867 375.314 257.611 104.379 32.3881 16.9143 153.232 71.9908 57.9475 45.4966 12.4509 35.0033 11.7633 23.2401 18.8812 10.3433 6.22189 12.8572 5.97265 49.5533 17.3814
internal_count=12000 10915 9833 4998 4137 861 3851 1157 1060 2694 2486 1693 664 176 95 1029 488 391 304 87 226 81 145 119 67 47 97 50 208 72
is_linear=0
shrinkage=0.05


Tree=45
num_leaves=31
num_cat=0
split_feature=25 22 8 17 18 0 19 0 13 2 3 9 0 8 8 0 0 6 10 19 9 16 2 17 13 8 12 16 10 17
split_gain=25.6453 6.02211 4.82615 5.00168 4.4356 4.37907 9.79396 7.07839 5.63655 4.59603 5.27521 4.42474 4.23991 4.13287 3.94815 5.69992 8.34461 5.39704 4.94993 4.06579 3.77385 4.44784 3.5467 4.58763 3.45527 3.44646 4.20518 4.1932 3.84865 4.33091
threshold=1.0000000180025095e-35 0.41000000000000009 4.5500000000000007 0.01306320070621832 0.027317529002241988 42.500000000000007 0.031776204048622185 40.500000000000007 0.19461031985708785 0.28449652325240565 0.15471259888898242 101.00000000000001 32.500000000000007 4.9500000000000011 4.0500000000000007 28.500000000000004 24.500000000000004 18.000000000000004 14215.274979683021 0.030741939824817693 97.000000000000014 0.0052416694637875483 0.1632204364208763 0.0090004422974169825 0.2170164670044579 4.3500000000000005 0.1930765750593445 0.0057293985628140845 540117.6033509624 0.023968054957476056
decision_type=2 2 2 2 2 2 2 2 2 2 2 2 2 2 2 2 2 2 2 2 2 2 2 2 2 2 2 2 2 2
left_child=-1 2 3 4 -2 7 -7 9 -8 10 14 -12 -13 -4 17 16 19 18 -6 -16 -11 -22 -17 -24 -19 28 27 -27 29 -3
right_child=1 25 13 -5 5 6 8 -9 -10 20 11 12 -14 -15 15 22 -18 24 -20 -21 21 -23 23 -25 -26 26 -28 -29 -30 -31
leaf_value=-0.05117093432742742 -0.013283922785823288 0.0038559470691651499 0.0052406615160114356 0.00016883318489754369 0.043908741796184071 -0.032351949009278187 0.017127395400379348 -0.043603284341039723 0.078359485651097807 0.060392269249276057 -0.048062644887145518 -0.019620348902757944 0.036460916983195979 -0.020640542750132877 0.051321303946791977 0.011666284383514735 0.08048031168026426 -0.044245967899886378 -0.0056932646669117402 0.0040502348181793209 0.054547814461211021 -0.015153224690744186 0.0046563489148577835 -0.047628018364647889 0.012485181023970719 -0.0035496520013631374 0.0014774055634692851 0.040703378577496771 -0.013890139632865315 0.027109864095324662
leaf_weight=24.259644905105233 154.77015879005194 105.65543447434902 395.64073942601681 820.8408070653677 5.5198765844106665 6.729438632726672 10.341018311679365 11.034036099910734 5.9041183292865744 4.8312128484249106 11.205675564706324 19.388722613453869 4.0793329551815978 16.050684042274952 5.4558522105216971 12.916208177804949 5.1304126679897299 13.647603534162046 56.637101270258427 27.359767660498619 3.3575018569827062 7.1908038556575775 7.8868042603135136 8.9640986546874029 3.3410332277417174 6.8259382396936443 19.170507699251175 24.80772653222084 23.076409354805946 24.70470517873764
leaf_count=1085 1590 428 2133 4770 32 47 62 77 34 30 78 125 28 110 37 76 31 91 374 149 20 45 48 55 24 28 81 116 94 102
internal_value=-0.00010158 0.000578228 -0.000442869 -0.00203789 -0.00673433 -0.00234459 0.0183702 -0.00463324 0.0393815 -0.00244953 -0.00467294 -0.0222143 -0.00987203 0.00423163 -0.000531391 0.00833188 0.0211804 -0.00811437 -0.00128834 0.0119094 0.0237945 0.00703246 -0.00804695 -0.0231571 -0.0330891 0.00866849 0.0199561 0.0311544 0.00493108 0.00826282
internal_weight=1846.72 1822.46 1618.22 1206.53 385.691 230.921 22.9746 207.946 16.2451 196.912 181.532 34.6737 23.4681 411.691 146.859 67.7131 37.946 79.1456 62.157 32.8156 15.3795 10.5483 29.7671 16.8509 16.9886 204.241 50.8042 31.6337 153.437 130.36
internal_count=12000 10915 10066 7823 3053 1463 143 1320 96 1243 1148 231 153 2243 917 396 217 521 406 186 95 65 179 103 115 849 225 144 624 530
is_linear=0
shrinkage=0.05


Tree=46
num_leaves=31
num_cat=0
split_feature=25 23 24 8 4 19 9 9 20 12 5 3 13 0 0 18 4 3 22 12 10 9 0 23 4 10 13 12 18 10
split_gain=24.3529 5.64709 5.60202 4.4309 4.80672 4.78611 5.08062 5.18768 3.75929 3.69933 3.60786 4.34521 3.39588 3.91102 5.04153 3.70998 4.0129 7.98899 4.69082 4.36438 5.03318 4.02053 3.86187 4.85463 3.69634 7.27802 4.95136 5.17234 6.89575 3.89033
threshold=1.0000000180025095e-35 0.41500000000000009 1.0000000180025095e-35 3.1500000000000008 341.8581342332497 0.045150564109069917 1.5000000000000002 7.5000000000000009 4.6508462626331513 0.052162913001605943 149000.00000000003 0.15560567644931247 0.077387891037853138 29.500000000000004 21.500000000000004 0.047658641924333868 1044.0867084746378 0.15695561252137283 0.41000000000000009 0.11127806338298858 409165.68201407423 120.50000000000001 41.500000000000007 0.80500000000000016 800.78059242281199 110306.42752853037 0.097298925277460771 0.11670987345338515 0.011362051161313952 399420.2858242137
decision_type=2 2 2 2 2 2 2 2 2 2 2 2 2 2 2 2 2 2 2 2 2 2 2 2 2 2 2 2 2 2
left_child=-1 2 3 4 -2 6 -5 -8 -9 -4 -10 -12 13 14 -3 16 18 19 21 -18 -21 24 23 -23 26 -26 -14 -28 -29 -27
right_child=1 12 9 5 -6 -7 7 8 10 -11 11 -13 15 -15 -16 -17 17 -19 -20 20 -22 22 -24 -25 25 29 27 28 -30 -31
leaf_value=-0.051112521378912402 -0.063568635135651044 -0.024894576135566629 -0.046651517230769296 0.042840838278582927 -0.012873085152921529 0.0096189001015230449 -0.028687481789848309 -0.004971846151580684 -0.00089881474837999714 0.002633829570725596 0.031981559793895498 -0.019961941784919723 0.037411781417541166 -0.040369633535722288 0.043109103147354985 -0.021248215336177531 -0.078742460597809871 0.049891486088303731 0.037116193636555744 -0.035297479995403641 0.027710005806370459 0.069659489631446955 -0.012644567923066586 0.021396907455630398 0.065467971054665189 -0.023095321276170824 -0.044675833357340065 0.052196315939599558 -0.0061854101853150902 0.021828478486850104
leaf_weight=23.102194974198937 5.440686333924531 5.8867977038025874 3.8251672312617293 5.749341942369937 33.255388058722019 71.843107640743256 21.222010344266891 566.92947850376368 51.231451667845249 819.24383790791035 20.936491414904598 4.9847035109996787 7.5320313572883597 7.4456013813614836 5.0750831067562103 9.0363551974296552 3.0599337071180406 4.5580103993415824 19.63476625084877 8.8511024191975576 4.9377542138099662 6.0726017132401457 6.6742438599467269 36.700041823089123 6.832766197621825 7.4084414392709759 7.4249571636319152 5.6330097094178191 49.537489786744118 13.788767687976359
leaf_count=1085 46 35 36 44 245 360 165 3696 296 4799 117 29 36 49 27 41 17 21 85 48 23 31 34 170 31 40 40 28 254 72
internal_value=-9.95228e-05 0.000547744 -0.000474095 -0.00350574 -0.0200009 -0.00264654 -0.00395968 -0.00436411 -0.00356268 0.00240478 0.00679212 0.0219927 0.00813582 -0.0124049 0.00658947 0.0100485 0.0115477 -0.00883538 0.0141567 -0.0247224 -0.0127347 0.0111026 0.0227292 0.0282489 0.00524563 0.0205928 -0.000888621 -0.00549726 -0.000224528 0.00612757
internal_weight=1843.85 1820.75 1604.66 781.593 38.6961 742.897 671.053 665.304 644.082 823.069 77.1526 25.9212 216.09 18.4075 10.9619 197.682 188.646 21.4068 167.239 16.8488 13.7889 147.604 49.4469 42.7726 98.1575 28.03 70.1275 62.5955 55.1705 21.1972
internal_count=12000 10915 9833 4998 291 4707 4347 4303 4138 4835 442 146 1082 111 62 971 930 109 821 88 71 736 235 201 501 143 358 322 282 112
is_linear=0
shrinkage=0.05


Tree=47
num_leaves=31
num_cat=0
split_feature=25 22 18 19 2 0 0 19 17 5 17 9 11 3 3 5 12 4 4 14 0 18 2 8 6 3 17 3 10 3
split_gain=23.1278 5.40476 4.40619 4.21046 4.24157 3.45763 5.3489 5.40533 3.88183 4.33238 4.08483 5.07502 3.63326 4.51905 4.51975 3.85821 8.1485 4.43167 4.19454 3.97861 3.8435 3.62315 5.04147 3.46459 5.42802 3.40718 4.49181 5.81218 4.49322 4.3036
threshold=1.0000000180025095e-35 0.41000000000000009 0.025491442057356085 0.012269324070866823 0.29286910932921029 44.500000000000007 39.500000000000007 0.01215707565567953 0.02362536246292081 149000.00000000003 0.0092685683952093822 89.500000000000014 55525.985421663274 0.048054889943024141 0.055967878708602564 149000.00000000003 0.11744205497062113 837.42870005570205 446.97405734729892 0.048247369926102082 29.500000000000004 0.0092461031794221649 0.10732930375386941 3.8500000000000001 15.500000000000002 0.10299926271842851 0.0074776744859073744 0.083222235829224708 141474.08855056058 0.06399620473562477
decision_type=2 2 2 2 2 2 2 2 2 2 2 2 2 2 2 2 2 2 2 2 2 2 2 2 2 2 2 2 2 2
left_child=-1 2 3 4 5 6 7 12 9 -8 -11 -12 15 -14 -15 21 17 18 -17 -18 -16 22 -2 -22 -25 26 27 28 -3 -28
right_child=1 25 -4 -5 -6 -7 8 -9 -10 10 11 -13 13 14 20 16 19 -19 -20 -21 23 -23 -24 24 -26 -27 29 -29 -30 -31
leaf_value=-0.051057087298296847 -0.034823518841850427 0.007026776797021292 0.0018409540765641826 -0.0060976482501214338 0.04719389403329724 0.041731123110039736 -0.025046306431771522 0.059525500561343481 -0.043758537175253381 -0.02904371753117882 0.090257812759002687 0.002214277228318874 -0.020412844531732588 0.061720535532096756 0.0023053148324195393 0.046713318270826497 0.02992150115605376 0.07876731690225186 -0.013813979751403197 -0.028683261071055472 -0.010708451830320409 -0.023316042242479046 0.012297882631718566 0.055490147500978464 -0.001147329685988759 0.01489535683023034 0.01811875151174042 0.030501619728641606 -0.047574386761039499 -0.0047462186072140759
leaf_weight=21.998745361343026 7.5318272709846523 5.4104747325182023 913.8432387188077 475.7892609462142 5.1153856813907614 5.1255602389574042 13.658995531499388 4.213824436068534 10.271316036581991 3.0753017887473089 2.9040599316358566 3.7506410926580429 10.763252735137938 4.6998344957828513 44.294840320944786 6.2806910797953588 3.7655228897929218 4.2666764855384818 5.2591262310743332 12.542186893522738 4.8186126127839115 32.355264246463776 23.039939068257809 12.77561976760626 6.3245415538549414 98.231867894530296 43.755712375044823 4.8977236896753302 12.410520955920218 38.852506265044212
leaf_count=1085 56 22 5015 3509 28 31 104 21 64 25 19 25 66 28 270 40 27 32 38 98 34 256 161 77 42 410 183 20 51 163
internal_value=-9.70919e-05 0.000518865 -0.000448035 -0.00342513 0.00218054 0.00114201 0.00018149 0.003552 -0.018136 -0.00688386 0.0186126 0.0406358 0.00223225 0.00983005 0.0142944 -0.00445704 0.00964484 0.0352271 0.0191288 -0.0151512 0.0110268 -0.0116538 0.000688797 0.027178 0.0367361 0.00819704 0.00194993 -0.0177394 -0.0309974 0.00736484
internal_weight=1842.02 1820.02 1616.47 702.622 226.833 221.718 216.592 182.932 33.6603 23.389 9.73 6.6547 178.718 83.6767 72.9134 95.0412 32.1142 15.8065 11.5398 16.3077 68.2136 62.927 30.5718 23.9188 19.1002 203.559 105.327 22.7187 17.821 82.6082
internal_count=12000 10915 10066 5051 1542 1514 1483 1246 237 173 69 44 1225 517 451 708 235 110 78 125 423 473 217 153 119 849 439 93 73 346
is_linear=0
shrinkage=0.05


Tree=48
num_leaves=31
num_cat=1
split_feature=25 8 17 2 4 15 23 4 8 16 8 12 23 4 4 20 2 9 3 6 4 13 11 11 11 5 6 1 2 13
split_gain=21.9659 5.41368 6.45242 7.42659 5.3302 4.90951 5.27626 4.60915 4.27296 4.5231 4.08854 3.97835 3.95816 3.93849 6.72086 5.90302 6.34649 6.83977 5.51386 4.85441 6.37041 4.51922 7.49971 4.52495 4.35868 5.29588 3.90835 4.55263 3.82345 6.47892
threshold=1.0000000180025095e-35 4.4500000000000011 0.017383612839079399 0.063262906114569098 114.05531082463025 0.11866833765957661 0.025000000000000005 1162.0179153267984 4.1500000000000012 0.0232368134140493 4.9500000000000011 0.18575707898559943 0.41500000000000009 858.36825172875444 891.59576617394339 4.5755673679193887 0.28196469292898313 72.500000000000014 0.071757434449909549 5.5000000000000009 969.8407389905102 0.11609253761367606 26318.520733555055 14285.694277997258 39284.045952663473 349000.00000000006 18.000000000000004 0 0.068394962669550238 0.19241600572328624
decision_type=2 2 2 2 2 2 2 2 2 2 2 2 2 2 2 2 2 2 2 2 2 2 2 2 2 2 2 1 2 2
left_child=-1 2 3 5 8 6 -2 -6 9 -4 12 -7 13 -3 -15 19 17 26 -19 20 -16 22 -21 -23 -22 -26 27 -17 29 -5
right_child=1 10 4 28 7 11 -8 -9 -10 -11 -12 -13 -14 14 15 16 -18 18 -20 21 24 23 -24 -25 25 -27 -28 -29 -30 -31
leaf_value=-0.05100446473796727 0.034716434943072971 0.00085627371923017385 0.054122437266481319 -0.049276082390752179 0.0016466715587587326 0.097539134840813238 -0.02189021166633923 -0.031971504908147756 -0.0088261174587171039 0.0079842488874507268 -0.018302687371544772 0.018506614036027418 0.018036501806645729 0.058148962198014846 -0.010374344685825482 0.0026811621117053823 0.075258016097869349 0.073682481678537678 0.016806447354311842 -0.032562989716892143 0.035195569803674311 0.017442942096137459 0.056736974582666445 -0.038349097403203469 -0.022756322287181496 0.035958287490053961 0.027552209168432314 -0.070076954135690692 -0.0053350069168888944 0.0070984845560336032
leaf_weight=20.946897175163031 8.8920109644532257 304.26193083822727 12.351134598255163 12.85200271010399 655.44302978366613 3.3625972047448149 7.6650334224104872 10.356685198843477 7.824999824166297 9.320514649152754 18.475266754627228 3.0245790481567383 57.134269006550312 7.1638344079256049 24.55627066642046 4.7020569443702698 5.4268159121274939 6.3973440080881145 12.761942803859709 4.4436874687671679 24.40783166885376 4.5950134098529842 4.9929151087999344 17.380434527993202 9.2910205870866758 6.5465153604745856 4.3380458503961554 3.9613019526004773 558.34642243757844 8.4457850456237775
leaf_count=1085 57 1661 58 97 3578 22 55 64 39 43 121 19 263 38 138 23 27 34 67 26 132 25 26 95 51 35 22 21 4019 59
internal_value=-9.50739e-05 0.000491269 -0.00123682 -0.00502376 0.00204518 0.0228759 0.00851056 0.00112373 0.0228442 0.0342794 0.00479753 0.0601141 0.00564709 0.0040572 0.0109662 0.00843994 0.0252424 0.0168028 0.0357975 0.00187576 0.00969519 -0.0142554 0.0146857 -0.0266831 0.0219409 0.00151362 -0.0111885 -0.0305873 -0.00612811 -0.0269204
internal_weight=1839.67 1818.72 1297.88 602.588 695.296 22.9442 16.557 665.8 29.4966 21.6716 520.836 6.38718 502.361 445.227 140.965 133.801 37.5875 32.1607 19.1593 96.2137 64.8016 31.4121 9.4366 21.9754 40.2454 15.8375 13.0014 8.66336 579.644 21.2978
internal_count=12000 10915 8110 4328 3782 153 112 3642 140 101 2805 41 2684 2421 760 722 194 167 101 528 356 172 52 120 218 86 66 44 4175 156
cat_boundaries=0 1
cat_threshold=2
is_linear=0
shrinkage=0.05


Tree=49
num_leaves=31
num_cat=0
split_feature=25 23 24 17 17 6 4 8 3 9 22 0 17 16 19 4 20 13 12 9 4 3 12 16 13 9 3 14 2 4
split_gain=20.8638 4.90492 5.18978 4.07022 4.75664 4.36442 4.07953 4.21027 5.10141 4.61305 4.23353 5.13339 4.424 4.81837 4.52851 6.96945 4.58083 4.27519 5.41416 5.72868 5.46179 5.14653 6.48064 7.15897 4.85268 4.60965 4.38361 4.08392 4.12652 4.06197
threshold=1.0000000180025095e-35 0.41500000000000009 1.0000000180025095e-35 0.02362536246292081 0.022184440271954268 45.000000000000007 1180.0318248663252 3.6500000000000008 0.19050934615835344 118.50000000000001 0.41000000000000009 22.500000000000004 0.0030729186435759803 0.002054458381845742 0.04391515159235173 858.36825172875444 4.5191272015719948 0.11781215213407999 0.11670987345338515 45.000000000000007 927.03134522950029 0.07641770701575297 0.093879967274329831 0.0087362383713980724 0.21233817757623483 116.50000000000001 0.18730313308334226 0.1480119648045943 0.063262906114569098 144.53792645830043
decision_type=2 2 2 2 2 2 2 2 2 2 2 2 2 2 2 2 2 2 2 2 2 2 2 2 2 2 2 2 2 2
left_child=-1 2 3 4 6 -5 7 8 27 -10 11 12 13 -9 16 -16 -14 18 19 -13 -20 -21 23 -23 -19 -24 -26 28 -2 -18
right_child=1 -3 -4 5 -6 -7 -8 10 9 -11 -12 17 14 -15 15 -17 29 24 20 21 -22 22 25 -25 26 -27 -28 -29 -30 -31
leaf_value=-0.050954523078930981 0.026492600121168372 0.0075409169531604541 0.0022809363596579895 0.0021498461198373288 -0.021078377956688717 0.048159956041022738 0.035449898749551782 -0.028264450220900812 -0.01093414722098063 0.07024245841886452 0.011983896097752744 -0.024004727824737337 -0.031133810713887457 0.047184583480864316 0.028128081675577739 -0.038801843549946938 0.028291844602211264 -0.01007117645492347 0.057490718284231968 -0.0038104837027053903 -0.013871616732026562 0.0048200818536253149 0.031877885857495812 0.05992377093644638 0.016588687345704765 -0.028282592261035733 -0.045956053127326743 0.035975993200972715 -0.016927982992284107 -0.015019142555112899
leaf_weight=19.944342467933893 5.7059166952967635 215.82093907147646 822.87454998493195 155.42394369840622 44.105477422475815 5.3309703767299643 6.4664976820349684 3.2747375294566137 3.4704920426011077 3.5304793789982796 48.472383633255959 15.58542740345001 45.94718412309885 5.9807600975036621 12.406540781259539 5.6658087372779837 6.4784264788031569 116.99828728288412 9.654454477131365 37.676001839339733 3.712204121053218 9.9008815214037913 5.1252992600202552 14.5654971152544 32.049600906670094 8.4068135842680913 3.0698379799723616 4.0194181352853766 133.37831291183829 32.934079170227051
leaf_count=1085 36 1082 4835 833 286 28 39 29 31 24 205 104 348 40 66 33 41 803 60 229 22 80 35 76 204 58 22 24 1029 213
internal_value=-9.32183e-05 0.000464745 -0.000488429 -0.00341251 -0.00525456 0.00367564 -0.00403968 -0.00448925 -0.011672 0.0300019 -0.00190933 -0.00373223 -0.0126287 0.0204896 -0.0155922 0.00714508 -0.0204062 0.000172514 0.00795227 0.0035993 0.0376719 0.00928445 0.0222682 0.0376248 -0.00517841 -0.00549676 0.0111216 -0.0137108 -0.0151467 -0.0078999
internal_weight=1837.98 1818.03 1602.21 779.336 618.581 160.755 574.475 568.009 150.105 7.00097 417.904 369.432 112.688 9.2555 103.432 18.0723 85.3597 256.744 104.627 91.2599 13.3667 75.6745 37.9985 24.4664 152.118 13.5321 35.1194 143.104 139.084 39.4125
internal_count=12000 10915 9833 4998 4137 861 3851 3812 1144 55 2668 2463 770 69 701 99 602 1693 664 582 82 478 249 156 1029 93 226 1089 1065 254
is_linear=0
shrinkage=0.05


Tree=50
num_leaves=31
num_cat=0
split_feature=25 8 17 2 4 4 15 23 11 12 8 4 4 8 2 13 4 23 11 2 18 11 17 0 6 10 4 12 13 4
split_gain=19.8182 4.76125 5.71892 6.539 4.77002 4.27702 4.26998 4.6922 3.84729 5.12409 3.73504 3.544 3.64703 6.01687 3.53244 6.09689 3.83188 5.51206 6.53891 4.75066 4.41853 4.11687 3.73788 3.72567 3.57236 3.75028 4.61038 4.09353 3.71679 3.64651
threshold=1.0000000180025095e-35 4.4500000000000011 0.017383612839079399 0.063262906114569098 114.05531082463025 1162.0179153267984 0.11866833765957661 0.025000000000000005 7074.5216600742533 0.081140938732066639 4.9500000000000011 858.36825172875444 891.59576617394339 4.7500000000000009 0.068394962669550238 0.19241600572328624 221.53728101445805 0.025000000000000005 28293.883893365866 0.23901687473018693 0.040182121082477588 92268.717781698288 0.0090734988880236001 39.500000000000007 11.500000000000002 34694.999701910863 927.03134522950029 0.0621048619574424 0.23109885468627442 1065.7503850930889
decision_type=2 2 2 2 2 2 2 2 2 2 2 2 2 2 2 2 2 2 2 2 2 2 2 2 2 2 2 2 2 2
left_child=-1 2 3 6 8 -6 7 -2 -4 -10 11 -3 13 -13 15 -5 17 19 20 -16 -19 24 -21 -23 25 26 -18 -27 29 -29
right_child=1 10 4 14 5 -7 -8 -9 9 -11 -12 12 -14 -15 16 -17 21 18 -20 22 -22 23 -24 -25 -26 27 -28 28 -30 -31
leaf_value=-0.050907101167315172 0.032129756375416048 0.0024424371017446739 0.061351041475841722 -0.048239816533673652 0.0015267580172965039 -0.031117416389375971 0.055501728239956874 -0.021184560299527398 0.060677537491431538 0.0023915916540236982 -0.017709084591673255 0.086042238926191714 0.0096727427902818415 0.0019249065178784264 -0.03639323926916857 0.0067632775508168156 0.034899265574485312 -0.062929140713605086 0.017542094086313315 0.041348986789592979 0.0029161593400631697 -0.011771745352405933 -0.032085918747462736 -0.052598125475511959 -0.0098696784066176074 -0.028179412235460829 -0.030473735694905371 4.7520842230040381e-05 -0.021709179001402085 0.02132943893335066
leaf_weight=18.988872319459915 9.0515453144908005 345.0453862324357 5.0327804088592556 12.449140816926958 655.70873450487852 10.189827993512152 6.5420681089162818 7.5854271054267874 4.646712318062785 20.003067776560783 18.308172918856144 4.1869379803538305 149.43177685141563 4.3186444193124771 32.397889167070389 8.4632800519466382 14.454371877014639 5.4197859689593333 19.148980788886547 3.9280348718166342 4.8080624639987946 26.503267630934715 3.1007293611764908 7.0810855627059928 114.59522151947021 13.182927433401344 3.3156498447060576 268.29748020321131 18.100987419486046 21.760242365300655
leaf_count=1085 57 1848 23 97 3578 64 41 55 20 97 121 22 792 22 250 59 92 37 139 28 29 217 25 60 831 121 25 1874 141 150
internal_value=-9.17877e-05 0.000439249 -0.00118414 -0.00476011 0.00190141 0.00102722 0.021279 0.00782174 0.0215129 0.013379 0.00447449 0.00528196 0.0114855 0.0433323 -0.00580613 -0.02598 -0.00504748 -0.0160931 0.000302001 -0.0283091 -0.0319756 -0.00348788 0.00895328 -0.0203798 -0.00223751 0.000341615 0.0227015 -0.000894877 0.000272346 0.0016441
internal_weight=1836.05 1817.06 1295.77 600.186 695.581 665.899 23.179 16.637 29.6826 24.6498 521.291 502.983 157.937 8.50558 577.007 20.9124 556.095 68.8035 29.3768 39.4267 10.2278 487.291 7.02876 33.5844 453.707 339.112 17.77 321.342 308.159 290.058
internal_count=12000 10915 8110 4328 3782 3642 153 112 140 117 2805 2684 836 44 4175 156 4019 508 205 303 66 3511 53 277 3234 2403 117 2286 2165 2024
is_linear=0
shrinkage=0.05


Tree=51
num_leaves=31
num_cat=0
split_feature=25 22 18 19 2 3 0 11 15 12 20 2 10 3 17 8 3 13 22 3 13 15 11 3 19 8 4 0 0 0
split_gain=18.8265 4.75038 4.00166 3.65771 3.70266 3.09867 4.78686 3.97325 3.83398 5.57768 4.00011 4.42921 3.12144 5.69514 5.52874 4.8849 6.46272 4.89738 4.54842 4.16147 9.10384 6.71389 5.75089 4.06533 3.79917 3.27612 3.15262 3.09063 4.83976 4.81598
threshold=1.0000000180025095e-35 0.41000000000000009 0.025491442057356085 0.012269324070866823 0.29286910932921029 0.13246836295517281 16.500000000000004 5090.1971796670841 0.047848604109561994 0.22175369228641104 4.4724259817452179 0.22617533170053256 293265.9327979582 0.083222235829224708 0.0074776744859073744 4.3500000000000005 0.058219669150543933 0.14909469990048041 0.80500000000000016 0.069877725203718932 0.21292565962381907 0.050184471556258596 29889.267483146461 0.10942168992744307 0.020643181783651231 4.1500000000000012 631.0158191303143 44.500000000000007 39.500000000000007 37.500000000000007
decision_type=2 2 2 2 2 2 2 2 2 2 2 2 2 2 2 2 2 2 2 2 2 2 2 2 2 2 2 2 2 2
left_child=-1 2 3 4 27 7 -7 -3 -8 10 11 -10 19 14 -14 16 17 -16 -18 21 24 -9 25 -15 26 -23 -21 28 29 -2
right_child=1 5 -4 -5 -6 6 8 12 9 -11 -12 -13 13 23 15 -17 18 -19 -20 20 -22 22 -24 -25 -26 -27 -28 -29 -30 -31
leaf_value=-0.050862081204535926 0.0015587413498642285 0.041782477064084333 0.0016884490033825866 -0.0058375361611169019 0.043467532026069108 0.05930610669261286 -0.0071314016979082354 0.054585078946478904 0.023333743622507151 -0.023903819258788952 0.0080969826275011248 0.067786721009229473 -0.03446689597381767 0.050753909866574756 0.051680793353719084 0.033847632248123302 0.0017843226161228069 -0.0066380114482628792 -0.060501140304620088 -0.041978212166435214 0.031638036892468697 -0.059496775527634486 0.020834081114116519 0.0025206607172712182 -0.054120197905003747 -0.0047057922233048844 0.012168782708346267 0.038870182695624367 -0.017562427720531362 0.04393601711954901
leaf_weight=18.078358648344874 176.16470468789339 6.2794306278228751 913.62945130467415 473.26460972428322 5.2298997566103926 5.8334135562181464 18.724578976631165 5.7386346012353924 15.624901428818704 6.423753395676612 17.805619746446609 8.7368786036968213 9.6836591809988004 11.241772934794428 6.1826649904251125 12.275593608617781 5.422915041446684 8.6173071265220624 6.3788093477487564 5.1160136908292824 6.5234897434711447 5.3540407270193118 10.054174914956091 7.1453077048063269 12.385935604572294 5.5628788471221924 5.664766252040863 5.2335656732320777 33.255872447043657 6.9696307703852645
leaf_count=1085 1198 26 5015 3509 28 25 78 24 67 26 75 37 40 47 25 57 22 35 26 21 27 22 42 30 51 23 23 31 237 48
internal_value=-9.00554e-05 0.000415236 -0.000491132 -0.00333541 0.00188456 0.00762835 0.0158563 0.00298528 0.0120911 0.0194984 0.0261103 0.0392759 0.00101018 0.00831067 -0.000662912 0.00775707 -0.00428265 0.0177246 -0.0318809 -0.00765567 -0.0205376 0.00666377 -0.00644966 0.0320102 -0.0352297 -0.0315772 -0.0135266 0.000903282 -1.49768e-05 0.00317151
internal_weight=1834.6 1816.52 1613.75 700.118 226.854 202.777 73.1491 129.627 67.3157 48.5912 42.1674 24.3618 123.348 66.948 48.5609 38.8773 26.6017 14.8 11.8017 56.3999 29.6902 26.7097 20.9711 18.3871 23.1667 10.9169 10.7808 221.624 216.39 183.134
internal_count=12000 10915 10066 5051 1542 849 308 541 283 205 179 104 515 282 205 165 108 60 48 233 122 111 87 77 95 45 44 1514 1483 1246
is_linear=0
shrinkage=0.05


Tree=52
num_leaves=31
num_cat=0
split_feature=25 23 24 9 8 4 19 9 0 15 10 20 5 22 18 12 0 8 11 15 15 8 12 4 9 5 2 18 12 2
split_gain=17.887 4.44428 4.72315 3.61709 3.49199 4.63213 4.27939 3.95188 4.60449 9.01975 5.07306 4.02925 5.80994 5.72227 8.45944 3.74244 3.42304 6.60271 5.14658 7.19183 4.23043 3.86397 3.51129 4.67607 8.35266 14.6306 6.4885 5.37519 4.36138 6.77369
threshold=1.0000000180025095e-35 0.41500000000000009 1.0000000180025095e-35 1.0000000180025095e-35 3.1500000000000008 341.8581342332497 0.045150564109069917 52.500000000000007 39.500000000000007 0.072075420958162481 630027.74093784101 4.6343258277653989 149000.00000000003 0.41000000000000009 0.01802351752653825 0.19905279457101105 43.500000000000007 4.4500000000000011 70568.65592998371 0.064109245783897553 0.12720211987662375 4.7500000000000009 0.075663966284023373 951.57562622023431 158.50000000000003 149000.00000000003 0.066260217147776607 0.009382175076644966 0.19690851901617376 0.14495972883995048
decision_type=2 2 2 2 2 2 2 2 2 2 2 2 2 2 2 2 2 2 2 2 2 2 2 2 2 2 2 2 2 2
left_child=-1 2 3 -2 5 -5 7 8 11 10 -10 13 -13 -6 -15 -16 20 18 19 -18 22 -19 -9 26 27 -26 -24 -25 -29 -30
right_child=1 -3 -4 4 6 -7 -8 16 9 -11 -12 12 -14 14 15 -17 17 21 -20 -21 -22 -23 23 24 25 -27 -28 28 29 -31
leaf_value=-0.050819331118154766 0.043112637253168828 0.0071276839837170246 0.0021248081723618216 -0.062556245577125233 -0.015010754010811051 -0.011447434576503122 0.0087648827501236506 0.0054633570789816045 -0.015647334382024453 -0.052648123563858042 0.056156740711426324 -0.0076527694900530453 0.049526352602625445 -0.033131582583911627 0.055722141595178881 0.0032362086927160538 0.034100382090115115 0.070313404223682957 0.047948040726655802 -0.035400559092531335 0.0053383189077793256 0.0071254811292034512 0.023642515913286883 0.058026517725382587 -0.00034731468329913867 0.11973420060466278 -0.013223571708283401 -0.022831308221151932 -0.042890239484889299 0.028074504845462613
leaf_weight=17.210768358781934 4.1730607002973548 215.927719168365 822.80698607861996 5.1313525922596446 102.26554871350527 32.589929487556219 72.120236620306969 58.558970086276531 9.3744495362043399 16.776132304221392 3.3349686488509169 11.307132519781591 7.3177506774663916 6.5960849821567562 8.7378810793161374 5.5557989031076422 5.4076059386134245 6.5153536349534971 4.199654482305049 11.942506074905394 116.75213985145092 3.848465159535408 12.637221962213514 3.1950279325246802 6.8193956539034826 4.0389386564493179 214.85328314825892 24.594791568815708 4.5303775817155865 13.045744381844996
leaf_count=1085 24 1082 4835 46 779 245 360 356 65 110 22 68 42 27 39 23 31 34 23 88 727 20 76 19 45 26 1423 168 33 79
internal_value=-8.64464e-05 0.000394641 -0.000514569 -0.00331236 -0.00356329 -0.0183999 -0.00280115 -0.0040608 -0.0106005 -0.0285779 0.00319415 -0.00686173 0.014813 -0.0101396 0.0137069 0.0353214 -0.00177942 0.0140546 -0.00171718 -0.0137388 -0.00288028 0.0468494 -0.00568371 -0.00798447 0.0049274 0.044319 -0.0111756 -0.00450098 -0.0092383 0.00978281
internal_weight=1832.17 1814.95 1599.03 776.22 772.047 37.7213 734.325 662.205 171.266 29.4856 12.7094 141.78 18.6249 123.155 20.8898 14.2937 490.939 31.9136 21.5498 17.3501 459.026 10.3638 342.274 283.715 56.2243 10.8583 227.491 45.3659 42.1709 17.5761
internal_count=12000 10915 9833 4998 4974 291 4683 4323 1175 197 87 978 110 868 89 62 3148 196 142 119 2952 54 2225 1869 370 71 1499 299 280 112
is_linear=0
shrinkage=0.05


Tree=53
num_leaves=31
num_cat=1
split_feature=25 16 22 23 12 9 0 16 18 4 9 14 16 16 3 8 4 8 10 19 0 2 7 2 2 3 3 23 2 14
split_gain=16.9939 4.28395 4.02616 4.22114 5.79495 5.43999 5.44071 5.81496 4.12008 3.77373 3.56361 3.90004 4.66045 3.38076 3.49696 3.32147 3.50625 3.0196 4.15851 3.28897 3.24404 4.12256 3.61685 3.0232 3.12911 3.38971 4.25784 3.60296 2.96117 2.91238
threshold=1.0000000180025095e-35 0.014652335858349528 0.41000000000000009 0.41500000000000009 0.087847663879774732 50.000000000000007 32.500000000000007 0.021567573293229503 0.045460399498225897 214.52421112849933 14.000000000000002 0.1252155423914465 0.0042863578382014737 0.0084857773398316939 0.16002348077162248 4.5500000000000007 1144.4485727749516 3.5500000000000003 387571.41450045846 0.0088374430131409505 23.500000000000004 0.18298498710196337 0 0.091349042448026538 0.11051954475312892 0.072193744419437184 0.082164815648014936 0.025000000000000005 0.1909055583156512 0.10403867820876288
decision_type=2 2 2 2 2 2 2 2 2 2 2 2 2 2 2 2 2 2 2 2 2 2 1 2 2 2 2 2 2 2
left_child=-1 9 15 4 28 6 -6 -8 -7 10 -2 13 -13 14 29 16 -3 18 -11 20 21 -19 -22 -20 -25 -26 -27 -28 -4 -12
right_child=1 2 3 -5 5 8 7 -9 -10 17 11 12 -14 -15 -16 -17 -18 19 23 -21 22 -23 -24 24 25 26 27 -29 -30 -31
leaf_value=-0.050778730642748127 -0.047297900243016833 0.00057315431859015521 0.021175139445949287 0.04452949345884942 0.044486964306038525 -0.010727093016849067 0.030125147057058717 -0.041110738045663349 0.038763257375656474 -0.0025686897353300849 -0.013746191125757777 0.0034445280974615433 -0.046965100027589982 0.0092675986150985244 -0.047694176430425922 0.0075801035656649311 -0.021623829187223567 0.018944866786459316 -0.053412101158300279 -0.00048382854269571639 0.038410608387822405 -0.049597028984761211 -0.0057897832581777497 0.033390696542716057 -0.045657403990073508 0.05174408373796581 -0.052139061726086261 -0.0034449238330298373 0.072681004915950906 0.03806702942707637
leaf_weight=16.384148183278739 6.7964823544025412 745.90569566190243 7.039362892508505 9.1768184155225736 13.315049365162851 44.232074424624443 6.2717527300119382 5.2736063450574875 4.6472080051898947 111.28752476349473 16.354207381606109 7.2325769215822246 12.525329954922197 28.620642401278019 6.410433664917945 180.78902453184128 18.225492760539055 5.3223425075411779 6.2361158281564704 510.73408799991012 16.528650090098381 3.7321043238043785 6.4282748550176647 2.9825159832835189 9.1696721240878123 2.5203668251633671 5.3456385359168079 13.128028027713297 4.6233466267585754 3.2512859851121894
leaf_count=1085 57 4225 30 42 57 181 26 22 20 850 109 51 99 201 45 842 118 33 53 3369 105 25 34 25 84 17 56 95 20 24
internal_value=-8.51635e-05 0.000372677 0.00247011 0.0123058 0.00884319 0.00366344 0.0227061 -0.00241347 -0.00602179 -0.00244202 -0.012641 -0.00947486 -0.0285122 -0.00259052 -0.0156359 0.00148564 4.37283e-05 -0.00124784 -0.00751013 0.000490615 0.0160376 -0.00930705 0.0260339 -0.0214738 -0.0154649 -0.0202956 -0.00921822 -0.0175353 0.0415932 -0.00515372
internal_weight=1830.49 1814.11 1039.5 94.5792 85.4024 73.7397 24.8604 11.5454 48.8793 774.606 81.191 74.3945 19.7579 54.6366 26.0159 944.92 764.131 693.415 150.67 542.745 32.0114 9.05445 22.9569 39.3823 33.1462 30.1637 20.994 18.4737 11.6627 19.6055
internal_count=12000 10915 5583 398 356 306 105 48 201 5332 586 529 150 379 178 5185 4343 4746 1180 3566 197 58 139 330 277 252 168 151 50 133
cat_boundaries=0 1
cat_threshold=2
is_linear=0
shrinkage=0.05


Tree=54
num_leaves=31
num_cat=1
split_feature=25 22 18 4 4 14 23 11 3 19 3 22 0 13 13 19 0 2 13 8 4 20 0 3 17 8 12 0 0 7
split_gain=16.1472 4.03315 3.56427 3.39683 3.69819 4.35967 3.55656 5.72568 4.04387 4.11943 3.88481 3.77137 3.74977 4.83244 4.94091 3.9661 5.17567 3.85563 3.6024 3.60453 6.37249 3.49546 4.49756 3.72926 10.1299 5.05622 3.47341 3.19203 3.18983 4.81315
threshold=1.0000000180025095e-35 0.41000000000000009 0.027129156783076216 1162.0179153267984 1039.2732723019035 0.12931766268926201 0.025000000000000005 53346.597764061757 0.064366389997821752 0.0063810179290487382 0.030999538725619783 0.015000000000000001 39.500000000000007 0.08050592652636987 0.20787772977446531 0.010320236244977245 24.500000000000004 0.2000386366152295 0.12729714745138118 4.0500000000000007 162.54577194222324 4.5249938044849554 38.500000000000007 0.17612561835471538 0.01933063635596095 4.0500000000000007 0.0621048619574424 42.500000000000007 35.500000000000007 0
decision_type=2 2 2 2 2 2 2 2 2 2 2 2 2 2 2 2 2 2 2 2 2 2 2 2 2 2 2 2 2 1
left_child=-1 2 3 4 6 -6 7 8 9 -2 11 -8 15 27 -15 16 17 -12 -10 -20 -21 22 23 26 25 -25 -17 -14 -22 -30
right_child=1 -3 -4 -5 5 -7 10 -9 18 -11 12 -13 13 14 -16 21 -18 -19 19 20 28 -23 -24 24 -26 -27 -28 -29 29 -31
leaf_value=-0.050740175087532757 0.064014441169409519 0.0070249340587021482 0.0017119339792541861 -0.031250290252764205 0.011632061448512799 -0.020361050693276154 -0.0071451901847985836 0.00038055258758642487 -0.0092834633058792807 -0.0050052834173605863 0.012898330091493399 0.061349590835302829 -0.02129456679518342 -0.031457721383203262 0.012114769908389724 -0.03566950649534175 0.033621078439348508 -0.039543034881882516 -0.035842279351430938 0.043288232695269505 -0.03337886115973783 -0.0083759518715455662 0.059611018236291238 -0.061056759545904504 0.10479671736137548 0.041978416122812556 0.002944166346420158 0.039565364487204581 0.032963948515678271 -0.037509283950508239
leaf_weight=15.596627714112399 2.2283810675144187 201.3557455688715 862.11653938889503 10.493442811071871 74.721533447504044 12.417954277247189 3.3577649816870672 148.83749798312783 70.215876739472151 72.437550254166126 10.610243313014506 5.0055787637829781 3.3135728463530523 29.050725426524878 8.3837167769670469 6.227683760225772 20.510102115571499 5.2339894101023665 37.743078887462616 4.3293736651539794 19.529605560004715 87.420261047780514 3.6532049104571334 2.4119880348443976 3.2031027749180794 2.3514965623617172 89.822545982897282 6.1592052429914474 5.4387127161026001 4.3691841140389425
leaf_count=1085 11 849 4668 84 519 95 22 1029 564 573 65 29 21 207 52 53 111 33 353 33 159 589 25 23 18 17 597 38 46 32
internal_value=-8.26957e-05 0.000353106 -0.000480486 -0.00300241 -0.00260129 0.00707283 -0.00389454 -0.00716731 -0.0123612 -0.00294541 0.000273303 0.0338499 -0.000735538 -0.0136263 -0.0216993 0.00187706 0.0170395 -0.00442517 -0.0173253 -0.0252327 -0.0133386 -0.000948402 0.00508223 0.00316711 0.0360403 -0.0101934 0.000440541 0.0182766 -0.0216951 0.0015698
internal_weight=1828.55 1812.95 1611.59 749.477 738.984 87.1395 651.844 365.129 216.292 74.6659 286.715 8.36334 278.352 46.9072 37.4344 231.445 36.3543 15.8442 141.626 71.41 33.6669 195.09 107.67 104.017 7.96659 4.76348 96.0502 9.47278 29.3375 9.8079
internal_count=12000 10915 10066 5398 5314 614 4700 2800 1771 584 1900 51 1849 318 259 1531 209 98 1187 623 270 1322 733 708 58 40 650 59 237 78
cat_boundaries=0 1
cat_threshold=2
is_linear=0
shrinkage=0.05


Tree=55
num_leaves=31
num_cat=0
split_feature=25 16 4 22 23 12 9 0 16 18 9 14 16 14 19 3 8 8 11 2 2 0 0 0 16 9 4 3 12 22
split_gain=15.3428 3.89241 3.44861 3.4054 3.90509 5.3041 4.93733 4.98394 5.2432 3.61128 3.3647 3.58714 4.37096 3.24375 2.93052 5.09615 3.55681 2.8573 3.43905 2.76959 2.69521 3.50342 3.26831 2.67934 5.47877 5.8369 4.49224 3.94304 4.65025 5.84145
threshold=1.0000000180025095e-35 0.014652335858349528 214.52421112849933 0.41000000000000009 0.41500000000000009 0.087847663879774732 50.000000000000007 32.500000000000007 0.021567573293229503 0.042090978849824788 14.000000000000002 0.1252155423914465 0.0042863578382014737 0.11521657841453974 0.048145935752673105 0.14248883256137576 4.2500000000000009 4.4500000000000011 72462.167842908006 0.1909055583156512 0.22077528344790906 34.500000000000007 32.500000000000007 20.000000000000004 0.0093569523496705876 43.500000000000007 275.99619601277425 0.04553004236036625 0.20052460413459747 0.015000000000000001
decision_type=2 2 2 2 2 2 2 2 2 2 2 2 2 2 2 2 2 2 2 2 2 2 2 2 2 2 2 2 2 2
left_child=-1 2 10 14 5 19 7 -7 -9 -8 -2 13 -13 -12 -3 20 -17 18 23 -5 21 -16 -22 24 25 -4 -27 28 -25 -30
right_child=1 3 17 4 -6 6 9 8 -10 -11 11 12 -14 -15 15 16 -18 -19 -20 -21 22 -23 -24 27 -26 26 -28 -29 29 -31
leaf_value=-0.050703555798735492 -0.046389762842861282 0.00076899543877301398 0.060808268380939973 0.019880514449060457 0.04267243308032323 0.042357498681103778 -0.011213556412922434 0.028369898203203917 -0.039261057552468351 0.029913660419575917 -0.0059356561368189087 0.0031916900502846225 -0.045858612664126858 0.041079639716231901 0.0008377674637215463 0.0243578048462543 -0.028615336909415087 0.0028043555529528776 -0.016942410534174623 0.070031036510040529 0.073884231373633161 0.040376141523441184 0.018497708323640203 -0.029765722503518961 -0.026995241306576739 0.048069791719671219 -0.0098639930654047508 0.0019038895527453813 -0.037331287028056277 0.037992651739917394
leaf_weight=14.846416371874509 6.5873999148607245 894.60276865214109 3.6653852090239516 6.9998956024646741 9.0263446122407895 13.178877249360086 42.733008190989494 6.2498432397842389 5.2927110195159912 6.0994024872779837 50.552474237978458 7.2463820651173618 12.169264853000639 3.9557462483644477 16.375090301036838 4.6542487740516654 9.9281550496816617 269.8082776889205 44.423795849084854 4.5375777184963226 4.9987593144178373 8.5165713876485807 5.7014289200305939 21.899137575179338 30.570884346961975 3.6578359864652148 39.262384105473757 267.83997609466314 4.0922683849930745 6.9372467845678329
leaf_count=1085 57 4952 29 30 42 57 174 26 22 27 344 51 99 35 79 22 46 1572 393 20 23 38 25 168 232 24 268 1988 32 40
internal_value=-8.16381e-05 0.000333227 -0.00235423 0.002332 0.0114018 0.00808465 0.00314057 0.0213472 -0.00264153 -0.00607657 -0.0121484 -0.00909718 -0.0275519 -0.00252368 0.00142848 0.013187 -0.011708 -0.00121498 -0.00378264 0.0396042 0.0233867 0.0143656 0.0443724 -0.00223575 -0.0105479 0.000245425 -0.00492664 -0.000103439 -0.0164309 0.0100453
internal_weight=1826.41 1811.56 772.668 1038.89 94.1177 85.0913 73.5538 24.7214 11.5426 48.8324 80.5113 73.9239 19.4156 54.5082 944.777 50.1743 14.5824 692.157 422.349 11.5375 35.5918 24.8917 10.7002 377.925 77.1565 46.5856 42.9202 300.769 32.9287 11.0295
internal_count=12000 10915 5332 5583 398 356 306 105 48 201 586 529 150 379 5185 233 68 4746 3174 50 165 117 48 2781 553 321 292 2228 240 72
is_linear=0
shrinkage=0.05


Tree=56
num_leaves=31
num_cat=1
split_feature=25 24 23 4 4 9 10 0 12 0 11 1 11 23 10 15 3 8 4 11 19 2 6 12 10 13 16 20 4 15
split_gain=14.5799 3.85346 4.08935 6.6678 4.74191 5.33557 5.12482 4.59809 6.86473 6.73535 7.64374 10.3349 6.08033 5.87855 6.29879 5.56299 6.82299 6.54909 5.3586 5.19649 4.88097 4.30537 4.2254 4.12348 3.78414 3.81789 3.65621 4.96811 3.59149 6.42446
threshold=1.0000000180025095e-35 1.0000000180025095e-35 0.025000000000000005 214.52421112849933 125.26509445568747 67.000000000000014 445554.82429495669 40.500000000000007 0.20191905946954772 29.500000000000004 6497.3937977363448 0 31016.810463016391 0.41500000000000009 127465.74358500629 0.14973363269773973 0.079599240444457764 3.7500000000000004 1037.6737750342443 59647.880783371416 0.048793205317006892 0.12420894921737925 10.500000000000002 0.14907690869876403 134565.78739480206 0.17883013105334858 0.010039450358401687 4.357791059661527 1180.0318248663252 0.10558189391131964
decision_type=2 2 2 2 2 2 2 2 2 2 2 1 2 2 2 2 2 2 2 2 2 2 2 2 2 2 2 2 2 2
left_child=-1 2 -2 4 6 -6 26 9 22 10 11 -5 13 -11 -15 17 -17 20 24 -10 21 -12 23 -9 -14 -26 -4 -28 -3 -30
right_child=1 28 3 7 5 -7 -8 8 19 12 15 -13 18 14 -16 16 -18 -19 -20 -21 -22 -23 -24 -25 25 -27 27 -29 29 -31
leaf_value=-0.050668772994009938 -0.004965743794635157 0.0029322330688675144 -0.022127628021661409 0.09162317667537781 0.0034670358746442067 -0.057934661621504381 -0.036052464690926017 -0.011241360877361318 0.053103136203284135 0.02003712139067497 0.0023006721203997263 0.0035005024724037944 -0.044596288664575892 0.011641834397531751 0.091050901166798009 0.077772907707403832 0.0011584792551430003 0.00067730395017287113 0.06442485692621748 -0.017827532703889822 0.028739969627354225 -0.039625979475724389 0.018840513785228698 -0.046848857329249476 0.013136807494790495 -0.016306978258078145 -0.0034803414251993515 0.066177961811520802 0.0078469820543007295 -0.062541537226945124
leaf_weight=14.131798353046177 509.04856301099062 916.77138851583004 4.7446659654378918 5.164343535900116 5.2059356346726444 11.042956862598656 7.6909369155764571 19.02077753469348 6.6278280541300756 42.200038969516754 7.9980902001261702 9.3524230718612653 4.0643497854471198 3.9740829765796644 6.7197544127702713 4.5287588387727729 8.1098877191543561 99.950254373252392 3.644918054342269 4.2302081659436226 3.9761391133069983 26.118818290531635 6.0907518342137328 14.200792595744131 41.637679532170296 14.967324070632456 5.1759828031063062 5.0639580339193344 7.3017656579613668 5.8299954459071159
leaf_count=1085 3341 5286 38 25 35 67 46 117 36 243 53 49 29 22 33 25 48 589 21 28 19 170 36 87 245 95 25 27 44 36
internal_value=-7.92533e-05 0.000315632 -0.00205489 0.0019337 -0.0176464 -0.0382623 -0.00287346 0.00422534 -0.00972313 0.00670333 0.000199213 0.0348502 0.0158705 0.0284281 0.0615406 -0.00313908 0.0286114 -0.00604602 0.00554283 0.0254691 -0.023687 -0.029797 -0.0194432 -0.026462 0.00200529 0.00535137 0.0141559 0.0309678 0.00256034 -0.0234028
internal_weight=1824.59 1810.45 880.55 371.502 38.9244 16.2489 22.6755 332.577 50.1704 282.407 165.199 14.5168 117.208 52.8939 10.6938 150.682 12.6386 138.043 64.3143 10.858 38.093 34.1169 39.3123 33.2216 60.6694 56.605 14.9846 10.2399 929.903 13.1318
internal_count=12000 10915 5549 2208 238 102 136 1970 304 1666 978 74 688 298 55 904 73 831 390 64 242 223 240 204 369 340 90 52 5366 80
cat_boundaries=0 1
cat_threshold=2
is_linear=0
shrinkage=0.05


Tree=57
num_leaves=31
num_cat=0
split_feature=25 8 17 2 4 23 23 14 8 16 4 17 3 15 8 2 23 4 14 4 9 2 13 6 18 16 15 2 12 4
split_gain=13.8551 3.57994 4.29815 5.45863 4.02722 3.86042 7.05904 5.63174 3.62156 3.93677 3.52893 3.51307 4.95097 3.35906 3.25051 3.45639 3.2998 3.37936 9.78938 5.12184 4.51869 3.14308 5.80854 3.02026 4.12945 3.63321 3.86128 3.99511 3.59244 5.19473
threshold=1.0000000180025095e-35 4.4500000000000011 0.017383612839079399 0.063262906114569098 114.05531082463025 0.025000000000000005 0.015000000000000001 0.10811306090268789 4.1500000000000012 0.0232368134140493 1162.0179153267984 0.017457566662178174 0.10773532817250896 0.11065770997552546 4.9500000000000011 0.053041780865135453 0.41500000000000009 586.87824822299683 0.11261501299455161 709.21610582530604 117.50000000000001 0.068394962669550238 0.19241600572328624 9.5000000000000018 0.040182121082477588 0.017405433798129734 0.11460154951425508 0.24054334144023015 0.19598561495362468 1065.7503850930889
decision_type=2 2 2 2 2 2 2 2 2 2 2 2 2 2 2 2 2 2 2 2 2 2 2 2 2 2 2 2 2 2
left_child=-1 2 3 5 8 6 -2 -7 9 13 11 12 -6 -4 15 -3 -17 18 20 -19 -18 22 -5 24 28 26 -25 -28 29 -23
right_child=1 14 4 21 10 7 -8 -9 -10 -11 -12 -13 -14 -15 -16 16 17 19 -20 -21 -22 23 -24 25 -26 -27 27 -29 -30 -31
leaf_value=-0.050635729348346148 0.0022138670952996319 -0.030920084201298045 0.028519443935882013 -0.046885225061032126 0.063402579263084277 -0.037430222406805554 0.078117725675536293 0.034149494492840785 -0.0096319697221587848 0.0055008836109485468 -0.029057065223134945 0.00072639167181387824 -0.0054225947333589285 0.082148475573059265 -0.017024932650811248 0.0035630683311675205 0.001579074831619477 0.061992446171713483 -0.050769311170892943 0.01539026921382416 0.050105591143304207 -0.0038224441918772003 0.0073664211046960476 -0.0040502588670060097 0.0062319978893788704 -0.052793044431747288 -0.03199608744341547 0.0014112215401583352 -0.014142628885955012 0.028788551829441816
leaf_weight=13.451132629998027 6.3577569648623484 6.7790071144700041 7.9184751212596947 11.957568541169168 5.3738990873098356 5.5541306734085065 5.9108307361602783 5.4387266859412193 7.8390027210116378 9.4028939604759199 9.78531366586685 644.56744042783976 5.0859349519014359 4.6253866851329803 18.100277975201607 440.04150646179914 12.366612367331987 8.0494493842124957 6.3496852070093146 22.038062371313572 7.8376803696155539 191.6601836681366 8.3994973674416524 109.80824098363519 106.90584433823824 4.8868867829442015 29.417401276528835 12.862059269100426 81.767942056059837 13.042692370712755
leaf_count=1085 36 38 38 97 28 41 40 36 39 43 64 3522 28 20 121 2387 58 34 32 101 34 1491 59 791 614 33 237 98 656 99
internal_value=-7.79459e-05 0.00029775 -0.00111691 -0.00423969 0.00155346 0.0195024 0.0387833 -0.00201609 0.0195401 0.0299599 0.000747603 0.00119285 0.0299374 0.0482945 0.0037928 0.00454123 0.00502523 0.0163846 0.00338444 0.027858 0.0204036 -0.00520739 -0.0245005 -0.00449375 -0.00215393 -0.0103573 -0.00899377 -0.0218331 -0.00528341 -0.00174463
internal_weight=1823.58 1810.13 1288.57 593.97 694.598 23.2614 12.2686 10.9929 29.7858 21.9468 664.813 655.027 10.4598 12.5439 521.562 503.462 496.683 56.6415 26.554 30.0875 20.2043 570.708 20.3571 550.351 393.377 156.975 152.088 42.2795 286.471 204.703
internal_count=12000 10915 8110 4328 3782 153 76 77 140 101 3642 3578 56 58 2805 2684 2646 259 124 135 92 4175 156 4019 2860 1159 1126 335 2246 1590
is_linear=0
shrinkage=0.05


Tree=58
num_leaves=31
num_cat=0
split_feature=25 24 23 4 4 9 10 0 2 15 13 0 13 14 20 3 3 20 4 16 23 4 17 12 13 16 4 5 22 10
split_gain=13.1672 3.52243 3.66684 6.05111 4.34647 5.02462 4.6657 4.15673 6.56965 7.66948 6.07177 7.36698 4.77884 4.58422 4.2458 8.5997 4.86484 4.41186 5.65317 4.27581 4.37716 5.19796 6.28623 3.73723 4.10532 3.63123 3.63033 3.59116 3.50425 6.82803
threshold=1.0000000180025095e-35 1.0000000180025095e-35 0.025000000000000005 214.52421112849933 125.26509445568747 67.000000000000014 445554.82429495669 40.500000000000007 0.28052512777726302 0.072874359638115602 0.20506938913575207 35.500000000000007 0.1955333848146662 0.036743511245904699 4.5853760917360082 0.052264845363687258 0.17612561835471538 4.6426242925721448 654.05004501548149 0.0072445886101017327 0.41500000000000009 936.70480484148879 0.023968054957476056 0.24430682898250919 0.22820192712935708 0.019672608981063336 614.52562166793359 1.0000000180025095e-35 0.41000000000000009 43697.100668689505
decision_type=2 2 2 2 2 2 2 2 2 2 2 2 2 2 2 2 2 2 2 2 2 2 2 2 2 2 2 2 2 2
left_child=-1 2 -2 4 6 -6 -4 10 9 12 14 23 13 -9 16 -16 19 27 -19 -5 -21 22 -22 24 -12 -20 -26 -17 -3 -30
right_child=1 28 3 7 5 -7 -8 8 -10 -11 11 -13 -14 -15 15 17 -18 18 25 20 21 -23 -24 -25 26 -27 -28 -29 29 -31
leaf_value=-0.050604340724411716 -0.0047503567559849117 0.0014411991479951927 0.013232436323868783 -0.008500769708404337 0.0033266902711814104 -0.056510066978898668 -0.034874823170151954 -0.040412892000135085 -0.054842510093223051 -0.0186468254657438 -0.022213250247290709 0.034901201553121007 0.057074559007049365 0.030248791692813359 0.040975162680166426 -0.044288781112183234 0.043320521155239954 -0.025073581188030158 0.051744595389320892 0.009331095410119776 0.031125661170784798 0.063873360105282384 -0.027840473186798304 -0.062949421014210458 -0.033364050394908709 -0.007388392163094489 0.030573008945724761 -0.0076964355204564919 0.070864493425737182 0.0086512361846559482
leaf_weight=12.802849919535218 507.64778830856085 843.52776023000479 15.057564597576858 23.305729355663061 5.2120079025626174 10.733458090573547 7.5758413821458808 3.8094335049390811 6.8465810678899279 26.643509093672037 29.427001383155584 8.0967838801443559 6.7544964328408232 5.7747036144137383 9.5624014288187009 12.142325840890409 12.810678109526632 7.9093956947326687 7.107246167957781 101.73831233382225 22.221377864480022 8.4604752361774427 5.6739460974931708 4.015742100775241 3.042522504925727 4.0903068333864212 8.2137474417686445 14.972917966544626 4.660530373454093 82.147408664226532
leaf_count=1085 3341 4997 90 185 35 67 46 20 45 169 169 50 36 34 56 76 79 45 38 567 112 40 26 36 22 20 50 95 20 349
internal_value=-7.62583e-05 0.000281309 -0.00198863 0.00178829 -0.0169566 -0.0369516 -0.00287 0.00396242 -0.0093533 -0.00210737 0.0063087 -0.00898296 0.0248636 0.0021627 0.00981893 -0.0021863 0.0136632 -0.0111155 0.00728656 0.0113092 0.0146525 0.0295438 0.0191319 -0.0169321 -0.0123899 0.0301442 0.0132911 -0.0240826 0.00242561 0.0119913
internal_weight=1821.98 1809.18 878.846 371.199 38.5789 15.9455 22.6334 332.62 49.8287 42.9821 282.791 52.7958 16.3386 9.58414 229.995 55.7846 174.211 46.2222 19.1069 161.4 138.094 36.3558 27.8953 44.699 40.6833 11.1976 11.2563 27.1152 930.336 86.8079
internal_count=12000 10915 5549 2208 238 102 136 1970 304 259 1666 327 90 54 1339 330 1009 274 103 930 745 178 138 277 241 58 72 171 5366 369
is_linear=0
shrinkage=0.05


Tree=59
num_leaves=31
num_cat=0
split_feature=25 16 8 4 4 4 12 14 8 2 3 17 2 16 4 3 20 10 11 4 16 22 8 10 6 15 0 18 4 0
split_gain=12.5141 3.31248 3.09274 3.14893 5.0852 4.79464 8.79101 6.98356 5.91354 5.48012 6.52781 4.29651 4.27843 5.61829 3.32195 3.07532 4.66626 6.08717 3.81467 3.9634 7.09475 4.58843 3.43249 3.32197 3.25432 3.2388 3.47089 7.25208 3.11115 3.02048
threshold=1.0000000180025095e-35 0.014652335858349528 4.5500000000000007 837.42870005570205 906.13520249935311 614.52562166793359 0.21062257716247254 0.11082029605661337 4.7500000000000009 0.23901687473018693 0.042477296560420714 0.019998926757679395 0.14289258036271099 0.01854369909925466 742.37214771362528 0.17612561835471538 4.5986040949059968 69428.865556254503 90080.483299358195 908.58998349959063 0.0045203863568305082 0.015000000000000001 3.3500000000000001 31172.04014059262 1.0000000180025095e-35 0.12370859139247681 41.500000000000007 0.024893696566187385 125.26509445568747 12.500000000000002
decision_type=2 2 2 2 2 2 2 2 2 2 2 2 2 2 2 2 2 2 2 2 2 2 2 2 2 2 2 2 2 2
left_child=-1 15 29 5 -5 7 8 9 -7 10 -4 -11 13 -9 -8 22 17 -17 19 21 -21 -19 28 24 -24 26 27 -23 -2 -3
right_child=1 2 3 4 -6 6 14 12 -10 11 -12 -13 -14 -15 -16 16 -18 18 -20 20 -22 25 23 -25 -26 -27 -28 -29 -30 -31
leaf_value=-0.050574520675786876 -0.044886799424677062 -0.01960299009690283 -0.013883769873104629 0.052419377806540636 0.011287606067203594 0.044294854551082098 -0.068346466963199404 -0.027831557392102413 -0.0067677210251680308 0.03037704550035681 0.036282625084770877 -0.028849257212580644 -0.031100797812052092 0.050915374716152352 -0.02001076470761606 -0.045760912586075689 -0.041433458639950065 -0.041776595870993874 0.042898249120115188 0.07970309668240172 -0.0022586456012071584 0.044722549918703239 0.025564465848496983 -0.0006574263760101538 -0.0071307069648730396 -0.044914848731898799 0.046650099281278501 -0.044634749483908026 -0.0072928488174415071 0.0012394068316629444
leaf_weight=12.185447630472479 5.8006926067173472 17.756190441548824 7.8142637312412253 8.6607431620359403 56.770778313279152 7.3593156635761252 6.5634388923645002 4.3336376845836657 24.700571089982986 4.6729792952537528 38.108575940132141 8.8832405805587751 13.442682072520254 4.7452010661363602 7.75418521463871 8.3647186085581762 11.504116643220184 10.373838871717455 4.7726961672306052 3.4183868020772925 11.599890783429144 3.9500020891428012 23.996865890920162 554.5670693218708 11.145852737128733 3.2024894393980494 4.5520825237035742 5.3405693396925926 107.35108219087124 826.69269245117903
leaf_count=1085 52 106 36 40 262 34 31 21 115 21 176 41 65 22 38 61 86 81 34 26 86 31 135 3735 67 26 31 37 844 4575
internal_value=-7.47087e-05 0.000265609 0.0021085 0.00780474 0.016732 0.00325473 -0.00959391 0.0105216 0.00495364 0.0195004 0.0277463 -0.00843329 -0.0131912 0.0133268 -0.0421687 -0.00221951 -0.0124484 -0.00644843 0.000517 -0.0042494 0.0163971 -0.0155582 -0.0012433 0.000287264 0.0151949 0.000398645 0.0108819 -0.00664338 -0.00922009 0.000801155
internal_weight=1820.38 1808.2 1038.26 193.81 65.4315 128.378 46.3775 82.0006 32.0599 59.4791 45.9228 13.5562 22.5215 9.07884 14.3176 769.94 67.0788 55.5747 47.21 42.4373 15.0183 27.419 702.862 589.71 35.1427 17.0451 13.8427 9.29057 113.152 844.449
internal_count=12000 10915 5583 902 302 600 218 382 149 274 212 62 108 43 69 5332 499 413 352 318 112 206 4833 3937 202 125 99 68 896 4681
is_linear=0
shrinkage=0.05


Tree=60
num_leaves=31
num_cat=0
split_feature=25 22 18 4 4 14 11 11 9 4 9 9 3 19 20 18 16 24 23 11 3 3 4 16 18 9 11 10 4 10
split_gain=11.8937 3.29037 3.03872 2.99363 3.20196 3.89501 3.04391 5.81312 3.75802 7.59604 9.18365 7.31356 4.33613 3.88087 7.47236 4.79021 3.70955 3.66936 3.00896 5.20183 3.79226 3.68728 4.29149 7.51734 6.51537 4.37118 4.71138 3.86204 8.77607 4.33578
threshold=1.0000000180025095e-35 0.41000000000000009 0.027129156783076216 1162.0179153267984 1039.2732723019035 0.12931766268926201 5865.6425907340799 10121.76598669134 114.00000000000001 1077.2027690103353 126.50000000000001 159.50000000000003 0.072193744419437184 0.021772952920942185 4.6105430569297523 0.0073934834131146035 0.0092746180919240032 1.0000000180025095e-35 0.025000000000000005 53346.597764061757 0.064366389997821752 0.030999538725619783 906.13520249935311 0.0090580339655182644 0.0068641209981332076 8.5000000000000018 40763.651872254442 99224.884178251101 528.47871061378908 144471.61523544075
decision_type=2 2 2 2 2 2 2 2 2 2 2 2 2 2 2 2 2 2 2 2 2 2 2 2 2 2 2 2 2 2
left_child=-1 2 3 4 18 6 -6 -8 12 10 -10 17 -9 15 -15 -14 -17 -11 19 20 21 -2 24 -24 -23 -26 27 -27 -29 -30
right_child=1 -3 -4 -5 5 -7 7 8 9 11 -12 -13 13 14 -16 16 -18 -19 -20 -21 -22 22 23 -25 25 26 -28 28 29 -31
leaf_value=-0.050546185151159453 -0.041874069555716799 0.0062954525524421233 0.0015198795694750869 -0.029826974858887547 -0.028320436151707973 -0.019653792724559971 0.081185830470070414 -0.042879100218792009 0.068482237492100625 -0.006798312776389915 -0.023218684131181531 0.10109641195424202 -0.036396589613101778 -0.05115251082282795 0.048255105856865176 0.072553815305225575 0.016509685816461811 0.059173082454306115 0.00015342462709819671 0.00048214925939264606 -0.016561034302284856 0.06911118252349982 0.045815190878423812 -0.037663162626324277 0.058531854893974916 -0.018140294098007347 -0.035303203550550853 -0.014295739165451338 0.095477766765518945 0.028897163875549903
leaf_weight=11.597489863634108 5.5221276879310599 200.18123579025269 861.82387322559953 10.135876119136809 4.6732127070426932 12.237567011266945 3.0226551741361609 5.0452046617865554 3.6311994381248978 4.538667503744362 11.004617698490618 4.7975412607192984 3.6478675603866604 6.3293784782290441 2.6954934522509575 3.5146687626838711 18.461955882608891 3.9352942481637001 286.02404454723001 148.43047212809324 139.47201668098569 3.9943996071815482 3.3604029491543796 13.657478164881466 3.2576299160718909 11.110425651073454 8.3547098077833635 11.669612515717747 3.2373646050691596 9.9926562719047052
leaf_count=1085 43 849 4668 84 34 95 19 35 23 35 78 34 25 55 20 22 117 22 1900 1029 1187 23 29 109 20 95 71 90 26 78
internal_value=-7.33504e-05 0.000250453 -0.000502292 -0.00283919 -0.00246734 0.00650851 0.0107605 0.0133464 0.0103132 0.0243729 -0.000467352 0.0517667 0.000428463 0.00673437 -0.0214621 0.0166651 0.0254727 0.0238387 -0.00367969 -0.00670782 -0.0117034 -0.00256742 0.000595065 -0.0211793 0.00777399 0.00262924 -0.00147559 0.00637276 0.0173107 0.0451893
internal_weight=1819.36 1807.76 1607.58 745.755 735.619 87.5353 75.2978 70.6245 67.6019 27.9073 14.6358 13.2715 39.6946 34.6494 9.02487 25.6245 21.9766 8.47396 648.083 362.059 213.629 74.1568 68.6347 17.0179 51.6168 47.6224 44.3648 36.0101 24.8996 13.23
internal_count=12000 10915 10066 5398 5314 614 519 485 466 192 101 91 274 239 75 164 139 57 4700 2800 1771 584 541 138 403 380 360 289 194 104
is_linear=0
shrinkage=0.05


Tree=61
num_leaves=31
num_cat=0
split_feature=25 24 14 2 14 2 4 16 16 12 4 3 19 9 3 3 9 16 2 2 20 2 19 15 6 16 6 19 20 20
split_gain=11.3042 3.1895 3.57255 6.59062 3.24983 6.05242 5.81411 4.74216 6.16826 3.74764 4.10404 4.14116 3.77623 3.66737 3.64151 3.62091 4.26543 4.05306 5.37163 4.8939 5.90348 4.68226 4.48435 5.49672 11.6408 5.54362 4.91288 4.67119 4.43653 4.41569
threshold=1.0000000180025095e-35 1.0000000180025095e-35 0.1480119648045943 0.18298498710196337 0.12364687228056645 0.22838240328443471 227.19427404904192 0.0023080842477231777 0.0031002098211079889 0.073063662157577078 942.98384819481134 0.15856879947219102 0.012571630308548092 168.50000000000003 0.12480249204972572 0.033680296099405108 91.500000000000014 0.007447326236067464 0.2000386366152295 0.17262221158991101 4.3620486254916635 0.053041780865135453 0.024061054794988376 0.058179972177174293 37.500000000000007 0.024662107443910199 39.000000000000007 0.040249262142829895 4.6781477005728016 4.5249938044849554
decision_type=2 2 2 2 2 2 2 2 2 2 2 2 2 2 2 2 2 2 2 2 2 2 2 2 2 2 2 2 2 2
left_child=-1 2 -2 -4 15 6 -6 -8 -9 -7 11 12 -11 14 -14 16 -3 18 19 -17 -21 -19 28 25 -25 26 -24 -26 -23 -28
right_child=1 4 3 -5 5 9 7 8 -10 10 -12 -13 13 -15 -16 17 -18 21 -20 20 -22 22 23 24 27 -27 29 -29 -30 -31
leaf_value=-0.050519263072050402 -0.0022390910789162432 0.045665839912287433 0.072279609164496397 -0.017627185184293435 -0.033708819766814301 0.05377500076644659 0.040960103379869023 -0.058268724188021828 -0.0042882456301387428 -0.03984862410967191 -0.014415539272434219 0.057597216478607098 0.012327397026469398 -0.027141682549909465 0.057955830460178395 -0.0023143526724295565 0.0013687481084712883 -0.030095962796069239 -0.018086481260953132 0.074062549827644916 0.0010699294080535786 -0.00023275081753972211 -0.0058703176019947109 0.019083083252820182 -0.0092784150080768429 0.020798996488590394 -0.0030759176444127008 -0.072681211555644776 0.057064322974013953 0.070980037035790478
leaf_weight=11.037604380398987 868.3170692846179 11.099826842546465 4.4296899139881116 3.7758544310927391 19.811362475156784 4.5712716132402411 5.4589459896087638 5.5318919122219077 122.09238774329424 3.5249630138277999 16.314543597400188 5.0664597228169432 21.013994611799724 4.4682004153728476 5.5216941088438025 53.14805805683136 10.647221259772776 9.3842468187212926 48.035345867276192 5.0566309094428998 6.1258780956268311 249.93358586728573 104.56680108606815 162.29310274124146 9.165448419749735 31.355315789580345 3.9507002010941488 4.2530577927827826 3.4247553944587699 4.1037489324808121
leaf_count=1085 5498 62 27 24 130 29 39 38 715 24 100 28 121 24 34 324 55 50 315 34 40 1515 561 848 50 150 22 22 16 20
internal_value=-7.30004e-05 0.000235233 -0.00192878 0.0309082 0.00227499 -0.00314161 -0.00843795 -0.00467602 -0.00662804 0.0102474 0.00668851 0.0153841 0.00919008 0.0147655 0.021822 0.00388797 0.0239783 0.00325915 -0.00543521 0.00401143 0.0340765 0.00493651 0.00551021 0.00944779 0.0153826 0.00220488 -0.00297198 -0.0293742 0.000541759 0.0346557
internal_weight=1817.48 1806.44 876.523 8.20554 929.919 213.376 152.895 133.083 127.624 60.4811 55.9099 39.5953 34.5289 31.0039 26.5357 716.544 21.747 694.797 112.366 64.3306 11.1825 582.431 573.047 319.688 175.712 143.977 112.621 13.4185 253.358 8.05445
internal_count=12000 10915 5549 51 5366 1282 922 792 753 360 331 231 203 179 155 4084 117 3967 713 398 74 3254 3204 1673 920 753 603 72 1531 42
is_linear=0
shrinkage=0.05


Tree=62
num_leaves=31
num_cat=1
split_feature=25 23 24 2 14 2 23 2 3 3 17 2 3 10 2 16 2 15 4 3 3 1 0 0 10 0 9 14 2 15
split_gain=10.7446 3.16607 3.19178 3.1889 3.62309 8.06408 5.76154 5.27259 5.20399 3.93971 4.09045 6.81264 6.87555 7.00216 4.85733 4.8259 5.2118 4.62944 8.38572 5.11717 4.97972 5.55757 4.44216 4.43467 4.42213 4.35673 4.24084 4.20551 5.8928 4.1451
threshold=1.0000000180025095e-35 0.41500000000000009 1.0000000180025095e-35 0.29006322488967301 0.13329266567940198 0.26368645328283874 0.025000000000000005 0.069819852379753064 0.13348830153994698 0.037367431432758794 0.0071708688924101167 0.2000386366152295 0.06399620473562477 298307.75278838747 0.053041780865135453 0.0011462091090874717 0.18422941256060241 0.12283320955979979 1065.7503850930889 0.050724033783506185 0.060867706294621793 0 41.500000000000007 24.500000000000004 357450.09895673866 38.500000000000007 101.00000000000001 0.11481900008773842 0.26164371841699391 0.084896143944393168
decision_type=2 2 2 2 2 2 2 2 2 2 2 2 2 2 2 2 2 2 2 2 2 1 2 2 2 2 2 2 2 2
left_child=-1 2 -2 4 9 7 8 -6 -7 -4 11 15 13 -13 24 -11 22 27 19 -19 -21 23 25 -22 -12 -17 -18 29 -29 -16
right_child=1 -3 3 -5 5 6 -8 -9 -10 10 14 12 -14 -15 17 16 26 18 -20 20 21 -23 -24 -25 -26 -27 -28 28 -30 -31
leaf_value=-0.050493685622273216 -0.0028671059603811236 0.0059095189273264187 0.025474098950396956 -0.013974688609984062 0.025628169865700802 0.0089354816251019271 -0.015642197146943235 -0.016036981474908424 0.077399017048252527 0.056156706589477662 -0.062033843751098855 0.067828041810418502 -0.033430766442222384 -0.026662014630584169 0.0021412202527330399 -0.0049222193711260295 -0.0018179353366939482 -0.015995239373949019 -0.040257586990324092 0.080065703177684341 0.099925978404981602 0.014540122410407945 -0.049468269502098365 0.030854658704716004 0.0049891408407086359 0.054468969238810443 0.075232217452091119 -0.020159657819987454 0.031355005939982965 0.012821388629160491
leaf_weight=10.504478560760615 768.01665361225605 215.45288351923227 19.945533253252506 31.544545695185661 8.364399351179598 5.0917732715606707 5.6605862379074088 82.341266840696335 6.1017777919769287 4.1351257115602484 5.1812872961163503 3.7917034700512877 30.888237282633781 4.0600651353597641 334.14162742346525 41.097861513495445 3.2922690436244002 6.452359050512313 5.377480834722518 4.7457222640514365 3.866951197385788 28.271182246506214 5.1607353165745726 5.8234068900346756 4.6876905411481857 3.3387005850672713 3.9029678031802177 33.974015705287457 6.6356327906250945 124.77263098955154
leaf_count=1085 4998 1082 112 189 50 29 32 513 34 30 29 25 218 29 1893 259 23 34 29 25 21 149 33 33 26 23 26 211 38 722
internal_value=-7.18822e-05 0.000221374 -0.000549076 0.00161502 0.00223664 -0.00629339 0.025467 -0.0121948 0.046256 0.0035789 0.0029208 -0.00641687 -0.0228106 0.0189682 0.00457112 0.00400687 0.000209782 0.00519044 0.0190225 0.0255071 0.0317774 0.0257406 -0.00555937 0.0584177 -0.0301984 -0.000459917 0.039977 0.00368027 -0.0117421 0.00504501
internal_weight=1816.62 1806.12 1590.66 822.648 791.103 107.56 16.8541 90.7057 11.1936 683.543 663.598 99.6677 38.74 7.85177 563.93 60.9277 56.7925 554.061 54.5371 49.1596 42.7073 37.9615 49.5973 9.69036 9.86898 44.4366 7.19524 499.524 40.6096 458.914
internal_count=12000 10915 9833 4835 4646 658 95 563 63 3988 3876 666 272 54 3210 394 364 3155 291 262 228 203 315 54 55 282 49 2864 249 2615
cat_boundaries=0 1
cat_threshold=1
is_linear=0
shrinkage=0.05


Tree=63
num_leaves=31
num_cat=0
split_feature=25 22 3 20 8 0 18 10 11 2 11 18 2 19 18 12 3 16 19 20 14 24 15 4 19 19 4 23 0 23
split_gain=10.213 3.03154 2.80132 3.71154 5.3944 4.2212 3.86643 3.70886 9.78009 7.01099 4.95211 3.30173 3.22121 3.35956 3.21565 3.05865 3.93704 3.69895 3.24255 2.95578 2.95266 3.95109 3.15497 2.86671 2.86072 2.77971 2.76856 2.56362 4.79984 7.64488
threshold=1.0000000180025095e-35 0.41000000000000009 0.10299926271842851 4.4476065750779448 3.2500000000000004 16.500000000000004 0.0092461031794221649 92656.061223198791 28293.883893365866 0.10388757216589029 14072.743725111866 0.042658194128189011 0.26164371841699391 0.045734639851514207 0.018772715056741402 0.13937514635157736 0.15186481124958054 0.020343136696167264 0.032414624063945977 4.6671812743909502 0.055461480381762483 1.0000000180025095e-35 0.085018250015666888 622.19353438341284 0.030241458568216899 0.045335004128507307 351.12628462265786 0.41500000000000009 37.500000000000007 0.80500000000000016
decision_type=2 2 2 2 2 2 2 2 2 2 2 2 2 2 2 2 2 2 2 2 2 2 2 2 2 2 2 2 2 2
left_child=-1 25 7 5 -5 -4 -7 -3 9 -9 -11 19 13 14 -8 17 -17 18 -6 20 21 -10 23 -22 -16 27 -24 -2 29 -29
right_child=1 2 3 4 15 6 12 8 11 10 -12 -13 -14 -15 24 16 -18 -19 -20 -21 22 -23 26 -25 -26 -27 -28 28 -30 -31
leaf_value=-0.050469376176258053 -0.0019571871555583396 0.023442660449936994 0.063714785279567171 -0.042158165752486911 -0.053415251495647131 -0.029784354966003942 -0.0048362355959905992 0.010075409777953501 0.01033455553421136 -0.011668320172399171 -0.069964532704013566 -0.023834339589492586 0.048335812373548864 -0.023768961837701788 0.055530608961644495 0.048133903002141501 0.0030035355271662862 0.025174280908045493 0.00042929468193329086 -0.026016688569103052 0.0081329135759419507 0.070883535015516877 0.044908900779906884 -0.037962951035938872 0.017298911098365118 0.0060196422551023268 0.0084849947558301581 0.037244471848569306 -0.012380728094884618 0.0038355611104388433
leaf_weight=9.9968604138120991 1280.6857851594687 14.830961838364599 5.2141751945018759 6.1374192237853995 5.0718467086553591 4.1495579630136481 8.9376532882452029 7.0427529364824322 6.0868960469961149 5.5771544128656414 10.503934845328329 7.982827126979827 8.5059365183114988 5.0325641036033621 7.5893570184707668 8.2821231931448001 11.602290868759153 5.8764032125473014 6.2312391549348831 5.0592092275619498 7.8585535734891874 4.833978533744812 6.9645164161920574 5.9090157747268677 13.771572560071943 147.77573816478252 20.791859641671181 19.885440014302731 34.168150581419468 123.27262555062771
leaf_count=1085 8383 64 23 25 21 17 37 29 27 24 44 35 37 21 33 36 49 25 27 21 33 22 29 25 59 773 86 97 180 633
internal_value=-7.10234e-05 0.000208007 0.00601546 0.0121476 0.00126042 0.0209884 0.0163458 0.000300646 -0.00357268 -0.0315268 -0.0497466 0.00629809 0.0207124 0.0140621 0.0203458 0.00845011 0.0218009 -0.00700281 -0.0237315 0.0104811 0.014002 0.0371357 0.00791777 -0.0116513 0.0308823 -0.000514744 0.0176243 -0.00117703 0.00445741 0.00847624
internal_weight=1815.63 1805.63 199.844 96.4021 43.2013 53.2008 47.9866 103.442 88.6107 23.1238 16.0811 65.4869 43.8371 35.3311 30.2986 37.0639 19.8844 17.1795 11.3031 57.504 52.4448 10.9209 41.5239 13.7676 21.3609 1605.79 27.7564 1458.01 177.326 143.158
internal_count=12000 10915 849 410 183 227 204 439 375 97 68 278 187 150 129 158 85 73 48 243 222 49 173 58 92 10066 115 9293 910 730
is_linear=0
shrinkage=0.05


Tree=64
num_leaves=31
num_cat=0
split_feature=25 8 17 2 4 10 14 23 23 14 24 10 6 16 4 17 3 2 13 2 14 4 23 11 2 18 20 11 17 0
split_gain=9.70908 2.96882 3.64419 4.89912 3.58777 7.22936 5.67028 3.44956 6.15108 4.81807 3.38512 3.40125 3.18341 3.07341 3.05322 3.25025 4.06304 2.97078 5.23483 2.8097 3.99832 2.74815 4.98737 5.48262 4.48234 3.97129 3.66136 3.54106 3.42302 3.34481
threshold=1.0000000180025095e-35 4.4500000000000011 0.017383612839079399 0.063262906114569098 144.53792645830043 406348.29199594358 0.049658197890165422 0.025000000000000005 0.015000000000000001 0.10811306090268789 1.0000000180025095e-35 489668.01271250815 1.0000000180025095e-35 0.024207164540857081 1162.0179153267984 0.017457566662178174 0.10773532817250896 0.068394962669550238 0.19241600572328624 0.19250080687260318 0.10232849335056456 221.53728101445805 0.025000000000000005 28293.883893365866 0.23901687473018693 0.040182121082477588 4.242006918517041 92268.717781698288 0.0090734988880236001 39.500000000000007
decision_type=2 2 2 2 2 2 2 2 2 2 2 2 2 2 2 2 2 2 2 2 2 2 2 2 2 2 2 2 2 2
left_child=-1 2 3 7 5 6 13 8 -2 -9 11 -7 -12 -4 15 16 -6 18 -5 20 -8 22 24 25 26 -24 -19 -23 -26 -29
right_child=1 -3 4 17 14 10 19 9 -10 -11 12 -13 -14 -15 -16 -17 -18 21 -20 -21 -22 27 23 -25 28 -27 -28 29 -30 -31
leaf_value=-0.050446274274714022 0.0021122097645032345 0.0033809837763036756 0.023235176515135018 -0.045621266898025294 0.0578888778553385 -0.0041837292750648422 0.055903219116705753 -0.035729502984227841 0.072594665970181396 0.030918368083787354 0.039180553270631011 -0.069825586821418401 -0.022755268433612644 -0.029112619145056987 -0.02778542241903767 0.00027261665407155527 -0.0041498467122147824 -0.011163378204816738 0.006194927473288047 0.053737052397184897 -0.0014995990671596191 -0.0017456136722010297 -0.059939237219108293 0.01745990088802862 0.041393584130723027 0.0041082553871780248 -0.04721324999328709 -0.010724943663591412 -0.030038108992554137 -0.050571203939585446
leaf_weight=9.5135525148361904 6.3361639231443423 520.99950305372477 5.3698040544986707 11.591305084526541 5.5196236521005613 3.8693466633558282 5.0209889709949511 5.3691522069275361 6.0523029789328575 5.4787351936101913 4.1303810626268387 4.0274380967020988 4.1684794872999191 5.8679148852825165 9.5210878923535329 619.1237995699048 5.0572281628847122 11.079949967563154 8.4113831520080549 13.951315015554426 7.6638619601726532 448.22539571300149 4.9694361165165919 19.033505618572235 3.9038738347589961 4.7182368114590645 19.33258368074894 25.811610709875822 2.9403112381696701 6.6167906001210204
leaf_count=1085 36 2805 26 97 28 19 25 41 40 36 20 23 21 30 64 3390 28 91 59 71 37 3234 37 139 28 29 159 217 25 60
internal_value=-6.77365e-05 0.000197915 -0.0010945 -0.00398325 0.00136332 0.0137306 0.0256862 0.0185186 0.0365459 -0.00206894 -0.0142279 -0.0376617 0.00807047 -0.00409888 0.00031722 0.000742133 0.0282256 -0.00490599 -0.0238319 0.0382525 0.0212219 -0.00421345 -0.0137823 0.00187467 -0.0258522 -0.0287459 -0.0340795 -0.00289996 0.010706 -0.0188553
internal_weight=1813.68 1804.16 1283.16 589.871 693.291 54.0695 37.8739 23.2364 12.3885 10.8479 16.1956 7.89678 8.29886 11.2377 639.222 629.701 10.5769 566.634 20.0027 26.6362 12.6849 546.632 65.9779 28.7212 37.2567 9.68767 30.4125 480.654 6.84419 32.4284
internal_count=12000 10915 8110 4328 3782 272 189 153 76 77 83 42 41 56 3510 3446 56 4175 156 133 62 4019 508 205 303 66 250 3511 53 277
is_linear=0
shrinkage=0.05


Tree=65
num_leaves=31
num_cat=0
split_feature=25 22 18 4 4 11 18 19 19 2 5 10 6 11 6 3 10 12 2 9 24 0 0 4 3 14 3 6 16 22
split_gain=9.22951 2.75506 2.65775 3.32235 7.04236 10.0185 6.5103 3.97692 2.93863 3.05966 2.95911 5.21028 5.89213 4.48719 4.61854 5.16662 4.30283 3.89761 4.76978 3.22372 3.56149 4.3302 3.46904 3.22294 3.14602 7.73682 2.87865 2.82026 2.6363 2.62084
threshold=1.0000000180025095e-35 0.41000000000000009 0.025491442057356085 1126.1350716132135 1144.4485727749516 31358.895965007341 0.03457915991822625 0.037931252204409203 0.012269324070866823 0.29286910932921029 149000.00000000003 793783.99795456906 35.500000000000007 68234.246754086169 1.0000000180025095e-35 0.064366389997821752 317438.34118540928 0.11744205497062113 0.094033417285787763 72.500000000000014 1.0000000180025095e-35 30.500000000000004 32.500000000000007 597.06748847083111 0.048054889943024141 0.087528251925395192 0.027765004170280966 39.000000000000007 0.016715749293787295 0.015000000000000001
decision_type=2 2 2 2 2 2 2 2 2 2 2 2 2 2 2 2 2 2 2 2 2 2 2 2 2 2 2 2 2 2
left_child=-1 2 8 -4 5 -5 -6 -8 9 10 13 12 17 24 15 -15 -17 18 -12 -20 22 -22 -21 -18 25 -2 -10 -16 -9 -14
right_child=1 -3 3 4 6 -7 7 28 26 -11 11 -13 29 14 27 16 23 -19 19 20 21 -23 -24 -25 -26 -27 -28 -29 -30 -31
leaf_value=-0.050424321879682203 0.043278511263710989 0.0057353430747779186 0.00064584494036334266 0.092808743129844301 -0.041338158350146731 0.00022162533292306133 0.05119242667002688 0.031886555585640713 0.034599129018527172 0.039216670883895056 -0.015386716939207052 0.062854364104268048 -0.062133802616133632 0.027105621784877954 0.043517985113009576 0.028060140839373734 -0.0012562802022365771 0.0011974789144398015 0.077861441989612479 0.083024157898315507 -0.036050045145643458 0.040618400310121316 0.0097760555421687028 -0.047881971387123502 -0.01264704363693564 -0.033829377930995538 -0.0054956231697040753 -0.0064589532170468873 -0.014879468100138135 -0.0030718757062634574
leaf_weight=9.0534120053052884 8.3306673020124418 198.99453906714916 875.59275328367949 6.0399292185902578 6.6571011915802982 5.6594138592481613 5.6705441772937801 4.5945073068141928 4.5205028355121604 5.3473615273833266 5.176477491855624 4.2425393909215918 4.2088988050818434 10.201231904327871 12.004242341965435 4.2030973061919239 6.2237097024917594 39.196707379072905 4.1277130767703083 4.0628892034292203 3.5597655400633812 3.8158572763204575 2.6844415888190269 9.1630238555371744 86.461039811372757 5.3374444916844359 461.60880885645747 3.6907725334167472 8.7575595453381521 3.3920923992991447
leaf_count=1085 49 849 4805 29 45 31 29 26 31 28 35 19 32 63 69 27 41 274 26 27 22 25 19 63 638 38 3478 20 50 27
internal_value=-6.66152e-05 0.000186172 -0.000502038 0.00126904 0.0158673 0.0480209 0.00121854 0.0161116 -0.00284016 0.00184663 0.000938649 0.00904598 0.00579522 -0.00320743 0.00981509 -0.00174925 -0.0167752 0.010841 0.0269758 0.0389912 0.0276306 0.00361519 0.0538822 -0.0290226 -0.00912322 0.0131676 -0.00510679 0.0317656 0.00121293 -0.0357763
internal_weight=1812.58 1803.53 1604.53 912.972 37.3791 11.6993 25.6797 19.0226 691.559 225.43 220.083 74.4674 70.2248 145.615 45.4861 29.7911 19.5898 62.6239 23.4271 18.2507 14.123 7.37562 6.74733 15.3867 100.129 13.6681 466.129 15.695 13.3521 7.60099
internal_count=12000 10915 10066 5015 210 60 150 105 5051 1542 1514 506 487 1008 283 194 131 428 154 119 93 47 46 104 725 87 3509 89 76 59
is_linear=0
shrinkage=0.05


Tree=66
num_leaves=31
num_cat=0
split_feature=25 8 24 0 14 17 4 4 13 6 6 0 22 10 16 6 10 5 10 20 8 11 23 9 16 4 23 4 14 0
split_gain=8.7739 2.65342 2.932 4.87244 4.55319 3.98976 5.18843 3.75234 3.73422 4.5908 6.10842 4.80671 4.20544 4.45882 4.74983 4.06126 3.92467 3.89184 4.67947 5.49107 5.8556 4.49818 3.91091 3.56636 3.54332 3.57217 4.433 4.31336 3.45876 3.41511
threshold=1.0000000180025095e-35 4.5500000000000007 1.0000000180025095e-35 12.500000000000002 0.1480119648045943 0.023470198814542573 1180.0318248663252 1180.0318248663252 0.12729714745138118 15.500000000000002 10.500000000000002 36.500000000000007 0.41000000000000009 390342.10843884904 0.021953716671845737 1.0000000180025095e-35 313312.21996907564 149000.00000000003 263729.17759393749 4.6343258277653989 3.8500000000000001 56311.683167621733 0.015000000000000001 118.50000000000001 0.024498878226913323 542.66319327061706 0.025000000000000005 665.62589887602758 0.094145234329089264 37.500000000000007
decision_type=2 2 2 2 2 2 2 2 2 2 2 2 2 2 2 2 2 2 2 2 2 2 2 2 2 2 2 2 2 2
left_child=-1 2 3 -2 5 6 8 -4 9 10 15 12 13 14 16 17 -11 21 23 20 -20 -5 -22 -19 25 26 -7 -27 -9 -26
right_child=1 -3 7 4 -6 24 -8 28 -10 11 -12 -13 -14 -15 -16 -17 -18 18 19 -21 22 -23 -24 -25 29 27 -28 -29 -30 -31
leaf_value=-0.050403450499903059 -0.030161891854964304 0.0034870199713195812 0.0017208759384420005 -0.013161504450230264 0.046190140822870568 0.048688543892437909 0.040429076753069365 -0.00052373009931392419 -0.010250348104586143 -0.040555049849125925 0.046747276323155632 0.021869465710902643 0.019757226011978699 -0.056775174001515299 0.03883021273148142 -0.032683207010307663 0.016690870237586263 0.011998916543405291 -0.058427255578851978 0.026186563634209653 -0.04129970110048841 0.010009466298422868 0.021779743550929598 0.052074886581917307 0.003431626652414259 -0.031693130439486183 -0.010474218072640649 0.014908628913997305 -0.059720444533173538 -0.016568378892249398
leaf_weight=8.615347561426459 16.54499315097928 452.79561870545149 696.62075883150101 51.381711930036545 4.731682524085044 12.519461981952192 6.0611181855201712 5.07354738563299 246.47399573400617 12.762896087020644 7.5763303004205218 7.1126235313713542 4.904299944639205 10.351562410593031 3.2639819607138625 8.5742994137108308 3.9116395488381377 11.762046426534654 5.8029786273837152 12.345102392137049 3.5013473704457274 35.359343931078911 8.2398603893816453 10.513282291591166 98.606088608503342 6.3490233272314098 4.2380366772413245 22.784000143408775 4.8039783239364624 27.241093695163727
leaf_count=1085 124 2425 4135 368 26 66 37 32 1849 109 49 49 21 81 18 56 26 81 37 74 30 225 55 61 525 33 20 122 32 149
internal_value=-6.56287e-05 0.000175008 -0.000936339 -0.00337954 -0.00267211 -0.00304403 -0.00551889 0.00128697 -0.00614636 -0.00102117 0.00296212 -0.01562 -0.0231965 -0.0301512 -0.0163287 0.000712794 -0.0271259 0.00277425 0.0135665 0.000638394 -0.0173388 -0.00371603 0.00296881 0.0309136 0.00343932 0.0153326 0.0337261 0.00475261 -0.0293143 -0.000897608
internal_weight=1810.82 1802.21 1349.41 642.913 626.368 621.636 449.898 706.498 443.837 197.363 155.056 42.307 35.1944 30.2901 19.9385 147.48 16.6745 138.906 52.1646 29.8893 17.5442 86.7411 11.7412 22.2753 171.738 45.8905 16.7575 29.133 9.87753 125.847
internal_count=12000 10915 8490 4291 4167 4141 3226 4199 3189 1340 1036 304 255 234 153 987 135 931 338 196 122 593 85 142 915 241 86 155 64 674
is_linear=0
shrinkage=0.05


Tree=67
num_leaves=31
num_cat=0
split_feature=25 23 13 0 0 13 18 4 3 6 6 19 12 10 0 19 9 23 4 12 3 12 10 14 13 4 18 13 3 4
split_gain=8.34099 2.63457 3.09865 3.23756 4.30595 3.1725 2.77995 3.17399 6.35775 4.3652 4.46535 4.43328 4.23236 4.34915 4.22319 4.89161 4.18404 5.68977 5.17298 4.37314 4.0416 4.04255 4.19383 3.17902 2.8989 2.83324 2.88585 3.20486 3.7209 2.86338
threshold=1.0000000180025095e-35 0.41500000000000009 0.077387891037853138 29.500000000000004 21.500000000000004 0.082794483794778398 0.047658641924333868 1044.0867084746378 0.15695561252137283 16.500000000000004 11.500000000000002 0.037673503507753836 0.11127806338298858 339855.52344009141 41.500000000000007 0.036131836458905282 116.50000000000001 0.80500000000000016 288.16610367859352 0.20191905946954772 0.084346990747334108 0.12139916118163614 120337.86836198909 0.090833761562211054 0.21443545899409641 908.58998349959063 0.023593669677608873 0.17713289252127176 0.096071547481158995 510.52232338750696
decision_type=2 2 2 2 2 2 2 2 2 2 2 2 2 2 2 2 2 2 2 2 2 2 2 2 2 2 2 2 2 2
left_child=-1 -2 3 4 -3 -4 7 9 12 10 14 -11 -9 -14 16 -16 18 -18 -7 20 -20 -22 -23 -24 -21 26 29 28 -28 -19
right_child=1 2 5 -5 -6 6 -8 8 -10 11 -12 -13 13 -15 15 -17 17 25 19 24 21 22 23 -25 -26 -27 27 -29 -30 -31
leaf_value=-0.050383619435321172 -0.00054046090250441027 -0.027053913355750067 0.049669015887744361 -0.040168211805161516 0.035624855108279653 -0.023962315199699286 -0.020865135867720149 -0.079261579672445182 0.04159655581010354 0.041342502220150117 -0.030813212649773099 -0.0066563383381711382 -0.040871675281555338 0.015702960312854508 -0.030505006939716268 0.024870850290957359 0.066749921095222708 0.026654833602509809 0.002832816222628441 -0.043187860146352577 -0.0073786141234788594 0.080611197424316883 0.052645226548837104 -0.00040026192842548499 0.0038993881933725612 -0.013950153026406809 0.026758798948079299 0.010510593361593136 0.085038518679999953 -0.024085858167146076
leaf_weight=8.1983163626864535 1586.0601787231863 5.7520366311073321 4.2972262054681769 7.2928871847689143 5.2329307198524475 12.880278095602987 9.0225275754928571 2.9594729840755525 4.5606911033391944 18.771391376852993 7.6071978509426108 6.4683188945054999 6.9655483067035657 6.6308578178286552 12.908723041415216 5.7707544863224021 6.718336045742034 5.9217176437377947 19.044767566025257 4.9995901063084593 4.5630327388644245 5.6978869736194637 6.090349115431307 5.2671680301427841 9.4409268721938115 6.2557766586542121 6.2922488898038882 7.9116648584604254 4.8495773375034332 5.2413287609815598
leaf_count=1085 9833 35 19 49 27 69 41 17 21 93 35 28 37 34 72 26 33 27 96 26 25 26 28 28 48 30 26 35 21 30
internal_value=-6.4781e-05 0.000164215 0.0053526 -0.0143417 0.0028045 0.00717858 0.00623173 0.00756176 -0.0106756 0.00992875 0.00641938 0.0290416 -0.0250752 -0.0132807 0.00860056 -0.0133974 0.0122966 0.0244662 0.00456527 0.0112335 0.0196274 0.0344227 0.0456063 0.0280448 -0.0124031 0.0166774 0.0230182 0.0348456 0.0521256 0.00283081
internal_weight=1809.67 1801.48 215.415 18.2779 10.985 197.137 192.84 183.818 21.1166 162.701 137.461 25.2397 16.5559 13.5964 129.854 18.6795 111.175 43.1907 67.984 55.1037 40.6632 21.6184 17.0554 11.3575 14.4405 36.4723 30.2165 19.0535 11.1418 11.163
internal_count=12000 10915 1082 111 62 971 952 911 109 802 681 121 88 71 646 98 548 202 346 277 203 107 82 56 74 169 139 82 47 57
is_linear=0
shrinkage=0.05


Tree=68
num_leaves=31
num_cat=1
split_feature=25 16 3 20 10 11 20 12 13 11 24 10 24 4 18 15 15 18 3 2 2 8 4 4 22 3 1 2 18 0
split_gain=7.93006 2.52174 2.69346 4.18582 5.64728 3.27216 3.49142 3.95361 4.31233 3.28033 6.36564 2.79999 2.95487 3.9426 5.04691 4.67897 6.87399 5.56347 4.52929 5.94986 5.52181 4.43519 3.86972 5.19672 3.81159 3.78693 3.60759 3.70958 3.45743 4.93662
threshold=1.0000000180025095e-35 0.014652335858349528 0.17612561835471538 4.5986040949059968 69428.865556254503 90080.483299358195 4.3905164962816388 0.095628628967111037 0.14600913970210841 31618.287337487131 1.0000000180025095e-35 31172.04014059262 1.0000000180025095e-35 614.52562166793359 0.027795941361134696 0.045711069499795441 0.10486101647247729 0.032422102132432712 0.12837727161543741 0.14495972883995048 0.21786964962328453 4.0500000000000007 1180.0318248663252 1126.1350716132135 0.41000000000000009 0.16116954267115294 0 0.21786964962328453 0.031013505398392028 35.500000000000007
decision_type=2 2 2 2 2 2 2 2 2 2 2 2 2 2 2 2 2 2 2 2 2 2 2 2 2 2 1 2 2 2
left_child=-1 2 11 4 -4 6 7 -6 -9 -10 -11 -2 13 14 -13 18 -17 21 -15 -20 -21 24 23 -14 -18 28 27 -19 -16 -30
right_child=1 -3 3 -5 5 -7 -8 8 9 10 -12 12 22 15 25 16 17 26 19 20 -22 -23 -24 -25 -26 -27 -28 -29 29 -31
leaf_value=-0.05036477171806323 0.011869885476363294 0.0017623032258371524 -0.044570206441391855 -0.039645527932117959 0.050771785538736285 0.039433220188194097 -0.022422062708884496 -0.045671814580459699 -0.0076752212561586042 0.087921818541802449 -0.0088242685717887601 -0.021020538119538495 0.00088930861114829658 0.0051794074287450217 0.029949000814080418 -0.014597643722902641 -0.015352623782851543 -0.019837233492582498 -0.010722798745313275 0.12610968557321475 0.029168572315881876 0.030724342838986271 -0.038566092782755024 0.037597395193707001 0.042497471670906908 0.046141262927701404 -0.025627949833533822 0.054687114599902699 0.0013866613739531241 -0.031170665237989177
leaf_weight=7.8013245970942071 39.20830025151372 1036.2607525959611 8.0923211574554426 11.125292561948298 4.3704519607126739 4.8763790801167479 15.764739837497471 4.3809016235172775 10.508187375962736 3.2208236306905738 3.6014510169625282 71.132454477250576 335.17556215822697 22.966539625078443 6.4095387756824485 75.842960011214018 12.694760810583832 3.2723915800452232 2.9418721124529821 2.8632027097046375 3.0165793262422085 26.514042750000954 5.9972008988261214 9.9270794913172704 3.6706277579069129 3.8886554837226859 15.813291102647783 3.4096933603286743 36.863783627748489 17.01834611594677
leaf_count=1085 240 5583 61 86 30 34 122 38 69 30 29 628 2182 149 42 572 173 20 23 22 22 175 39 60 15 22 100 22 219 108
internal_value=-6.27638e-05 0.000155148 -0.00202312 -0.0116828 -0.00600751 0.000671471 -0.00384544 0.00738291 -0.00135118 0.00985247 0.03685 -0.00111138 -0.00188323 -0.00545492 -0.0118482 -0.000454572 -0.00435582 0.00752599 0.0168765 0.0473292 0.0763748 0.0180907 0.00125326 0.00194524 -0.0023773 -0.00168227 -0.012612 0.0181906 -0.00476677 -0.00889637
internal_weight=1808.63 1800.83 764.567 65.9405 54.8153 46.7229 41.8466 26.0818 21.7114 17.3305 6.82227 698.627 659.419 308.319 135.313 173.006 141.218 65.3748 31.7882 8.82165 5.87978 42.8794 351.1 345.103 16.3654 64.1803 22.4954 6.68208 60.2917 53.8821
internal_count=12000 10915 5332 499 413 352 318 196 166 128 59 4833 4593 2312 1019 1293 1077 505 216 67 44 363 2281 2242 188 391 142 42 369 327
cat_boundaries=0 1
cat_threshold=1
is_linear=0
shrinkage=0.05


Tree=69
num_leaves=31
num_cat=1
split_feature=25 22 3 0 15 12 15 10 11 2 19 14 24 8 11 15 11 3 15 3 23 12 16 15 2 6 10 11 1 2
split_gain=7.53916 2.56063 2.56837 3.83506 3.3198 3.78556 3.90585 3.25159 3.08433 2.58359 2.54735 2.51979 5.72585 5.99621 4.17954 3.8263 5.12923 5.10918 2.96748 3.63944 2.92277 2.80024 3.45605 2.49 4.34021 4.69301 6.35363 3.25674 3.56004 4.9261
threshold=1.0000000180025095e-35 0.41000000000000009 0.13246836295517281 16.500000000000004 0.051932956730116352 0.22175369228641104 0.066958115610930333 209812.47944159087 5090.1971796670841 0.13204667958038277 0.045335004128507307 0.064900809520160085 1.0000000180025095e-35 4.0500000000000007 34168.680357877551 0.14600355105629187 29889.267483146461 0.096071547481158995 0.076750925510696053 0.10826542840461298 0.025000000000000005 0.20306708716141098 0.017590526645427016 0.13974742640680091 0.29006322488967301 5.5000000000000009 87362.386881279803 59058.705552263018 0 0.2000386366152295
decision_type=2 2 2 2 2 2 2 2 2 2 2 2 2 2 2 2 2 2 2 2 2 2 2 2 2 2 2 2 1 2
left_child=-1 10 8 -4 -5 6 -6 -8 -3 -9 23 12 13 14 -10 16 17 21 -18 20 -20 22 -13 -2 25 27 -27 -25 29 -29
right_child=1 2 3 4 5 -7 7 9 11 -11 -12 15 -14 -15 -16 -17 18 -19 19 -21 -22 -23 -24 24 -26 26 -28 28 -30 -31
leaf_value=-0.050346853702570117 -0.00046185926429702617 0.035953542752510483 0.052935350454501984 -0.0075074581967111325 0.065715631175339032 -0.019567776957922844 0.036369235958840659 0.036324869431107763 0.0056705274632964826 -0.0042468567517535112 0.0057319205675319188 -0.080644979794853133 0.032931299844279421 0.024214564005798835 -0.051972974374277219 0.019691176546345363 -0.028517392665521332 0.011147910122418021 -0.0010186270805675225 -0.033543835602654476 0.028859548416045402 -0.010982348784301217 -0.026796738869759834 -0.0081505721488929293 0.037369020392209955 0.04012104979321144 -0.028647183269666383 0.03356120921002885 0.030026286129644614 -0.036175731958392139
leaf_weight=7.423423924483358 1307.3106891028583 6.0916027873754492 5.567210227251052 19.633775010704994 4.6490880250930777 6.1286718696355811 13.428707003593443 5.1077424436807659 5.3432527631521243 16.929503947496414 147.94241774827242 6.622727066278463 15.989828079938887 9.3776759803295118 7.6422390788793564 12.817090317606924 7.9756719917058936 5.7088255733251563 20.482113853096962 5.3193929195404044 13.633404329419134 4.7209688723087302 5.4169502407312393 74.271775972098112 5.2358353957533827 3.6725990250706664 39.312561649829149 4.1803576946258545 13.503987431526184 6.4233666211366653
leaf_count=1085 8356 26 25 83 22 25 59 22 22 72 773 28 71 42 32 54 34 24 84 22 59 20 23 495 34 23 259 21 70 35
internal_value=-6.21452e-05 0.000145185 0.00550057 0.013086 0.00971844 0.0170321 0.0226237 0.0169749 0.00123806 0.00515676 -0.000518738 -0.000508923 0.010084 -0.006252 -0.0282539 -0.00542167 -0.0100278 -0.0297048 -0.000702121 0.00492349 0.0109214 -0.0436197 -0.0564173 -0.00115477 -0.00733383 -0.00898952 -0.0227717 -0.00296764 0.0130001 -0.008683
internal_weight=1807.86 1800.44 198.586 71.4447 65.8775 46.2437 40.115 35.466 127.142 22.0372 1601.85 121.05 38.353 22.3632 12.9855 82.6971 69.8801 22.4695 47.4106 39.4349 34.1155 16.7606 12.0397 1453.91 146.6 141.365 42.9852 98.3795 24.1077 10.6037
internal_count=12000 10915 849 308 283 200 175 153 541 94 10066 515 167 96 54 348 294 95 199 165 143 71 51 9293 937 903 282 621 126 56
cat_boundaries=0 1
cat_threshold=2
is_linear=0
shrinkage=0.05


Tree=70
num_leaves=31
num_cat=1
split_feature=25 8 17 2 13 4 11 11 17 23 14 2 13 4 17 3 11 8 8 2 6 2 5 17 17 3 16 0 16 1
split_gain=7.16827 2.40619 2.95396 4.34975 3.37324 3.28549 3.29075 4.6651 4.34757 2.83292 3.94107 2.67958 4.90191 2.66618 2.87055 3.41808 2.66075 2.61637 2.57309 2.84759 2.80573 4.47885 2.55488 3.65223 6.2776 4.4784 3.43238 4.19526 4.3032 5.07599
threshold=1.0000000180025095e-35 4.4500000000000011 0.017383612839079399 0.063262906114569098 0.19330298988984493 114.05531082463025 7074.5216600742533 54422.321578580289 0.023954584736200889 0.025000000000000005 0.10811306090268789 0.068394962669550238 0.19241600572328624 1162.0179153267984 0.017457566662178174 0.10773532817250896 34549.042565012169 4.0500000000000007 4.9500000000000011 0.053041780865135453 11.500000000000002 0.18848476001950157 349000.00000000006 0.023981851199962764 0.023267164459094467 0.15186481124958054 0.026224315634011088 40.500000000000007 0.027387361305253665 0
decision_type=2 2 2 2 2 2 2 2 2 2 2 2 2 2 2 2 2 2 2 2 2 2 2 2 2 2 2 2 2 1
left_child=-1 2 3 4 9 6 -4 -8 -9 -2 -11 12 -5 14 15 -7 -15 -6 19 -3 21 -20 26 24 -24 -25 -16 28 -28 -30
right_child=1 18 5 11 17 13 7 8 -10 10 -12 -13 -14 16 22 -17 -18 -19 20 -21 -22 -23 23 25 -26 -27 27 -29 29 -31
leaf_value=-0.050329823097745002 0.05669319856118335 -0.028962899364640457 0.053629154776933856 -0.044415964253529651 0.015525128707922914 0.053342065260853888 -0.011827556504825698 0.063796504204354454 0.0041162164083409043 -0.031863938573203347 0.041708643426928059 -0.0038644280777809792 0.0061636287097602653 0.0011576665841982249 0.0040216696524785732 -0.003421269370595443 -0.052572538090068843 -0.03935685458720177 0.00038504046824366765 0.0040959872848409474 0.017746610191660156 -0.058071423112554012 -0.0047589417463151616 0.0087124848403513384 -0.03827242870199097 -0.034874566064342236 -0.014026577634542861 -0.027746031049130648 0.031432515822853335 -0.0038477360577457392
leaf_weight=7.063708445057272 6.6141024008393305 6.6004808247089377 5.1813038736581829 11.159508116543295 5.474257864058016 5.6253544986247999 12.404814556241037 5.6645139604806882 6.6154355853796005 3.0618357360363007 4.4886290431022644 542.85616710036993 8.3928130567073804 4.5170807465910894 410.99049128592014 5.0176569670438766 4.7031890824437141 3.599481787532568 6.8692096546292323 496.55828875303268 4.6354325488209716 6.2654713988304138 56.463915340602398 51.031921938061714 18.568253301084042 6.6625535786151877 36.69519317150116 18.602367416024208 16.171389520168304 27.588165566325188
leaf_count=1085 43 38 23 97 35 28 60 26 31 21 30 4019 59 31 2283 28 33 24 48 2646 27 46 316 262 107 36 206 100 77 135
internal_value=-5.97011e-05 0.000137674 -0.00102969 -0.00364351 0.0175551 0.00118079 0.0174029 0.00979909 0.0316456 0.0328021 0.0118738 -0.00451942 -0.0227047 0.000449637 0.000826387 0.0265809 -0.0262497 -0.00624613 0.00300193 0.00366232 -0.015697 -0.0274997 0.000399945 -0.00577954 -0.0130525 0.00367906 0.002008 -0.00634679 -0.00139895 0.00919012
internal_weight=1806.14 1799.08 1278.15 585.647 23.2383 692.504 29.8661 24.6848 12.2799 14.1646 7.55046 562.408 19.5523 662.638 653.417 10.643 9.22027 9.07374 520.929 503.159 17.7701 13.1347 642.774 132.727 75.0322 57.6945 510.048 99.0571 80.4547 43.7596
internal_count=12000 10915 8110 4328 153 3782 140 117 57 94 51 4175 156 3642 3578 56 64 59 2805 2684 121 94 3522 721 423 298 2801 518 418 212
cat_boundaries=0 1
cat_threshold=1
is_linear=0
shrinkage=0.05


Tree=71
num_leaves=31
num_cat=0
split_feature=25 23 13 0 0 13 4 18 4 3 12 10 6 6 19 0 19 9 23 4 12 3 19 20 23 13 9 2 24 12
split_gain=6.81545 2.37543 2.80245 2.91217 3.94471 2.76889 2.71758 2.5902 2.85535 5.65683 4.01209 3.99471 3.81407 3.99043 3.85901 3.71002 4.38724 3.72398 5.03123 4.64133 3.97492 3.65925 3.66679 2.84161 2.95361 2.71496 2.60146 3.07569 2.56211 3.10725
threshold=1.0000000180025095e-35 0.41500000000000009 0.077387891037853138 29.500000000000004 21.500000000000004 0.082794483794778398 622.19353438341284 0.047658641924333868 1044.0867084746378 0.15695561252137283 0.11127806338298858 339855.52344009141 16.500000000000004 11.500000000000002 0.037673503507753836 41.500000000000007 0.036131836458905282 116.50000000000001 0.80500000000000016 288.16610367859352 0.20191905946954772 0.084346990747334108 0.032414624063945977 4.467614230028917 0.81500000000000017 0.21443545899409641 73.500000000000014 0.21099949640834784 1.0000000180025095e-35 0.052162913001605943
decision_type=2 2 2 2 2 2 2 2 2 2 2 2 2 2 2 2 2 2 2 2 2 2 2 2 2 2 2 2 2 2
left_child=-1 28 3 4 -3 -4 -5 8 12 10 -10 -12 13 15 -14 17 -17 19 -19 -7 21 23 26 24 -21 -22 27 -23 -2 -30
right_child=1 2 5 6 -6 7 -8 -9 9 -11 11 -13 14 -15 -16 16 -18 18 -20 20 25 22 -24 -25 -26 -27 -28 -29 29 -31
leaf_value=-0.050313636338351841 -0.0026256618947908816 -0.026538561041195959 0.046340777650195959 -0.065285442395094456 0.033491555536375929 -0.022900006839040501 -0.0027139612028598869 -0.02033284332438225 -0.077678172196993786 0.039094948572112161 -0.039344730481469754 0.01511667320817231 0.038659865944762957 -0.029245601775529973 -0.0061488290039275351 -0.029011103290430874 0.023510751649047583 0.062650371703108193 0.015753926023098185 -0.047675160732904037 -0.042165199030684788 -0.028601626807714699 0.065398140825860263 0.022001570508659255 0.0082602500978637347 0.0036767900117591536 0.043484372588775147 0.030186204354190477 -0.045345560925056892 0.0016016606010328819
leaf_weight=6.7213146993890396 762.89907881245017 5.6808323860168475 4.3295572102069846 4.0872500985860816 5.2803390771150589 12.713737502694128 3.0155601873993874 8.9657229930162412 2.8646134957671228 4.5500288456678382 6.8351846262812597 6.6359066814184189 18.88047315180302 7.5312411785125724 6.4452650249004355 12.687072128057482 5.7908610552549353 6.7826686277985564 36.475739523768425 4.2535635828971881 4.9099024310708037 4.2597746029496211 6.1293194890022269 9.4759097397327405 5.3015412092208862 9.4388040453195554 6.6156940311193457 4.6574923023581505 3.5397553071379653 817.2755525931716
leaf_count=1085 4998 35 19 30 27 69 19 41 17 21 37 34 93 35 28 72 26 33 169 20 26 23 28 46 30 48 31 25 36 4799
internal_value=-5.85407e-05 0.000129292 0.00506601 -0.0137808 0.00237982 0.00679831 -0.0387202 0.00590756 0.00719151 -0.0102103 -0.0239435 -0.0125169 0.00943021 0.00613545 0.0272563 0.00819321 -0.0125511 0.011646 0.023107 0.0043288 0.0106182 0.0185969 0.0326503 0.00260037 -0.01664 -0.0120096 0.019728 0.00210328 -0.000539636 0.0013992
internal_weight=1805.03 1798.31 214.594 18.064 10.9612 196.53 7.10281 192.201 183.235 20.8857 16.3357 13.4711 162.349 137.023 25.3257 129.492 18.4779 111.014 43.2584 67.7557 55.042 40.6933 21.6623 19.031 9.5551 14.3487 15.533 8.91727 1583.71 820.815
internal_count=12000 10915 1082 111 62 971 49 952 911 109 88 71 802 681 121 646 98 548 202 346 277 203 107 96 50 74 79 48 9833 4835
is_linear=0
shrinkage=0.05


Tree=72
num_leaves=31
num_cat=0
split_feature=25 22 3 20 8 0 2 18 19 10 11 2 11 10 8 4 9 10 2 12 3 16 19 13 10 19 19 6 11 23
split_gain=6.4803 2.31639 2.42974 3.24621 4.61447 3.68622 3.5303 3.50689 5.10917 3.07208 8.04645 5.96945 4.174 3.01335 7.49496 4.25261 3.11388 2.77565 3.60885 2.57062 3.39313 3.16154 2.83764 2.48404 2.43852 2.41155 2.4025 2.49225 4.71958 3.87761
threshold=1.0000000180025095e-35 0.41000000000000009 0.10299926271842851 4.4476065750779448 3.2500000000000004 16.500000000000004 0.27759631964528492 0.018772715056741402 0.030241458568216899 92656.061223198791 28293.883893365866 0.10388757216589029 14072.743725111866 412013.78571755841 4.4500000000000011 709.21610582530604 90.500000000000014 236059.89996940023 0.1909055583156512 0.13937514635157736 0.15186481124958054 0.020343136696167264 0.032414624063945977 0.12729714745138118 469757.71070222958 0.021410337359864581 0.045335004128507307 12.500000000000002 70872.503032444205 0.015000000000000001
decision_type=2 2 2 2 2 2 2 2 2 2 2 2 2 2 2 2 2 2 2 2 2 2 2 2 2 2 2 2 2 2
left_child=-1 26 9 5 -5 -4 7 23 -9 -3 11 -11 -13 15 25 17 -17 -12 -19 21 -21 22 -6 -7 -22 -15 -2 29 -29 -28
right_child=1 2 3 4 19 6 -8 8 -10 10 13 12 -14 14 -16 16 -18 18 -20 20 24 -23 -24 -25 -26 -27 27 28 -30 -31
leaf_value=-0.05029824733819041 -0.0011276365505870196 0.021106701637079867 0.060016594209765253 -0.03961871945187273 -0.049905737754020324 0.0093313565221765839 0.054478251550525415 0.054041003916580621 0.0070800661450816475 0.0092590182195783754 0.0080547868099445537 -0.011228091726940751 -0.064870510042298435 -0.00217129470914207 0.037180064758244272 -0.033232625580754009 0.012669853423472297 0.023842379975236624 0.078848783791317253 0.044756659770016388 0.028015501842207399 0.023170894057613255 0.00053708211583912565 -0.03377750844345534 -0.018241183920547823 -0.038321006799676205 0.024692246940097674 -0.015795255909105008 0.030267164654453057 0.0036495338090360265
leaf_weight=6.3954191422089925 1451.8876658901572 14.620469927787779 5.0299807935953131 6.0724856853485099 5.0756878703832644 7.1420944929122907 5.0584768801927558 8.0101993829011935 20.913540467619896 7.0375617295503643 10.361774757504465 5.5878947079181662 10.330871179699896 7.7076085507869783 6.8291231691837302 6.3325553089380255 8.8691945970058423 8.7502652704715711 4.5232003629207602 8.0355188995599764 5.1509787887334806 5.8267175853252402 6.1859287917613983 6.2800295203924179 6.3758373111486435 11.492191255092619 29.54763999581337 27.026544012129307 7.0016149580478659 84.5054821819067
leaf_count=1085 9293 64 23 25 21 30 22 36 90 29 43 24 44 32 34 27 37 37 20 36 22 25 27 26 27 48 158 150 33 432
internal_value=-5.68457e-05 0.000121904 0.00522925 0.010982 0.000751114 0.0193181 0.0149996 0.0102837 0.0200855 -0.000114388 -0.00364723 -0.0290878 -0.0460406 0.0053563 -0.00780749 0.0141788 -0.00645163 0.0274479 0.0425869 0.00743981 0.019816 -0.00672818 -0.0221978 -0.0108387 0.0024295 -0.023809 -0.000508866 0.00555797 -0.00631748 0.00910105
internal_weight=1803.96 1797.57 197.6 95.1575 42.7232 52.4343 47.4043 42.3459 28.9237 102.443 87.8222 22.9563 15.9188 64.8659 26.0289 38.837 15.2017 23.6352 13.2735 36.6507 19.5623 17.0883 11.2616 13.4221 11.5268 19.1998 1599.97 148.081 34.0282 114.053
internal_count=12000 10915 849 410 183 227 204 182 126 439 375 97 68 278 114 164 64 100 57 158 85 73 48 56 49 80 10066 773 183 590
is_linear=0
shrinkage=0.05


Tree=73
num_leaves=31
num_cat=0
split_feature=25 18 2 12 16 3 8 11 18 14 13 17 24 13 8 19 0 14 18 3 2 14 2 6 2 12 3 3 2 4
split_gain=6.16204 2.24065 2.34177 6.66554 3.89546 3.85001 3.71639 3.68407 3.85854 3.75531 3.34447 3.24645 3.09158 2.90623 2.46362 2.33826 4.3749 6.4287 5.93244 5.09551 5.6633 7.30236 4.67207 4.44342 4.02959 3.98522 4.65485 3.8557 3.75154 3.2417
threshold=1.0000000180025095e-35 0.029850912815915492 0.069819852379753064 0.1930765750593445 0.0077625462053749813 0.14248883256137576 4.4500000000000011 39284.045952663473 0.022922229649736257 0.092777759236724558 0.2475708691879332 0.02204877180761464 1.0000000180025095e-35 0.09247512723854974 3.3500000000000001 0.0096355230206633235 22.500000000000004 0.087641033832238993 0.0089066979511806532 0.13596586367134031 0.22617533170053256 0.087528251925395192 0.27946950106330121 5.5000000000000009 0.19607675673986447 0.17711003752251261 0.15037915375513969 0.072564427666147499 0.17262221158991101 586.87824822299683
decision_type=2 2 2 2 2 2 2 2 2 2 2 2 2 2 2 2 2 2 2 2 2 2 2 2 2 2 2 2 2 2
left_child=-1 2 3 4 5 -2 14 8 9 -6 15 13 -11 -9 -5 16 17 25 19 29 24 -22 23 27 -21 26 -4 -20 -25 -18
right_child=1 -3 10 6 7 -7 -8 11 -10 12 -12 -13 -14 -15 -16 -17 18 -19 22 20 21 -23 -24 28 -26 -27 -28 -29 -30 -31
leaf_value=-0.050283618099981664 0.012512368064490473 0.001902511062286452 -0.0031887683166501486 -0.024055651893731621 -0.047392146793568735 0.079997723817648386 -0.044634926600391839 -0.0099272600384981754 0.022442569352354343 -0.026907785381980267 0.028729968190365513 -0.0025453606703441365 0.046715326980527577 0.047042928093463859 0.018220753510297765 -0.0039787623369948585 0.028925076761459802 -0.047028751132490797 0.025996097957118536 -0.014827389101685219 -0.025605395294733685 0.062908914032935734 -0.023432487436477675 0.047793846955488634 -0.065343507129071873 -0.02974197858248185 0.043827731409853771 0.075473802820843469 -0.020374290837493148 0.0021613802952454952
leaf_weight=6.0852361214347175 4.0636114925146085 887.72883627563715 20.864149481058124 6.356733653694393 6.7848600856959838 4.4036572203040123 7.5982604026794425 2.7067879401147392 7.8790812678635112 3.0429426729679108 8.5485866367816907 7.6555333584547034 2.6832926049828529 12.942078884690998 7.5257783457636833 672.22129113599658 16.196990661323071 9.3592923320829851 7.5202607437968316 10.312392443418508 5.1643570363521558 4.2457529976963997 3.7912941575050345 3.3647375330328924 6.3961967676877967 8.9053619205951673 7.040876440703868 8.2650081664323789 5.0437355786561966 37.530093889683485
leaf_count=1085 29 4636 124 53 47 36 47 18 45 25 41 44 17 80 53 4790 94 67 46 62 32 24 21 22 43 64 39 50 28 238
internal_value=-5.41045e-05 0.00011607 -0.00162969 0.00691741 0.0165706 0.0476102 -0.0165235 0.0105557 -0.00496564 -0.0222264 -0.00238371 0.0241361 0.00759173 0.0371888 -0.0011374 -0.00270563 0.00285166 -0.0100275 0.00836608 0.001423 -0.0166928 0.0143314 0.0281758 0.0362631 -0.0341654 -0.000619618 0.00867423 0.0519021 0.00690389 0.0102298
internal_weight=1802.23 1796.14 908.413 73.6426 52.1618 8.46727 21.4808 43.6946 20.3902 12.5111 834.77 23.3044 5.72624 15.6489 13.8825 826.222 154.001 46.1697 107.831 79.8458 26.1187 9.41011 27.985 24.1937 16.7086 36.8104 27.905 15.7853 8.40847 53.7271
internal_count=12000 10915 6279 494 341 65 153 276 134 89 5785 142 42 98 106 5744 954 294 660 493 161 56 167 146 105 227 163 96 50 332
is_linear=0
shrinkage=0.05


Tree=74
num_leaves=31
num_cat=0
split_feature=25 16 6 11 12 0 15 11 20 2 15 16 6 6 9 13 12 14 2 14 2 8 9 18 3 8 22 4 20 2
split_gain=5.85903 2.18911 2.66414 4.73687 4.19655 4.61364 7.25182 4.67861 4.22414 6.34421 3.58058 2.76105 3.15597 2.7022 5.1208 6.09112 5.86015 5.6388 4.75462 4.5885 4.37913 6.38867 4.55335 4.66034 4.17731 3.77406 3.52584 4.06908 6.60585 7.13964
threshold=1.0000000180025095e-35 0.014652335858349528 18.000000000000004 46477.803030455012 0.089539641437671944 34.500000000000007 0.085257682155551975 5974.682525475785 3.8721587923106893 0.20959606252370638 0.12957031959091286 0.017405433798129734 26.500000000000004 1.0000000180025095e-35 116.50000000000001 0.1500024190395863 0.17064968440818554 0.036384394065977807 0.19607675673986447 0.10456708092367008 0.23620573603834422 3.8500000000000001 160.50000000000003 0.038377144735799472 0.16002348077162248 4.4500000000000011 0.41000000000000009 875.71137534116838 3.9637136706006424 0.099090388161537674
decision_type=2 2 2 2 2 2 2 2 2 2 2 2 2 2 2 2 2 2 2 2 2 2 2 2 2 2 2 2 2 2
left_child=-1 -2 13 4 8 10 -7 -8 -4 -10 -6 12 -5 26 15 -15 18 -18 19 -17 22 -22 23 24 -16 -19 27 -3 29 -29
right_child=1 2 3 11 5 6 7 -9 9 -11 -12 -13 -14 14 20 16 17 25 -20 -21 21 -23 -24 -25 -26 -27 -28 28 -30 -31
leaf_value=-0.05026971057368243 -0.0019274377250750878 -0.0021086644828530138 0.046011965135098323 -0.011758440886530318 -0.029333405080944248 0.0307083944419787 0.020944994951995421 -0.040334649648943316 -0.050115489631678348 0.032548234150825216 0.0026471796481880101 0.000970442158569672 0.041841578129091922 -0.013768387693424602 0.017041521704259373 0.027061917700584966 0.050826185549801485 0.0007747061775749966 0.0061819891068691868 0.10192090722098922 0.089973036776112542 0.017756513603891879 -0.025770398891590864 -0.0051659431469602427 0.065035601799255133 -0.050911639586070617 0.012670993020348681 -0.028107333134114704 0.002364006494823814 0.035982364815368116
leaf_weight=5.7900168676860622 760.88601054623723 452.2909779921174 5.911279320716857 3.9175438433885565 47.508629843592644 11.901934377849104 4.4696727469563475 10.275185182690619 4.5620549172162992 4.7250765860080719 10.728790201246737 76.261129297316074 9.1854427605867368 34.845627129077911 11.199501223862177 3.9932154864072782 4.5687611401081112 16.094049982726577 5.7692067176103583 4.200105220079422 5.2311163321137411 7.3873761892318726 6.1364637762308112 10.454566970467566 7.6175082251429549 4.5247570425271979 65.903297543525696 5.1071098148822776 170.78605892509222 29.139527820050716
leaf_count=1085 5332 2493 29 20 281 64 23 63 23 24 61 391 49 186 63 20 25 90 31 21 27 38 36 51 40 22 287 30 936 159
internal_value=-5.35039e-05 0.000108423 0.00160554 -0.00375356 -0.0112245 -0.0155568 0.00167602 -0.0217587 0.0129719 -0.00805811 -0.0234418 0.00461344 0.0258162 0.00280668 0.0096893 0.00143735 0.0149712 0.000568457 0.040953 0.0654365 0.0224033 0.0476946 0.0133901 0.0215997 0.0364705 -0.0105678 0.00164545 0.000540025 0.00638289 0.0264248
internal_weight=1801.37 1795.58 1034.7 189.447 100.083 84.8842 26.6468 14.7449 15.1984 9.28713 58.2374 89.3641 13.103 845.249 122.022 73.9957 39.1501 25.1876 13.9625 8.19332 48.0265 12.6185 35.408 29.2716 18.817 20.6188 723.227 657.324 205.033 34.2466
internal_count=12000 10915 5583 1028 568 492 150 86 76 47 342 460 69 4555 650 395 209 137 72 41 255 65 190 154 103 112 3905 3618 1125 189
is_linear=0
shrinkage=0.05


Tree=75
num_leaves=31
num_cat=0
split_feature=25 23 13 3 13 8 0 12 13 11 13 2 2 4 2 14 15 0 20 15 0 6 2 22 6 14 0 12 24 18
split_gain=5.57106 2.14865 2.67629 3.91885 3.70195 4.33113 4.2093 4.31916 4.03371 3.10134 3.13299 5.64758 5.32183 4.44865 3.93319 3.57371 4.39341 3.56374 3.5131 3.41773 4.72422 4.39165 3.30023 3.08585 2.98368 2.9487 3.602 5.20706 3.06337 2.66949
threshold=1.0000000180025095e-35 0.41500000000000009 0.10876339438728123 0.10826542840461298 0.10211184379638456 3.3500000000000001 38.500000000000007 0.082692905443252557 0.09443199504204762 110259.74060630372 0.17399409892658627 0.074815060548209716 0.074815060548209716 351.12628462265786 0.18298498710196337 0.081688638723414794 0.1083321561621834 35.500000000000007 4.4633550699493743 0.12050232662203474 20.000000000000004 5.5000000000000009 0.12420894921737925 0.015000000000000001 8.0000000000000018 0.06621601290742983 31.500000000000004 0.20635404347249728 1.0000000180025095e-35 0.024417482392451995
decision_type=2 2 2 2 2 2 2 2 2 2 2 2 2 2 2 2 2 2 2 2 2 2 2 2 2 2 2 2 2 2
left_child=-1 -2 3 4 5 -3 7 -7 -9 10 11 -4 -12 14 -13 25 -17 22 -19 -18 -21 29 -15 -16 -5 26 28 -28 -14 -22
right_child=1 2 9 24 -6 6 -8 8 -10 -11 12 13 15 17 23 16 19 18 -20 20 21 -23 -24 -25 -26 -27 27 -29 -30 -31
leaf_value=-0.050256484730782973 -0.00053497631363308852 0.063360401875201297 0.062496875010666364 -0.0091733518306637476 -0.029293276629668658 -0.0061839839988024076 -0.025365008247510385 0.07493718472089772 0.010566622078093536 0.038202787280805423 -0.039848038174904461 0.020640085378557216 -0.032875811140299617 0.070752406751059316 -0.064478201575794938 -0.031466428561883301 0.035486309954302665 -0.026971655970968896 0.020809770811798044 0.032625079240817416 -0.035361806793015302 -0.059296054399971258 0.021501430534884305 -0.0063347761177440847 -0.04875697532335263 0.055011493904457025 0.069098640882396464 0.0040152746973941694 0.013997887385307868 0.01744484716147086
leaf_weight=5.5090469680726519 1580.911908891052 3.8521778509020832 5.6535794585943213 19.297586809843782 5.9551300480961791 8.7664904519915634 7.389478337019681 4.7847424298524839 4.9530429244041443 8.2318017780780774 7.5975260362029067 5.2112848758697501 6.2591641843318992 3.9103194549679783 4.3210641518235189 11.72723902761936 6.9159307330846813 7.256848342716693 8.1867998316884023 5.9883870407938984 3.734998904168604 4.8122164085507384 26.133254632353783 4.835834339261055 6.3195899203419676 4.350562021136283 5.0914649069309217 7.7528155967593193 7.8662009984254837 6.662148654460907
leaf_count=1085 9833 24 27 98 35 46 39 25 21 39 44 24 31 19 21 59 33 36 43 29 25 25 130 22 34 20 26 38 39 30
internal_value=-5.28392e-05 0.000101264 0.00480546 -0.00401628 0.00669101 0.0138951 0.00653617 0.0192756 0.0421956 0.00835258 0.00664935 0.0147285 -7.06076e-05 0.0102166 -0.0140371 0.00417623 -0.00575849 0.0178776 -0.00164234 0.00496523 -0.00499251 -0.0198037 0.0279117 -0.0337722 -0.0189384 0.0168137 0.0106519 0.0298143 -0.00677256 -0.00152505
internal_weight=1800.24 1794.73 213.818 61.3182 35.7011 29.7459 25.8938 18.5043 9.73779 152.499 144.268 65.509 78.7587 59.8554 14.3682 71.1611 39.8409 45.4872 15.4436 28.1137 21.1978 15.2094 30.0436 9.1569 25.6172 31.3202 26.9696 12.8443 14.1254 10.3971
internal_count=12000 10915 1082 322 190 155 131 92 46 760 721 322 399 295 67 355 201 228 79 142 109 80 149 43 132 154 134 64 70 55
is_linear=0
shrinkage=0.05


Tree=76
num_leaves=31
num_cat=1
split_feature=25 8 17 2 17 4 4 16 0 16 14 15 5 2 15 2 22 18 10 2 16 9 4 0 23 7 4 13 5 2
split_gain=5.29753 2.19381 2.60879 3.52459 2.96821 4.85992 3.54378 4.71554 4.99108 4.23733 4.25904 4.10778 4.10243 3.87532 6.97123 4.40146 5.30544 3.78383 3.77435 3.4501 4.22972 3.57596 3.44009 3.0328 4.54265 3.17897 3.4031 4.57115 2.97381 2.96302
threshold=1.0000000180025095e-35 4.4500000000000011 0.017383612839079399 0.063262906114569098 0.017582430242903471 906.13520249935311 629.67516181196515 0.022297407378076298 43.500000000000007 0.022297407378076298 0.1388400255864379 0.02236400140628229 149000.00000000003 0.20381583188255639 0.1148399165411817 0.24767710165620957 0.015000000000000001 0.039257536975323117 383583.15100476437 0.14289258036271099 0.026377415883924869 48.500000000000007 351.12628462265786 41.500000000000007 0.015000000000000001 0 1006.6952727745996 0.12970918922229011 349000.00000000006 0.26164371841699391
decision_type=2 2 2 2 2 2 2 2 2 2 2 2 2 2 2 2 2 2 2 2 2 2 2 2 2 1 2 2 2 2
left_child=-1 2 3 -2 5 29 9 8 -8 -6 11 -11 -12 19 -15 18 -17 -14 -16 21 -21 22 -13 -9 28 -26 27 -27 -25 -4
right_child=1 -3 4 -5 6 -7 7 23 -10 10 12 13 17 14 15 16 -18 -19 -20 20 -22 -23 -24 24 25 26 -28 -29 -30 -31
leaf_value=-0.050243915016750185 0.015530629771360695 0.0028323972428227679 0.011545072637204511 -0.0042789179360632904 0.012313955297202417 0.044395651633157542 -0.014152774448422096 0.0028965948932804823 0.033490235949656354 -0.048143533013987515 -0.0305620342584184 -0.051734617768574659 0.044933694387815894 -0.019178507255078244 0.027009650116891118 0.0017583882459122466 0.07777356708765655 -0.021719381208898852 -0.03406591972835589 0.010613839178589738 0.044917655850436021 0.0083709729393785775 -0.0014845877964932471 0.045649174773539004 -0.054541968639143026 0.041342662167807694 -0.050211530288706813 -0.033514243172755732 -0.015423856322935451 -0.029156179844876458
leaf_weight=5.241645860951393 23.392636332660913 519.92466889321804 24.935635343194011 559.7817096747458 104.69307757169008 10.023803554475306 105.95438855141401 205.37666452676058 5.7979350090026847 3.8608736395835868 19.781393080949787 5.2927865236997595 4.1745845228433591 37.561950132250786 4.8269912600517291 4.2604822367429716 4.976699024438858 4.3459558188915253 5.314747542142868 32.205981239676476 12.463552594184874 52.900429747998714 9.5540012940764409 4.2258424758911159 7.1099327802658054 4.3213154524564761 4.0097773894667634 3.8620531260967255 3.772682711482048 5.4486389979720107
leaf_count=1085 153 2805 136 4175 580 57 619 1106 32 18 107 29 21 211 24 24 23 22 26 169 61 274 56 22 42 24 24 21 21 33
internal_value=-5.13543e-05 9.52842e-05 -0.00102154 -0.00348431 0.00105676 0.014206 0.000240136 -0.00323917 -0.011681 0.00415368 -8.571e-05 0.00285246 -0.0180684 0.00401503 -0.00661232 0.0177446 0.0427129 0.0109369 -0.00499682 0.00939795 0.0201852 0.00228532 -0.0193984 0.000815306 -0.0148412 -0.0279699 -0.0124755 0.00601475 0.0168427 0.00424635
internal_weight=1799.39 1794.15 1274.23 583.174 691.052 40.4081 650.644 344.431 111.752 306.214 201.52 173.218 28.3019 169.358 56.9409 19.3789 9.23718 8.52054 10.1417 112.417 44.6695 67.7472 14.8468 232.678 27.3016 19.3031 12.1931 8.18337 7.99853 30.3843
internal_count=12000 10915 8110 4328 3782 226 3556 1911 651 1645 1065 915 150 897 308 97 47 43 50 589 230 359 85 1260 154 111 69 45 43 169
cat_boundaries=0 1
cat_threshold=1
is_linear=0
shrinkage=0.05


Tree=77
num_leaves=31
num_cat=1
split_feature=25 18 3 14 3 8 14 9 14 2 2 12 20 8 2 8 8 0 2 2 9 4 22 2 5 1 23 19 3 2
split_gain=5.0374 2.0138 2.21868 4.43433 3.81127 7.09899 8.18699 3.64409 5.16858 5.24762 3.4703 4.25068 3.31554 3.16289 2.95663 2.85464 2.49563 4.48673 5.37635 5.8539 7.50664 5.94224 5.2698 4.31545 4.22837 3.58402 3.37649 3.24732 4.27516 3.19926
threshold=1.0000000180025095e-35 0.029850912815915492 0.050724033783506185 0.030486960522723875 0.057519742718084611 3.7500000000000004 0.089324874871360677 151.50000000000003 0.13434969307952804 0.22077528344790906 0.13007894883570567 0.14153787732427123 4.0475267446165963 3.1500000000000008 0.19250080687260318 4.4500000000000011 4.5500000000000007 39.500000000000007 0.1909055583156512 0.10732930375386941 56.000000000000007 614.52562166793359 0.015000000000000001 0.19607675673986447 149000.00000000003 0 0.41500000000000009 0.041014601902692308 0.15605921713113804 0.23456648162208329
decision_type=2 2 2 2 2 2 2 2 2 2 2 2 2 2 2 2 2 2 2 2 2 2 2 2 2 1 2 2 2 2
left_child=-1 -2 3 10 5 7 -7 8 9 -4 -3 14 -8 -5 -12 -14 29 18 19 21 25 -18 -19 -24 -22 -21 27 28 -20 -6
right_child=1 2 4 13 16 6 12 -9 -10 -11 11 -13 15 -15 -16 -17 17 22 26 20 24 -23 23 -25 -26 -27 -28 -29 -30 -31
leaf_value=-0.05023196117288177 -0.0015686698939395569 -0.0087292497499826104 0.095427343921872965 -0.042862405580541815 -0.0024134274951441597 -0.01987447595570252 0.061539849949074847 -0.0039990568144393059 0.0022336544646006022 0.026800853713968231 0.037950774500031988 0.067726056193699355 -0.016111567481280651 -0.0056962629858918513 -0.024430940626908097 0.039913446137041064 0.023467265945138892 -0.029861015346960292 -0.019865433288086869 0.029174597867267556 0.030188990352550061 -0.020004060828699294 -0.018560884384837908 0.043659391761837391 -0.0079804002895507518 0.086107024770714247 0.033308863283683016 0.010405771200307079 0.030147418026225073 0.0061893633205882224
leaf_weight=4.9871643097139886 906.26864562183619 7.8874481990933445 6.8712768256664294 6.0188630148768416 362.76484709233046 18.860080048441887 5.318052113056182 3.8145471215248099 4.0949865505099288 4.6848191022872925 4.1643380746245366 5.3062604516744614 4.557157911360262 117.00593762844801 3.4923351928591728 4.5375600308179855 16.534098222851757 16.098504886031151 31.301228046417236 4.3874270617961884 24.816659316420555 14.986371472477911 5.1984201967716235 6.0070333182811737 10.25366026163101 7.4723661541938764 6.9427375346422187 24.928607523441315 4.948491007089614 153.92822375148535
leaf_count=1085 6279 41 35 37 1959 93 26 20 23 27 22 25 24 609 20 23 79 79 154 20 120 73 25 29 49 36 31 118 25 814
internal_value=-5.04908e-05 8.90521e-05 0.00178244 -0.00390088 0.00288251 0.0158382 0.00180702 0.0398218 0.050502 0.0676063 0.0174212 0.0333328 0.0301787 -0.00751458 0.00949744 0.0118406 0.00189309 0.00707457 0.0105412 0.0194646 0.0306581 0.00279887 -0.0115346 0.0147942 0.0190292 0.0650454 0.000264644 -0.00348533 -0.0130381 0.000149433
internal_weight=1798.44 1793.45 887.182 143.875 743.307 52.7385 33.2729 19.4656 15.6511 11.5561 20.8504 12.9629 14.4128 123.025 7.65667 9.09472 690.569 173.876 146.572 78.4506 46.9301 31.5205 27.304 11.2055 35.0703 11.8598 68.1211 61.1783 36.2497 516.693
internal_count=12000 10915 4636 754 3882 271 166 105 85 62 108 67 73 646 42 47 3611 838 705 377 225 152 133 54 169 56 328 297 179 2773
cat_boundaries=0 1
cat_threshold=2
is_linear=0
shrinkage=0.05


Tree=78
num_leaves=31
num_cat=3
split_feature=25 24 12 3 1 23 4 3 9 2 0 11 4 17 11 13 2 10 1 3 14 1 18 8 0 14 11 20 4 2
split_gain=4.79015 2.02953 2.98487 4.79149 3.48387 2.82022 4.75088 7.2752 4.99602 4.9457 4.10102 7.46559 5.29094 6.19392 5.79707 4.88634 4.32011 3.975 7.05668 4.37115 6.2641 4.28928 4.95122 4.69721 3.94975 3.89828 4.33905 5.39978 4.25721 3.86212
threshold=1.0000000180025095e-35 1.0000000180025095e-35 0.24639396456256923 0.066732623478464453 0 0.025000000000000005 701.8619703242947 0.052264845363687258 57.500000000000007 0.28449652325240565 24.500000000000004 5779.7557912964885 513.56896024851972 0.010356885292837254 30546.901697994017 0.19762087083482063 0.21004841729720924 62968.620061560207 1 0.098553200701262847 0.13329266567940198 2 0.014461403303950701 4.0500000000000007 22.500000000000004 0.061666863397766357 15607.123996681536 4.5472205820419198 586.87824822299683 0.1909055583156512
decision_type=2 2 2 2 1 2 2 2 2 2 2 2 2 2 2 2 2 2 1 2 2 1 2 2 2 2 2 2 2 2
left_child=-1 2 5 -4 -5 -2 9 8 -8 10 11 -7 13 -12 15 -15 29 18 -9 20 -19 -21 24 -24 -23 28 -27 -28 -14 -16
right_child=1 -3 3 4 -6 6 7 17 -10 -11 12 -13 25 14 16 -17 -18 19 -20 21 -22 22 23 -25 -26 26 27 -29 -30 -31
leaf_value=-0.050220593136473014 -0.0037617287476806845 0.001710940120079529 -0.066800489388032333 -0.038890924548357457 0.021878531399090122 0.058706158912024901 -0.010543468579799972 -0.021289424427505563 0.04634928876192667 -0.03961844197585554 -0.0088794705024485086 -0.016091530481816128 -0.034591400841540366 0.02883840997313758 0.0064850415815800562 0.084564640878330752 0.046949745690273874 -0.019158933480058777 0.060734733124540766 0.029630828666247153 0.029736387032116864 0.079429729100386703 -0.020550578271262415 0.0086292377450989596 0.0097401016004815648 -0.04905693134267354 0.0086053585253199946 -0.034214434263322505 0.025203203175827527 -0.048413538283793363
leaf_weight=4.7449838975444427 488.30695510283113 925.97575305402279 4.5346706472337237 4.1604203805327415 5.4453631900250894 3.5345147103071204 4.8941734284162548 4.0215517953038216 18.240005176514387 8.8857062421739084 22.390144266188145 59.400581054389477 3.8165504485368755 19.104004666209224 15.018187105655675 4.9537618309259406 5.0081382468342772 38.235551528632641 7.5354170054197294 18.497820723801851 7.9045149087905875 3.4404115751385671 22.684451777487993 35.180444970726967 4.9706686846911907 8.0853131264448148 19.059105921536688 11.996925856918095 13.527933709323404 4.0723418891429892
leaf_count=1085 3264 5366 33 36 42 17 27 23 104 62 160 360 21 99 83 27 29 236 36 111 46 21 143 197 36 43 115 83 73 22
internal_value=-4.95552e-05 8.3226e-05 -0.0016554 -0.0244394 -0.0044417 -0.0012776 0.00205068 0.00830619 0.0343133 -0.00315891 -0.00145352 -0.0118908 0.00371737 0.0128482 0.0229504 0.0403131 0.00561724 0.00408321 0.0321923 0.00160176 -0.0107824 0.00834212 0.00240038 -0.00280996 0.0382455 -0.00768637 -0.0164302 -0.0079359 0.0120458 -0.00522578
internal_weight=1797.63 1792.88 866.906 14.1405 9.60578 852.765 364.458 165.605 23.1342 198.853 189.968 62.9351 127.032 70.5466 48.1564 24.0578 24.0987 142.471 11.557 130.914 46.1401 84.7738 66.276 57.8649 8.41108 56.4858 39.1413 31.056 17.3445 19.0905
internal_count=12000 10915 5549 111 78 5438 2174 980 131 1194 1132 377 755 420 260 126 134 849 59 790 282 508 397 340 57 335 241 198 94 105
cat_boundaries=0 1 2 3
cat_threshold=2 4 4
is_linear=0
shrinkage=0.05


Tree=79
num_leaves=31
num_cat=1
split_feature=25 22 20 3 12 15 15 4 10 12 4 14 2 2 8 2 15 19 12 14 18 9 7 6 14 14 16 19 6 11
split_gain=4.55501 1.99436 2.42985 2.54778 3.84055 3.20305 5.44602 3.77709 3.06697 2.84777 4.59767 2.77477 6.53169 5.08041 3.35966 4.17095 4.38913 5.52651 4.84005 2.50561 2.35917 2.30755 2.3584 3.60445 2.22394 2.21684 2.14179 2.11246 2.12665 4.02982
threshold=1.0000000180025095e-35 0.41000000000000009 4.6738085436250278 0.13246836295517281 0.22175369228641104 0.047848604109561994 0.075284133636084313 446.97405734729892 209812.47944159087 0.093879967274329831 440.75359372210482 0.048247369926102082 0.23698586133800156 0.10388757216589029 4.6500000000000012 0.26164371841699391 0.076750925510696053 0.043621345759179704 0.16779213415351238 0.11521657841453974 0.016290340660823893 25.000000000000004 0 12.500000000000002 0.087039549121340445 0.1260142061468327 0.017405433798129734 0.045335004128507307 12.500000000000002 70872.503032444205
decision_type=2 2 2 2 2 2 2 2 2 2 2 2 2 2 2 2 2 2 2 2 2 2 1 2 2 2 2 2 2 2
left_child=-1 27 3 11 5 7 -7 -5 -8 -10 -11 12 13 -3 15 16 18 21 -13 -17 -15 -18 -23 25 -16 -24 -9 -2 -29 -30
right_child=1 2 -4 4 -6 6 8 26 9 10 -12 14 -14 20 24 19 17 -19 -20 -21 -22 22 23 -25 -26 -27 -28 28 29 -31
leaf_value=-0.050209790491534567 -0.0010893402143712632 -0.015529521579588229 -0.019546244847994238 0.040263678435608116 -0.022935732125684252 0.059187552768803331 0.035024874982676986 -0.026601091856950296 -0.025146609072121948 -0.011846340512012291 0.047754778846655799 -0.052531312233943896 -0.031148677280864925 0.011953201712385101 -0.0071254131478731405 0.057104974769502437 -0.019556368823863069 -0.042941904390221761 0.00067317258322222441 0.0088754828700013857 0.053877601791002476 0.024704518434126254 0.031217472211330484 -0.030665027568178422 -0.053127191504481787 -0.008216436302234972 0.014442434155755308 0.008426823349056152 -0.014754085143135068 0.027662267171147611
leaf_weight=4.5145150064490727 1448.0088980905712 5.0162519216537538 9.7105779796838743 4.549691483378413 6.3519766926765433 9.3937933593988401 12.534973353147508 9.0572198182344419 6.05359058082104 6.8319008648395521 6.1470470577478409 8.3907848894596118 5.8287132382392874 4.6912959963083294 5.547879830002783 4.7538727819919568 6.1595250815153113 5.7090416252613059 8.7136096656322461 6.2117230892181396 11.785336241126059 21.754445374011993 8.5246632397174853 6.2331778705120078 4.9908418655395508 6.1244722455739966 4.8971328735351554 114.54571607708931 26.679157480597496 7.0871241241693488
leaf_count=1085 9293 21 40 19 26 45 57 38 26 29 27 36 25 21 25 21 26 24 37 26 56 93 36 26 21 26 22 590 150 33
internal_value=-4.91942e-05 7.71534e-05 0.00483753 0.00610881 0.0140194 0.0179668 0.0257663 0.000701571 0.0158209 0.00317302 0.0163817 0.00178575 0.0157965 0.0285277 -0.00232529 0.00106767 -0.0033297 0.00360469 -0.025427 0.0297842 0.0419407 0.00905052 0.0131832 0.00118074 -0.0289106 0.014731 -0.0121973 -0.000507228 0.00517609 -0.00585142
internal_weight=1796.8 1792.28 195.964 186.253 65.8173 59.4653 40.9613 18.504 31.5675 19.0325 12.9789 120.436 27.3216 21.4929 93.114 82.5753 71.6097 54.5053 17.1044 10.9656 16.4766 48.7963 42.6368 20.8823 10.5387 14.6491 13.9544 1596.32 148.312 33.7663
internal_count=12000 10915 849 809 289 263 184 79 139 82 56 520 123 98 397 351 304 231 73 47 77 207 181 88 46 62 60 10066 773 183
cat_boundaries=0 1
cat_threshold=2
is_linear=0
shrinkage=0.05


Tree=80
num_leaves=31
num_cat=0
split_feature=25 8 4 12 4 15 2 6 9 15 16 2 23 2 2 2 0 6 14 0 15 19 20 2 11 4 0 0 16 4
split_gain=4.33188 1.87215 2.54161 2.78366 5.79515 4.07838 3.9604 2.91526 3.81805 3.32447 2.83132 2.39674 2.58481 5.57581 2.91144 2.85061 2.60141 2.28606 5.05505 4.51121 4.13303 3.99054 2.58455 3.88684 3.31916 5.2642 3.97482 2.8435 2.9012 2.55285
threshold=1.0000000180025095e-35 4.4500000000000011 214.52421112849933 0.18716360464375012 144.53792645830043 0.073340662419549577 0.1909055583156512 1.0000000180025095e-35 127.50000000000001 0.12224290952210719 0.008477003960046069 0.053041780865135453 0.81500000000000017 0.08200441701734891 0.10732930375386941 0.17527932335156107 24.500000000000004 18.000000000000004 0.055461480381762483 37.500000000000007 0.046868805906417385 0.039095939722536562 4.0124524090741129 0.17262221158991101 67688.285520286983 1057.6299254770076 22.500000000000004 35.500000000000007 0.0089886585904057625 114.05531082463025
decision_type=2 2 2 2 2 2 2 2 2 2 2 2 2 2 2 2 2 2 2 2 2 2 2 2 2 2 2 2 2 2
left_child=-1 17 3 7 5 -5 -7 8 -3 10 -9 -4 -13 -14 -15 -16 -17 29 19 20 22 -20 23 -19 25 27 -26 28 -24 -2
right_child=1 2 11 4 -6 6 -8 9 -10 -11 -12 12 13 14 15 16 -18 18 21 -21 -22 -23 24 -25 26 -27 -28 -29 -30 -31
leaf_value=-0.050199517553698239 0.012761652597445603 -0.052195065991415407 -0.025490142845998959 -0.005768225916385406 -0.037009194976086117 0.079140720345644275 0.011954047895510312 -0.02759312658327466 0.0054928691283399967 -0.044515805906639581 0.021191925870055046 0.0032540188990048354 -0.028498597211498146 0.060695577893912923 -0.0055399640318710081 0.062543649847052504 0.014246104822326322 0.021779444579942131 -0.0057948832988859028 0.039968144721697615 0.024162038268891989 -0.023968600959491965 0.030970836381184363 -0.041682968513781081 -0.067219381128955341 0.061492691595142028 -0.00086801219487992137 0.035780030729875852 -0.021883511190936556 -0.00043926574578740518
leaf_weight=4.2951963120140126 38.015287153422832 9.4450685828924197 6.8842674642801276 7.5273005962371888 5.7841272354125968 4.2399395927786809 4.5440814569592476 4.1903245002031353 4.1190650835633269 3.992837853729724 10.246788188815115 429.66514424979687 5.1662668585777309 5.5018397271633175 7.1243601441383388 4.8484119027852994 6.5607594698667526 3.2406914122402659 123.08315621688962 8.4975333735346776 14.741264812648295 40.028586156666279 3.3391236290335717 9.443157881498335 3.3764192014932615 4.2754829227924338 6.8088358715176582 4.351253628730773 11.670915160328148 1000.191666200757
leaf_count=1085 220 54 40 37 36 23 31 26 24 23 53 2322 24 24 34 21 33 19 864 47 85 234 19 57 22 25 44 24 75 6375
internal_value=-4.65641e-05 7.37197e-05 0.00260158 -0.00765754 0.00599159 0.02124 0.0443842 -0.0170838 -0.0346768 -0.00413563 0.00703222 0.00379301 0.00423234 0.018627 0.0287564 0.019275 0.0347705 -0.000960125 -0.00543755 0.0058286 0.00109203 -0.0102548 -0.00622062 -0.0254685 0.000997658 0.0112796 -0.0228635 0.00019125 -0.0101256 4.41029e-05
internal_weight=1795.2 1790.9 519.841 54.0895 22.0954 16.3113 8.78402 31.9941 13.5641 18.43 14.4371 465.751 458.867 29.2016 24.0354 18.5335 11.4092 1271.06 232.856 69.7447 61.2471 163.112 46.5059 12.6838 33.822 23.6368 10.1853 19.3613 15.01 1038.21
internal_count=12000 10915 2805 307 127 91 54 180 78 102 79 2498 2458 136 112 88 54 8110 1515 417 370 1098 285 76 209 143 66 118 94 6595
is_linear=0
shrinkage=0.05


Tree=81
num_leaves=31
num_cat=1
split_feature=25 22 20 3 12 15 15 4 10 14 2 2 8 2 15 19 12 12 4 14 3 12 18 13 2 5 7 4 4 19
split_gain=4.11945 1.83112 2.18563 2.34732 3.50399 2.77178 5.29401 3.41463 2.92658 2.49751 5.8774 4.60318 3.06063 3.77753 4.00361 4.96342 4.42496 2.4635 3.7989 2.30502 2.26565 2.24166 2.99926 2.48981 4.25716 3.81224 2.57807 2.20936 2.01971 1.97023
threshold=1.0000000180025095e-35 0.41000000000000009 4.6738085436250278 0.13246836295517281 0.22212322287450223 0.047848604109561994 0.075284133636084313 446.97405734729892 209812.47944159087 0.048247369926102082 0.23698586133800156 0.10388757216589029 4.6500000000000012 0.26164371841699391 0.076750925510696053 0.043621345759179704 0.16779213415351238 0.093879967274329831 440.75359372210482 0.11521657841453974 0.072193744419437184 0.19598561495362468 0.032685023397731196 0.11781215213407999 0.10388757216589029 149000.00000000003 0 622.19353438341284 875.71137534116838 0.045335004128507307
decision_type=2 2 2 2 2 2 2 2 2 2 2 2 2 2 2 2 2 2 2 2 2 2 2 2 2 2 1 2 2 2
left_child=-1 29 3 9 5 7 -7 -5 -8 10 11 -3 13 14 16 21 -11 -10 -19 -15 -13 23 -23 25 -25 -16 -26 -14 -9 -2
right_child=1 2 -4 4 -6 6 8 28 17 12 -12 20 27 19 15 -17 -18 18 -20 -21 -22 22 -24 24 26 -27 -28 -29 -30 -31
leaf_value=-0.05018974911537577 -0.0010532452966447116 -0.014608989931396865 -0.01848932846751921 0.038498261787602621 -0.025294379523996359 0.057571578926878947 0.033657083462879787 -0.031701330991612237 -0.023834426953094019 -0.050267227601847486 -0.029507885909527999 0.059391198150693908 -0.051032462186609784 0.054875939981334748 0.037330763663474743 -0.040722100374301247 0.00067221232941303238 -0.010376268499755955 0.04196615471121732 0.0084606455558657347 0.022030982102644741 0.052566711570149728 0.00015277287235095866 0.022389450785129654 -0.0013528747530075302 -0.013645199638748568 -0.043631159372035412 -0.005281314446235399 0.0064224447011820346 0.0049958855953871209
leaf_weight=4.08649225719273 1446.9034613780677 5.0206031799316468 9.704907611012457 4.5371106117963818 5.3524123132228842 9.194084554910658 12.404698148369787 6.5352661758661252 6.0717387646436718 8.3513915091753024 5.8101070672273627 7.8867132365703609 5.1379245370626432 4.6998046338558179 9.7420574277639371 5.6822202652692786 8.7091056704521161 7.3417791575193387 6.5673191547393799 6.2079411596059799 8.3591024130582792 5.9509316086769086 5.0417199730873108 7.5890676975250271 6.7788474559783936 5.8821672499179831 7.7033143490552884 5.424985483288765 7.4166517108678818 148.41567434370518
leaf_count=1085 9293 21 40 19 22 45 57 28 26 36 25 39 22 21 42 24 37 31 29 26 38 25 21 32 29 26 32 24 32 773
internal_value=-4.57423e-05 6.87072e-05 0.00464107 0.00585186 0.0134708 0.016925 0.0240871 0.000818176 0.014581 0.00169744 0.0150599 0.0272361 -0.00219712 0.00105341 -0.0031316 0.00349922 -0.0242635 0.00273805 0.0143377 0.0284595 0.0401679 0.00866014 0.0285273 0.00286652 -0.0079452 0.0181395 -0.0238414 -0.0275352 -0.0114352 -0.000490483
internal_weight=1794.51 1790.42 195.104 185.399 65.4211 60.0686 41.5796 18.489 32.3855 119.978 27.0765 21.2664 92.9015 82.3386 71.4308 54.3703 17.0605 19.9808 13.9091 10.9077 16.2458 48.6881 10.9927 37.6955 22.0712 15.6242 14.4822 10.5629 13.9519 1595.32
internal_count=12000 10915 849 809 289 267 188 79 143 520 123 98 397 351 304 231 73 86 60 47 77 207 46 161 93 68 61 46 60 10066
cat_boundaries=0 1
cat_threshold=2
is_linear=0
shrinkage=0.05


Tree=82
num_leaves=31
num_cat=1
split_feature=25 16 3 8 3 19 19 20 11 6 8 11 10 24 4 4 4 18 9 1 18 6 0 16 12 16 2 13 4 2
split_gain=3.91776 1.8145 2.43697 3.80981 5.34993 3.0904 5.65854 3.97498 4.21583 4.05804 4.02893 4.98011 2.48549 2.2776 3.61149 4.23455 3.19817 4.30824 4.09817 7.46482 6.86526 7.16321 6.66552 5.5506 5.19427 5.05747 4.50169 6.44831 3.63586 3.77303
threshold=1.0000000180025095e-35 0.014652335858349528 0.17612561835471538 3.2500000000000004 0.19050934615835344 0.049061081391697667 0.044454446584312877 4.5986040949059968 32514.037492053463 16.500000000000004 4.3500000000000005 56101.276083992852 31172.04014059262 1.0000000180025095e-35 1180.0318248663252 1126.1350716132135 614.52562166793359 0.027795941361134696 122.50000000000001 0 0.014866989448346564 37.500000000000007 22.500000000000004 0.0041793734940872409 0.13625773367611718 0.013255653198199881 0.24352546186778035 0.19153283432069304 1126.1350716132135 0.11051954475312892
decision_type=2 2 2 2 2 2 2 2 2 2 2 2 2 2 2 2 2 2 2 1 2 2 2 2 2 2 2 2 2 2
left_child=-1 2 12 4 -4 6 7 8 -5 10 11 -10 -2 16 15 -15 17 -14 19 20 22 23 -18 -22 25 -21 28 -28 29 -20
right_child=1 -3 3 5 -6 -7 -8 -9 9 -11 -12 -13 13 14 -16 -17 18 -19 26 24 21 -23 -24 -25 -26 -27 27 -29 -30 -31
leaf_value=-0.050180458923031961 0.011291773198345274 0.0014297827578741917 -0.010342054605674708 -0.025097896681409881 0.078164855517197374 -0.06760184172761001 0.045602094784609568 -0.047781783380839569 0.038387508027480741 -0.032070522183978288 0.042355367598689096 -0.056567729394266457 -0.019287845867833431 0.00079602404023409307 -0.037850818120052976 0.033812070880371498 0.10427941121573969 -0.0012503076575699924 0.01870848762706288 -0.0067095753563251957 0.033397626005380841 0.074365660567555655 0.019913942580614821 -0.02331506606168424 -0.026567382390986979 0.05892980062061081 0.016178130093001088 0.10014532092494632 0.052147732499193446 -0.011395193916922472
leaf_weight=3.8878930523060253 39.270745705813169 1031.9018021598458 4.5257381014525881 23.265009649097919 2.7417557053267956 2.6992405205965033 3.8558353856205931 8.801352243870495 2.5747200734913376 4.9794233702123156 8.3990290239453298 2.977880883961916 69.150748200714588 333.45829147845507 5.8531627878546706 10.003066807985304 3.2834310904145232 63.506735920906067 16.313954841345549 25.113494288176302 5.5714676678180757 2.7635024674236766 8.1588606946170312 19.121655691415071 43.123346321284771 3.3228506669402114 9.040535841137169 3.060522347688674 3.5369638279080382 28.754236962646246
leaf_count=1085 240 5583 36 178 23 16 24 74 23 40 53 32 628 2182 39 60 24 391 108 179 37 22 52 145 370 29 71 20 26 210
internal_value=-4.31927e-05 6.57588e-05 -0.00179305 -0.0110637 0.0230483 -0.0153712 -0.012801 -0.0172168 -0.0108414 0.00667878 0.0205086 -0.0125373 -0.000925174 -0.00165973 0.00109391 0.00175759 -0.00482569 -0.0106528 -0.000309528 -0.00604507 0.0115846 -0.00197545 0.0441231 -0.0105191 -0.0156284 0.000960533 0.0101266 0.0374146 0.00333286 -0.000498149
internal_weight=1793.02 1789.13 757.228 64.82 7.26749 57.5525 54.8533 50.9974 42.1961 18.9311 13.9516 5.5526 692.408 653.137 349.315 343.461 303.822 132.657 171.165 110.459 38.8989 27.4566 11.4423 24.6931 71.5597 28.4363 60.7062 12.1011 48.6052 45.0682
internal_count=12000 10915 5332 499 59 440 424 400 326 148 108 55 4833 4593 2281 2242 2312 1019 1293 858 280 204 76 182 578 208 435 91 344 318
cat_boundaries=0 1
cat_threshold=1
is_linear=0
shrinkage=0.05


Tree=83
num_leaves=31
num_cat=0
split_feature=25 22 3 20 8 0 2 18 19 16 3 10 20 3 15 8 11 20 11 17 10 8 9 4 11 5 9 0 13 14
split_gain=3.72556 1.7542 2.07949 2.88501 3.90064 3.18381 3.04237 3.01265 4.12044 2.59088 4.15007 4.19112 3.98237 2.74976 5.756 4.10594 3.30091 3.40014 2.91711 3.79078 2.44674 2.28344 2.303 2.34861 2.21318 2.06681 2.06338 2.06234 2.0611 1.89977
threshold=1.0000000180025095e-35 0.41000000000000009 0.10299926271842851 4.4476065750779448 3.2500000000000004 16.500000000000004 0.27759631964528492 0.018772715056741402 0.030241458568216899 0.007447326236067464 0.083222235829224708 129827.82334341628 4.5519799732684048 0.059278329594451146 0.050184471556258596 4.3500000000000005 10283.201433966062 4.4633550699493743 31618.287337487131 0.02204877180761464 506907.8137419697 3.6500000000000008 76.500000000000014 782.63958876417485 63269.170475977859 149000.00000000003 116.50000000000001 32.500000000000007 0.12729714745138118 0.13968248507980194
decision_type=2 2 2 2 2 2 2 2 2 2 2 2 2 2 2 2 2 2 2 2 2 2 2 2 2 2 2 2 2 2
left_child=-1 29 9 5 -5 -4 7 28 -9 10 11 -3 -13 14 -11 16 -15 27 -16 -20 -19 -6 23 -23 -24 -10 -17 -18 -7 -2
right_child=1 2 3 4 21 6 -8 8 25 13 -12 12 -14 15 18 26 17 20 19 -21 -22 22 24 -25 -26 -27 -28 -29 -30 -31
leaf_value=-0.050171628046713705 -1.1220098055869554e-05 0.01186015811148072 0.056651720526130447 -0.037103352268001856 0.028178449005734765 0.0084007995119160708 0.051027680719391788 0.049957080529363533 -0.0075998792803295941 0.058394514146165005 0.025426286503643453 -0.071699910813861775 -0.014828014944926386 0.023976025311093087 -0.016365697309767873 0.03755558922196163 -0.063758069183172575 0.0095123191691668333 0.034765440352258224 -0.0086833684023953309 -0.034464729805264167 0.044844929037878706 0.0053337651061845471 -0.0013874655802846832 -0.032710156510819433 0.02409619469008642 -0.005076533177087535 -0.020895299557813388 -0.031078020161812544 -0.0067540743275466015
leaf_weight=3.6989129066932938 1482.2179015129805 4.9445097595453325 4.7982032299041739 6.0034774690866461 9.040059879422186 7.0222469419240934 4.927317187190055 7.6785672456026104 11.114010564982893 6.0360470116138449 4.8251517266035071 6.0228927880525571 6.2956534624099731 4.6290015280246761 10.525525718927385 6.9178315699100477 5.6491782367229479 9.2325372546911222 11.639184191823007 8.8274851441383344 4.8109314143657675 4.369895279407503 7.6641005277633649 7.3966618627309799 7.6273580640554428 9.5733240246772748 4.8127769380807877 5.5766470730304718 6.2472335547208786 112.38082480058074
leaf_count=1085 9327 21 23 25 39 30 22 36 48 29 20 27 26 20 45 35 24 38 51 37 20 20 32 34 33 42 22 24 26 739
internal_value=-4.36524e-05 6.00028e-05 0.00454664 0.0099183 0.000215602 0.0178718 0.0138756 0.00947884 0.0186779 -0.000436705 -0.0155678 -0.0270259 -0.0426343 0.00381235 0.0137248 -0.00500457 -0.0148405 -0.0219512 0.00502486 0.0160255 -0.00555309 0.00642212 -0.000846645 0.0157824 -0.0136425 0.00706788 0.0200647 -0.0424652 -0.0101857 -0.000486429
internal_weight=1792.51 1788.81 194.208 93.4625 42.1016 51.3609 46.5627 41.6354 28.3659 100.745 22.0882 17.2631 12.3185 78.6571 37.0282 41.6289 29.8983 25.2693 30.9922 20.4667 14.0435 36.0981 27.058 11.7666 15.2915 20.6873 11.7306 11.2258 13.2695 1594.6
internal_count=12000 10915 849 410 183 227 204 182 126 439 94 74 53 345 162 183 126 106 133 88 58 158 119 54 65 90 57 48 56 10066
is_linear=0
shrinkage=0.05


Tree=84
num_leaves=31
num_cat=0
split_feature=25 8 4 0 19 0 17 20 0 2 17 2 23 23 14 5 9 4 8 17 23 10 4 16 0 0 8 4 16 3
split_gain=3.54322 1.7377 2.24631 3.04178 3.39528 5.06397 2.8826 4.8708 3.00926 2.2714 2.17258 3.15392 2.98215 5.00068 3.59051 2.77204 3.1165 4.32803 4.05483 3.14933 3.10491 5.65257 3.05627 3.23462 3.84761 2.86699 5.78066 5.98226 5.97401 4.60638
threshold=1.0000000180025095e-35 4.4500000000000011 969.8407389905102 42.500000000000007 0.0374081541162972 38.500000000000007 0.016605030278032919 4.357791059661527 21.500000000000004 0.22838240328443471 0.017383612839079399 0.063262906114569098 0.025000000000000005 0.015000000000000001 0.10811306090268789 349000.00000000006 129.00000000000003 800.78059242281199 3.8500000000000001 0.024026706519036222 0.80500000000000016 535599.77398007945 1162.0179153267984 0.026224315634011088 40.500000000000007 36.500000000000007 3.7500000000000004 444.30879973935072 0.024662107443910199 0.11488715206224745
decision_type=2 2 2 2 2 2 2 2 2 2 2 2 2 2 2 2 2 2 2 2 2 2 2 2 2 2 2 2 2 2
left_child=-1 10 -3 4 5 6 7 9 -8 -4 11 12 13 -2 -14 22 19 20 -19 -17 21 -18 23 25 -25 -12 27 -27 29 -29
right_child=1 2 3 -5 -6 -7 8 -9 -10 -11 15 -13 14 -15 -16 16 17 18 -20 -21 -22 -23 -24 24 -26 26 -28 28 -30 -31
leaf_value=-0.050163230547058693 -7.8281516901359556e-05 0.00086363173177169067 -0.03839010387366959 -0.014939861006098827 0.024365359540950097 0.043745807782359786 0.016652199725859122 0.021620697727692189 -0.032159002237397566 0.006196898793032638 0.0024986432013606248 -0.0039539890187390197 -0.034486525057949947 0.062585329603094417 0.02361015759114965 -0.018586934504119548 -0.02476709138276979 -0.0072640387251480939 0.055612185465739483 -0.00039099249364449838 0.034883172084902485 0.038182288908786215 -0.026234236848507533 -0.00052809206456078106 -0.025859179748677016 0.00037520091826787793 0.0005807133524322409 0.016964324900659675 0.088520580287310996 0.061776711146598412
leaf_weight=3.5190890182275316 6.3950592800974864 416.48810061812401 6.4925165772438032 11.634711086750029 35.198538765311241 7.1660907343029967 4.3514686226844779 20.94658200442791 11.509291395545004 5.1002405807375908 329.87311188876629 555.80321323871613 5.1941224448382837 6.3401511684060097 5.4498729631304741 52.17470970749855 17.465813204646118 4.0151505321264249 7.095270186662674 43.694815441966057 4.2271316945552817 4.4811429455876342 9.0975421294569951 86.202364832162857 18.146467857062817 18.922777242958546 57.278539374470711 24.663675256073475 4.5631511807441703 7.4719298481941214
leaf_count=1085 36 2264 48 62 170 38 21 112 54 36 1824 4175 41 40 36 303 97 24 37 224 18 24 64 448 100 103 325 130 23 38
internal_value=-4.13992e-05 5.72798e-05 0.00249486 0.00912956 0.0122149 0.00451817 -0.00128985 0.00722931 -0.0187674 -0.018774 -0.000939785 -0.00319726 0.0147928 0.0311184 -0.00474022 0.000956847 -0.00552335 0.00674264 0.0328896 -0.0102937 -0.00435627 -0.011914 0.00250815 0.00298608 -0.00493322 0.00485243 0.0117297 0.0232109 0.0349856 0.0273838
internal_weight=1790.96 1787.44 518.888 102.399 90.7647 55.5662 48.4001 32.5393 15.8608 11.5928 1268.56 579.182 23.3792 12.7352 10.644 689.374 133.154 37.2845 11.1104 95.8695 26.1741 21.947 556.22 547.122 104.349 442.773 112.9 55.6215 36.6988 32.1356
internal_count=12000 10915 2805 541 479 309 271 196 75 84 8110 4328 153 76 77 3782 727 200 61 527 139 121 3055 2991 548 2443 619 294 191 168
is_linear=0
shrinkage=0.05


Tree=85
num_leaves=31
num_cat=0
split_feature=25 18 4 13 9 4 9 12 12 24 8 4 20 4 3 14 3 11 20 8 17 11 2 12 23 8 19 2 19 3
split_gain=3.3696 1.71719 2.26588 7.36736 2.52128 2.49743 5.49228 4.73875 3.73265 3.06235 3.66339 2.55055 2.36333 2.91061 2.02177 3.74962 3.33571 6.4725 5.55389 7.13927 3.88297 3.75262 3.15375 3.61401 2.95977 3.64452 2.77655 2.56243 2.34334 2.3271
threshold=1.0000000180025095e-35 0.029850912815915492 1144.4485727749516 0.10138685862026071 117.50000000000001 1077.2027690103353 159.50000000000003 0.18618658897677515 0.13820716310801842 1.0000000180025095e-35 4.1500000000000012 1112.8814431927474 4.6849861362521095 622.19353438341284 0.050724033783506185 0.030486960522723875 0.057519742718084611 63041.337646955471 4.6289811023289289 4.2500000000000009 0.0099200614166775874 76603.200677874571 0.13007894883570567 0.14153787732427123 0.81500000000000017 3.1500000000000008 0.042415640627786029 0.19250080687260318 0.04415522459898668 0.041782898197936159
decision_type=2 2 2 2 2 2 2 2 2 2 2 2 2 2 2 2 2 2 2 2 2 2 2 2 2 2 2 2 2 2
left_child=-1 2 5 -4 -5 12 7 8 9 -7 -11 -10 -2 -14 15 22 17 18 19 20 -16 -19 28 27 25 -17 -23 -24 -3 -27
right_child=1 14 3 4 -6 6 -8 -9 11 10 -12 -13 13 -15 16 24 -18 21 -20 -21 -22 26 23 -25 -26 29 -28 -29 -30 -31
leaf_value=-0.050155244505663457 -0.0013922853491532686 -0.038226319711714599 0.032278083912825446 -0.05031633842305433 -0.0053537301190022465 -0.033892272449780041 0.056956344933945115 -0.023624171583451453 0.0093960967074582877 -0.015350031615998501 0.049667775773942206 0.060725584671827051 0.0008232587692712629 -0.052914541612170553 -0.0028892868238595366 -0.048544059337883756 0.0017370117677538402 -0.049524709937596181 0.080974704343390339 -0.0095971641225262843 0.047837674754901194 -0.023324524575786085 0.03481020455194845 0.062328008421870487 0.021530941660014534 0.0010389054873097426 0.033437494908861741 -0.023256489205287629 0.016575441378885624 -0.013738181325947492
leaf_weight=3.347980562830343 832.0480972379446 3.6999471038579967 5.3130614235997227 10.121770419180391 4.5058169811964026 4.6188107505440721 5.6169214919209471 10.886440325528381 4.1316429674625379 4.4209191873669624 4.2485138401389122 5.8423216342926025 5.0959446467459184 4.9844442643225193 4.8567042425274876 5.6190380454063407 688.88094343990088 4.9832235127687445 3.9857459664344779 13.668933913111685 16.89838882535696 4.3197696954011899 4.2474064156413061 5.3597303777933121 8.3659239262342435 47.535341337323189 4.2979433685541153 3.4376386776566505 4.1259656548500061 60.617533929646015
leaf_count=1085 5777 21 40 79 36 35 34 81 27 27 22 37 41 43 31 36 3611 27 20 69 84 21 22 25 36 252 19 20 20 322
internal_value=-4.09699e-05 5.29342e-05 -0.0014825 -0.0181498 -0.0364663 -0.00110564 0.011139 0.00360271 0.0163446 -0.00100758 0.0165124 0.0394627 -0.00168383 -0.0257484 0.00161776 -0.00382574 0.00266706 0.0147531 0.0250169 0.0187207 0.0365132 -0.014987 0.01576 0.0308144 -0.00717251 -0.00928314 0.0049846 0.00883608 -0.00933382 -0.00724336
internal_weight=1790.08 1786.73 901.835 19.9406 14.6276 881.894 39.7656 34.1486 23.2622 13.2882 8.66943 9.97396 842.128 10.0804 884.9 143.009 741.892 53.0107 39.4098 35.424 21.7551 13.6009 20.8707 13.0448 122.138 113.772 8.61771 7.68505 7.82591 108.153
internal_count=12000 10915 6279 155 115 6124 263 229 148 84 49 64 5861 84 4636 754 3882 271 204 184 115 67 108 67 646 610 40 42 41 574
is_linear=0
shrinkage=0.05


Tree=86
num_leaves=31
num_cat=0
split_feature=25 24 14 2 3 12 3 4 0 4 15 18 4 9 3 9 8 4 2 2 18 4 4 4 9 15 12 2 16 9
split_gain=3.20453 1.72591 2.84893 5.35412 2.55013 2.37828 4.48922 3.30316 3.03291 2.23813 5.47369 9.37951 3.52097 6.97029 5.07133 4.2005 2.21877 4.72709 2.79522 4.71888 8.10697 2.30456 3.01317 2.48329 2.9983 2.0411 1.92604 1.9252 5.39704 5.152
threshold=1.0000000180025095e-35 1.0000000180025095e-35 0.1480119648045943 0.18298498710196337 0.027765004170280966 0.24639396456256923 0.066732623478464453 403.43241659981544 32.500000000000007 1180.0318248663252 0.10558189391131964 0.03457915991822625 1126.1350716132135 156.50000000000003 0.15695561252137283 71.000000000000014 3.1500000000000008 341.8581342332497 0.092344873264884317 0.15846936407590431 0.035178744707458402 1053.3502151236696 942.98384819481134 606.96566907976421 114.00000000000001 0.074494998810210836 0.052162913001605943 0.23136415027115556 0.0019647188533627349 21.500000000000004
decision_type=2 2 2 2 2 2 2 2 2 2 2 2 2 2 2 2 2 2 2 2 2 2 2 2 2 2 2 2 2 2
left_child=-1 2 5 -4 25 16 -7 -8 -9 12 11 -11 26 14 -14 -16 17 -2 -19 20 -20 22 23 -21 -25 -3 -6 -28 -29 -30
right_child=1 4 3 -5 9 6 7 8 -10 10 -12 -13 13 -15 15 -17 -18 18 19 21 -22 -23 -24 24 -26 -27 27 28 29 -31
leaf_value=-0.050147650734177054 -0.054018439392519574 0.050355958801684454 0.064274916749884906 -0.01702681921874628 -0.033546655736053664 -0.064844492371709736 0.043626090530779447 -0.05383877309162044 0.01305220907489605 -0.043893114993782394 -0.059167437050735849 0.072754322908971686 -0.020619751336932862 0.078536749837333428 0.076872015012705727 0.0024995989171137274 -0.00092934596401793702 -0.032425079273077216 0.095877390624086678 -0.032486553450813367 -0.017393301830058414 0.034025151868596129 -0.051242584409767172 -0.0091041500849668496 0.055111513620427294 0.0057136086821996182 -0.00022300000544560826 -0.034767314043372487 0.026702707940686261 0.003706965513095844
leaf_weight=3.1851676839869461 5.9735211953520766 4.7483001351356489 4.5131348520517331 3.673125721514225 3.9964499808847895 4.2965618148446074 2.6926085799932462 3.5399918183684349 3.2506996057927608 3.8122454658150655 5.1486939564347267 3.1450703889131546 8.1431732103228587 4.3179648816585532 3.4580622389912596 4.209729790687561 799.9755252301693 7.6420785821974269 3.179281800985339 4.8189258128404679 3.1396021246910095 2.5950135737657538 4.5933336727321139 5.3124690204858762 2.7632262967526913 5.5568101108074188 630.49704000726342 8.2537825554609281 27.529090978205204 211.3714465200901
leaf_count=1085 56 23 27 24 42 33 22 30 26 28 36 16 51 24 18 23 5068 61 28 32 20 20 42 38 22 33 3645 64 154 1209
internal_value=-4.05912e-05 4.87628e-05 -0.00156061 0.0277953 0.00154977 -0.00184209 -0.0224458 -0.00323643 -0.0218181 0.00127087 -0.020085 0.00883762 0.00155757 0.0222346 0.00685857 0.0360405 -0.00150409 -0.0129936 -0.00579518 0.00191291 0.0395977 -0.00994419 -0.0164687 -0.00408156 0.0128683 0.0262835 0.00108549 0.00124319 0.00498347 0.00635682
internal_weight=1789.33 1786.15 861.959 8.18626 924.188 853.773 13.7799 9.4833 6.79069 913.883 12.106 6.95732 901.777 20.1289 15.811 7.66779 839.993 40.0175 34.0439 26.4019 6.31888 20.083 17.488 12.8946 8.0757 10.3051 881.648 877.651 247.154 238.901
internal_count=12000 10915 5549 51 5366 5498 111 78 56 5310 80 44 5230 116 92 41 5387 319 263 202 48 154 134 92 60 56 5114 5072 1427 1363
is_linear=0
shrinkage=0.05


Tree=87
num_leaves=31
num_cat=0
split_feature=25 22 20 6 20 11 6 15 5 14 0 2 4 11 24 23 4 9 10 19 19 18 20 11 6 23 11 11 20 10
split_gain=3.04753 1.6747 1.97027 2.12477 3.30561 3.90847 3.1334 2.76686 4.88477 5.64061 4.82912 4.50121 4.07117 3.70431 4.30686 4.08039 3.88888 2.98272 3.03424 2.36018 4.10503 2.9279 2.94712 4.66143 4.22434 2.35669 2.30732 2.27175 2.06049 2.05788
threshold=1.0000000180025095e-35 0.41000000000000009 4.6738085436250278 26.500000000000004 3.9319901027485016 48142.707521358076 5.5000000000000009 0.07238726755722924 149000.00000000003 0.10969663582426643 16.500000000000004 0.10732930375386941 440.75359372210482 69820.986916457143 1.0000000180025095e-35 0.015000000000000001 875.71137534116838 34.500000000000007 405089.91046890261 0.0099696729182230572 0.019121019945955189 0.023518090994731802 4.5853760917360082 41261.639212379821 14.000000000000002 0.41500000000000009 34549.042565012169 14072.743725111866 4.3594079490452753 260425.97659793941
decision_type=2 2 2 2 2 2 2 2 2 2 2 2 2 2 2 2 2 2 2 2 2 2 2 2 2 2 2 2 2 2
left_child=-1 -2 3 6 -5 28 7 10 11 29 -3 -9 -11 14 16 -16 27 -13 25 -8 -21 -22 23 24 -23 26 -19 -12 -6 -10
right_child=1 2 -4 4 5 -7 19 8 9 12 13 17 -14 -15 15 -17 -18 18 -20 20 21 22 -24 -25 -26 -27 -28 -29 -30 -31
leaf_value=-0.050140426617807259 -0.00048853942073395567 0.05604949397222167 -0.017546371166988494 -0.020337413967871764 0.029092184337055134 -0.0014566407832650864 -0.039072971861673925 0.042223592345559294 -0.02388417719629897 -0.026827185034097152 -0.0047849724116375081 -0.02472542722709957 0.020979319562623739 0.039523535330986306 -0.0107987683548438 0.04187819125079649 0.019738668442911823 -0.0025694009924360317 -0.017458303588051199 0.039234125259981496 -0.048290740842361207 0.022515591202388077 -0.037863912888242202 0.049416613104287826 -0.039314971749067958 0.051245392899760128 0.031320791730314455 -0.049200028103375815 0.07470835020176235 -0.066925963597064195
leaf_weight=3.0302507348824284 1592.7682440988719 6.7429294586181632 9.6757895201444608 3.849242955446246 5.3168978244066221 5.7481619864702216 5.6462910622358313 9.5116800218820554 6.6159456372261065 7.2315647453069714 4.9637639224529284 7.3893413096666327 11.591770201921461 8.6828152239322645 5.9181961119174948 9.7041380405426008 5.6991535723209372 12.044286593794828 7.5083915442228308 4.6687724143266705 4.5144688338041332 5.1416151970624941 4.8508087843656531 4.5420418530702582 5.9698596447706223 4.5687867999076834 8.6142653971910459 6.854771226644516 4.6324224472045898 4.7858694344758987
leaf_count=1085 10066 32 40 17 24 26 23 41 28 32 22 32 52 44 26 43 24 52 32 20 19 23 20 22 25 23 36 30 21 20
internal_value=-4.05722e-05 4.44424e-05 0.00444334 0.00560405 0.0211853 0.0313673 0.00374425 0.00737201 0.00164893 -0.0141978 0.0167831 0.0112984 0.00261298 0.0104523 0.00283554 0.0219226 -0.0141864 0.00396759 0.0104444 -0.00944153 -0.00380592 -0.0118376 -0.00381171 0.00674059 -0.0107041 0.018749 0.0115622 -0.0305458 0.0503312 -0.0419508
internal_weight=1788.78 1785.75 192.984 183.308 19.5467 15.6975 163.762 128.428 79.8619 30.2252 48.5658 49.6368 18.8233 41.8228 33.14 15.6223 17.5177 40.1251 32.7357 35.3339 29.6876 25.0188 20.5043 15.6535 11.1115 25.2273 20.6586 11.8185 9.94932 11.4018
internal_count=12000 10915 849 809 88 71 721 569 348 132 221 216 84 189 145 69 76 175 143 152 129 109 90 70 48 111 88 52 45 48
is_linear=0
shrinkage=0.05


Tree=88
num_leaves=31
num_cat=1
split_feature=23 6 13 0 0 4 4 18 13 9 11 4 4 4 22 16 3 20 10 3 4 4 0 15 10 14 11 18 1 14
split_gain=1.57827 5.02199 2.46555 2.68312 4.21068 2.83342 2.60557 2.57703 2.07824 2.16303 2.7705 3.25099 5.5579 2.64817 2.47415 3.39218 2.79362 3.59786 4.02283 3.44653 3.33846 2.96356 3.23842 3.18913 2.79073 2.44517 2.43716 2.58877 2.53361 2.28725
threshold=0.41500000000000009 47.500000000000007 0.077387891037853138 29.500000000000004 21.500000000000004 227.19427404904192 635.83871410587437 0.047658641924333868 0.082794483794778398 125.00000000000001 88042.444397710162 214.52421112849933 303.30998189495477 485.87028764915641 0.41000000000000009 0.0090580339655182644 0.082164815648014936 3.7429160574449143 350425.49593420274 0.058219669150543933 227.19427404904192 361.98031496369947 29.500000000000004 0.083353552997586122 399420.2858242137 0.079961339968706094 27230.710120932785 0.040182121082477588 0 0.084928596841425993
decision_type=2 2 2 2 2 2 2 2 2 2 2 2 2 2 2 2 2 2 2 2 2 2 2 2 2 2 2 2 1 2
left_child=-1 2 3 4 5 -2 -5 8 -4 14 11 -11 -13 -12 16 -16 19 -18 20 -10 -19 -20 24 -24 -23 -22 27 -14 -28 -17
right_child=1 -3 7 6 -6 -7 -8 -9 9 10 13 12 26 -15 15 29 17 18 21 -21 25 22 23 -25 -26 -27 28 -29 -30 -31
leaf_value=-0.00058422790446746391 0.021432007088657251 -0.054997328627051201 0.042031282872053516 -0.06388555475628338 0.036209191964231266 -0.052939972894332582 -0.0014818461567685092 -0.019611236319746924 0.0029428497454262442 -0.022704266666135366 0.077552703070623966 0.065257670633525486 0.039858851505493946 0.022291203648150831 -0.017077640964368826 0.061768680057420956 0.042631614372504865 0.035305403869615413 -0.022514086823789123 -0.02313699034195996 0.0024901753680226773 0.0017815915991991318 -0.028886546661933694 0.027317217295492136 0.055885818761060885 -0.034488735625516478 0.035561158473862091 -0.0083375530020714222 -0.010211394751500453 0.014213802483464426
leaf_weight=1574.7424196186475 1.9711075564846412 3.5463270843029013 4.3597395331598809 3.9391615204513064 4.98751100897789 3.6560271121561527 2.907227884978056 8.9115505665540677 31.918825718574226 6.5558676375076166 3.0554207395762187 4.8808830976486197 9.1233833627775294 7.4633664907887578 3.7996931057423344 5.1304616252891702 6.8315739794634274 3.1925507620908347 4.0316543406806913 21.004546557553113 7.3489892086945501 3.2485301420092609 4.3896236866712552 5.9384723380208015 8.949516262393443 11.412466604262589 3.6560415476560593 4.0110636204481116 17.466065408196304 4.9856081455945969
leaf_count=10786 20 21 22 31 25 33 18 41 166 40 18 21 52 39 21 29 42 29 29 118 45 18 24 31 51 72 20 17 98 23
internal_value=-3.82191e-05 0.00400471 0.00500525 -0.0129818 0.00275926 -0.0268885 -0.0373867 0.0066439 0.00792416 0.00709063 0.0152077 0.00988185 0.0153403 0.0383432 0.00335622 0.0232022 0.000805376 0.00865948 0.00387543 -0.00740787 -0.0119608 0.0169664 0.0240325 0.00342962 0.041477 -0.0200038 0.00822807 0.0251404 -0.00228859 0.0383317
internal_weight=1787.42 212.673 209.127 17.461 10.6146 5.62713 6.84639 191.666 182.754 178.395 56.2121 45.6933 39.1374 10.5188 122.183 13.9158 108.267 55.3434 48.5118 52.9234 21.954 26.5578 22.5261 10.3281 12.198 18.7615 34.2566 13.1344 21.1221 10.1161
internal_count=12000 1214 1193 127 78 53 49 1066 1025 1003 305 248 208 57 698 73 625 341 299 284 146 153 124 55 69 117 187 69 118 52
cat_boundaries=0 1
cat_threshold=4
is_linear=0
shrinkage=0.05


Tree=89
num_leaves=31
num_cat=1
split_feature=18 4 4 17 16 16 24 23 12 4 18 8 8 12 12 20 11 16 1 10 2 4 17 16 23 18 4 22 16 11
split_gain=1.60015 2.28173 5.09947 3.60628 4.74688 4.4236 4.08946 5.34265 3.73714 3.54434 4.16115 3.26735 2.81441 2.63775 2.73464 4.72316 4.16637 3.65657 2.55514 2.26012 4.0587 2.16682 4.04022 3.95448 3.80734 7.65126 3.60807 6.56596 4.55657 4.47825
threshold=0.027129156783076216 134.8189572441382 214.52421112849933 0.0089631582584747092 0.012241995428011621 0.015530580589882874 1.0000000180025095e-35 0.025000000000000005 0.16160808910617822 69.975914853381511 0.016739480762110698 3.8500000000000001 4.2500000000000009 0.087135609910994602 0.16160808910617822 4.2745779172629517 50262.690543178869 0.015173971477843322 0 236059.89996940023 0.1909055583156512 214.52421112849933 0.027359409530201422 0.027017938345227418 0.41500000000000009 0.03899357039329112 440.75359372210482 0.015000000000000001 0.022893932147877629 10283.201433966062
decision_type=2 2 2 2 2 2 2 2 2 2 2 2 2 2 2 2 2 2 1 2 2 2 2 2 2 2 2 2 2 2
left_child=1 3 13 6 -5 18 -1 -8 -9 -7 11 -11 -13 -3 16 -16 -15 -18 -6 -12 -21 22 23 24 -2 -26 27 28 -23 -30
right_child=21 2 -4 4 5 9 7 8 -10 10 19 12 -14 14 15 -17 17 -19 -20 20 -22 26 -24 -25 25 -27 -28 -29 29 -31
leaf_value=-0.044629598119659025 -0.0098839079490963457 -0.060980704472921914 -0.0015342440955875614 0.055563644949039516 -0.060158304719481061 -0.022064742188221693 -0.041780852089208495 0.087917134563863242 -0.00040113990270900299 0.032517217562829458 0.074057727553914252 -0.044971292845367473 0.014508011119000953 -0.028719545148981146 0.013426067675573278 -0.055262220925586164 -0.025987572283257678 0.049625810405713296 0.01406795798196649 0.071482030146181971 0.008030443428884702 0.0035411770374412081 -0.058220238520719059 0.04202668474775284 -0.01082237325226789 0.078880544808451747 0.00051928929468813818 0.018447330924249425 0.013683584779939792 -0.050987331212500389
leaf_weight=6.1996508801821602 77.355828670784831 3.8715789392590549 747.46702792239375 6.1489116698503485 3.3985464386641979 5.4442530646920195 3.0742565616965294 2.3375956423114985 2.4564896058291197 5.1729197995737222 3.6726468112319699 4.4544474016875011 3.5930477119982243 7.3887164059560764 3.5795872807502738 8.3188924524001759 2.3866517867427319 4.8440384555142373 1.7597605511546124 3.7604946158826333 7.6414812281727791 76.76819599349983 3.5360838507767758 4.4863158587831995 6.3664332961197925 3.7937020480167121 679.35888770176098 85.751363696996123 4.0080151592846951 8.0600722522940469
leaf_count=78 551 48 5605 64 33 26 36 27 21 40 24 40 25 78 39 99 22 38 27 30 44 444 35 39 43 27 3879 470 20 48
internal_value=-3.70189e-05 -0.00163085 -0.00235054 0.00783913 0.0147405 0.00828725 -0.0142596 0.00966967 0.0426628 0.0148802 0.0219888 0.00151392 -0.018415 -0.0224284 -0.0167998 -0.0345978 -0.00231436 0.0246679 -0.034836 0.0399453 0.0289575 0.00136795 -0.00577313 -0.00375734 -0.00610436 0.0226719 0.00216688 0.00857802 -0.000948574 -0.029509
internal_weight=1786.46 836.971 777.856 59.1145 45.0465 38.8976 14.068 7.86834 4.79409 33.7393 28.295 13.2204 8.0475 30.3895 26.5179 11.8985 14.6194 7.23069 5.15831 15.0746 11.402 949.485 95.5384 92.0023 87.516 10.1601 853.947 174.588 88.8363 12.0681
internal_count=12000 6444 5929 515 353 289 162 84 48 229 203 105 65 324 276 138 138 60 60 98 74 5556 695 660 621 70 4861 982 512 68
cat_boundaries=0 1
cat_threshold=4
is_linear=0
shrinkage=0.05


Tree=90
num_leaves=31
num_cat=0
split_feature=8 4 12 4 15 3 16 6 9 15 17 2 2 23 2 2 0 13 9 3 2 22 2 6 20 16 4 0 3 23
split_gain=1.5411 2.06652 2.51634 5.02941 3.79152 3.62498 3.90072 2.75963 5.30443 2.99276 2.88749 2.63925 2.12476 2.12678 4.69162 2.6055 2.49448 3.47614 2.07462 6.41207 6.71394 4.38296 3.7665 2.56219 5.95362 2.80995 2.43681 2.24211 5.74464 6.51102
threshold=4.4500000000000011 214.52421112849933 0.18716360464375012 144.53792645830043 0.073340662419549577 0.15856879947219102 0.0091714311416686307 1.0000000180025095e-35 156.50000000000003 0.12224290952210719 0.007678323161077168 0.20959606252370638 0.053041780865135453 0.81500000000000017 0.08200441701734891 0.10732930375386941 28.500000000000004 0.14291812064152828 22.500000000000004 0.072564427666147499 0.18603814611676786 0.015000000000000001 0.11174689441490163 45.000000000000007 4.5467646749394666 0.0099160009188024607 593.39112465830181 30.500000000000004 0.052264845363687258 0.015000000000000001
decision_type=2 2 2 2 2 2 2 2 2 2 2 2 2 2 2 2 2 2 2 2 2 2 2 2 2 2 2 2 2 2
left_child=-1 2 7 4 -4 6 -6 8 -2 10 -9 -12 -3 18 -15 -16 -17 -18 19 21 22 -14 -21 27 25 -25 -22 28 29 -20
right_child=1 12 3 -5 5 -7 -8 9 -10 -11 11 -13 13 14 15 16 17 -19 23 20 26 -23 -24 24 -26 -27 -28 -29 -30 -31
leaf_value=-0.0009768449133401864 -0.051327375263164811 -0.024503971929595039 -0.0064197631797115549 -0.034870017221294985 -0.025831329348375766 0.088795028492825168 0.05490177604741512 -0.033087468971005035 0.02199468914101891 -0.042330906817932536 0.037906890324772569 -0.013503162043592557 -0.038519953433643915 -0.026711828567575577 0.056235876232513804 0.036158451510378248 -0.035688137325934538 0.025616720695162638 -0.057930463853214792 0.034590259840112977 -0.021106245269061866 0.020917471408700459 0.10296238980262917 0.025606055888782737 0.053376022013435456 -0.025695046426083286 0.02610716011646827 0.0050759755768323535 0.00073085754141470345 -0.0065538108740153854
leaf_weight=1266.9235471501015 10.073012641165407 6.7573471292853347 7.4351102178916397 5.6197197176516047 2.6203484795987588 2.8209987957961857 3.4874398726969957 3.401259673060852 3.2665687964763483 3.8885437243152401 7.0403781349305046 3.8680234572384506 7.1694919944275153 5.0877538991626379 5.5356512218713787 8.8412519881967473 4.0645147413015348 5.3638043105602264 9.2845226414501685 4.1333877700380999 4.3387860755901766 5.4664749652147293 3.928915600059554 4.6449416130781191 7.773897022008895 6.2753769010305405 7.3840859951451421 177.02295446395874 173.79002918326296 18.36428081872873
leaf_count=8919 103 40 38 46 19 21 31 31 24 33 37 22 40 26 24 48 21 26 59 25 21 24 19 31 39 31 38 966 1087 111
internal_value=-3.693e-05 0.00225859 -0.00704562 0.00593983 0.0199548 0.0419173 0.0202659 -0.0160972 -0.0333724 -0.0034342 0.00713568 0.0196773 0.00332898 0.00373921 0.0168703 0.0261849 0.0170794 -0.000811585 0.00285603 0.0150175 0.0327876 -0.0128066 0.0679093 0.00186325 0.019933 -0.0038742 0.00863287 0.000970685 -0.00263701 -0.0238062
internal_weight=1785.67 518.749 53.5214 21.9836 16.3639 8.92879 6.10779 31.5378 13.3396 18.1982 14.3097 10.9084 465.227 458.47 28.893 23.8052 18.2696 9.42832 429.577 32.4211 19.7852 12.636 8.0623 397.156 18.6942 10.9203 11.7229 378.462 201.439 27.6488
internal_count=12000 3081 405 155 109 71 50 250 127 123 90 59 2676 2636 145 119 95 47 2491 167 103 64 44 2324 101 62 59 2223 1257 170
is_linear=0
shrinkage=0.05


Tree=91
num_leaves=31
num_cat=1
split_feature=24 15 4 16 2 4 16 10 14 23 0 0 15 4 9 1 20 17 22 17 4 16 17 16 3 2 3 22 14 5
split_gain=1.50053 2.73377 6.8505 4.09427 5.95488 3.71628 5.06446 3.64403 3.42696 3.32734 4.68991 3.5312 4.94223 4.54458 6.24566 8.41798 5.40338 4.49243 4.48102 4.53523 4.9898 4.40002 4.25826 4.19354 4.11998 3.79223 5.35022 3.57472 3.3846 3.03853
threshold=1.0000000180025095e-35 0.1083321561621834 586.87824822299683 0.015312242530586702 0.26368645328283874 446.97405734729892 0.016376527816139467 339855.52344009141 0.12070742382256464 0.81500000000000017 34.500000000000007 37.500000000000007 0.11278386020069239 816.22268043011479 158.50000000000003 0 3.8815882958000416 0.026324420947773583 0.41000000000000009 0.024115769391407096 969.8407389905102 0.02203485759459551 0.0073206948576835032 0.0037981940309346255 0.14248883256137576 0.22077528344790906 0.064775389930291208 0.015000000000000001 0.1280964592545541 1.0000000180025095e-35
decision_type=2 2 2 2 2 2 2 2 2 2 2 2 2 2 2 1 2 2 2 2 2 2 2 2 2 2 2 2 2 2
left_child=1 29 3 4 -3 6 -5 -7 -8 11 -11 12 25 17 16 -16 -15 21 19 -18 -21 22 -14 -13 -22 26 -4 -24 -23 -1
right_child=-2 2 9 5 -6 7 8 -9 -10 10 -12 23 13 14 15 -17 18 -19 -20 20 24 28 27 -25 -26 -27 -28 -29 -30 -31
leaf_value=-0.0076918902318028172 0.0013624932456618132 -0.010866908197460071 0.06930885700636373 0.06712048698444871 -0.060910556025549178 -0.044360514569193238 -0.014229758384633411 8.9071777861252286e-05 0.011635551773180777 0.0089103466128651089 0.070233481638929937 0.038778939578437283 -0.0012262251189749376 0.032445460600687447 0.10512298115577834 0.0058050187996706686 -0.027157999911070568 0.062459479026894249 0.022900487006729732 -0.040183181571961067 -0.0026697321517085348 0.0092479494875490568 0.047782518901043798 -0.014142157345005599 0.073531152520026039 0.072334525119093704 -0.010943902251704572 0.0095859773287100183 -0.037620851601463896 -9.1607142768834236e-05
leaf_weight=255.76139925839379 924.33609625091776 50.696698628598824 3.2676262611057592 3.2801093328744164 6.7341109144035718 7.978029981255534 18.922434131149203 10.925080316606907 39.617858584504575 8.2032014811411482 5.0294327288866034 4.2487274780869475 13.368000891990958 7.3525176532566539 2.9735660636797547 7.5518777410034073 36.744056358467788 4.9487591881770632 7.4229011682327828 3.3455484153237176 3.6992313168011606 9.7488265782594699 16.343363916035745 31.472051899880171 3.4080663986969739 5.0915133585222057 5.6986253701616079 9.7974145610351098 6.3681060420349231 270.68341823271476
leaf_count=1895 5924 445 24 18 65 45 129 65 242 49 24 30 104 55 20 56 324 27 35 18 25 55 102 201 19 33 40 72 43 1816
internal_value=-3.63753e-05 -0.0015387 0.00199784 -0.00653005 -0.0167348 0.000730148 0.00666247 -0.0186708 0.00327491 0.00800633 0.0322179 0.00625417 0.00967784 0.00669936 -0.00174673 0.0338636 -0.00779482 0.016808 -0.0132117 -0.0188912 0.0101684 0.0127465 0.0217282 -0.00784758 0.0338698 0.0378725 0.0183031 0.0334667 -0.0092708 -0.00378403
internal_weight=1785.02 860.683 334.238 138.154 57.4308 80.7235 61.8204 18.9031 58.5403 196.083 13.2326 182.851 147.13 133.072 72.4978 10.5254 61.9723 60.5745 54.6198 47.1969 10.4528 55.6257 39.5088 35.7208 7.1073 14.0578 8.96625 26.1408 16.1169 526.445
internal_count=12000 6076 2365 1009 510 499 389 110 371 1356 73 1283 1052 955 552 76 476 403 421 386 62 376 278 231 44 97 64 174 98 3711
cat_boundaries=0 1
cat_threshold=4
is_linear=0
shrinkage=0.05


Tree=92
num_leaves=31
num_cat=1
split_feature=22 10 14 3 16 4 4 6 0 4 16 16 2 12 11 3 1 3 15 3 3 20 8 0 2 16 14 2 2 10
split_gain=1.48984 1.81498 1.83728 2.99621 3.33863 2.88628 4.83158 4.92266 2.9713 2.79126 6.67989 2.42575 1.98028 3.39337 2.36681 3.53054 3.33874 3.3281 1.94097 2.26893 1.78434 2.54453 3.32172 2.81548 2.70402 2.59848 2.37 2.28956 2.89964 2.26872
threshold=0.41000000000000009 3281.6152121659675 0.13968248507980194 0.17612561835471538 0.0045203863568305082 1006.6952727745996 792.52863945800596 35.500000000000007 17.500000000000004 940.32072775153631 0.011525022134245435 0.0094617548977500559 0.13691211532082076 0.18046325010710629 39316.269857363928 0.060867706294621793 0 0.15856879947219102 0.14816809375899545 0.13596586367134031 0.10299926271842851 4.4476065750779448 3.2500000000000004 16.500000000000004 0.27759631964528492 0.0090580339655182644 0.075225458112183632 0.21004841729720924 0.24352546186778035 92656.061223198791
decision_type=2 2 2 2 2 2 2 2 2 2 2 2 2 2 2 2 1 2 2 2 2 2 2 2 2 2 2 2 2 2
left_child=1 -1 -3 5 -5 6 7 12 -7 10 -8 -11 13 18 17 -16 -17 -14 -4 -20 29 23 -23 -22 25 26 -25 -27 -29 -2
right_child=20 2 3 4 -6 8 9 -9 -10 11 -12 -13 14 -15 15 16 -18 -19 19 -21 21 22 -24 24 -26 27 -28 28 -30 -31
leaf_value=-0.03377341047884163 0.018019103709777322 1.5995847834391352e-05 -0.023631414353862165 0.014187062407175918 -0.051405954439680837 0.026881902945783482 -0.00075879006368443453 -0.060914863017616463 -0.029966971570242397 0.029038183716282324 0.082209453506496166 -0.028113568606412238 -0.012533281051724524 -0.039078664096781679 0.065717091423233606 -0.021275368488615262 0.034226396937829147 0.043559279425500891 -0.0045853132512010146 0.044339854057649841 0.053723120983219498 -0.03478356964634613 0.0057120145913776826 0.053921994700024178 0.048278177963153451 -0.013808062045471865 0.011979813723963402 0.04279056018266382 -0.010737516641183383 -0.0035905534785258134
leaf_weight=4.0972721341531715 14.159429108258335 1476.406575557543 5.73478298517876 2.6844376847147924 6.9951590495184064 2.6820355693344053 4.7973604954313505 3.8763271141797295 16.072937540709972 3.7143861681688568 4.9077840365935117 3.7121469783596694 20.59123743954115 8.6594879159238172 3.3109199344180515 5.3710472132079303 5.4683292899280769 3.0340354212094089 6.7461534142494184 3.6528637409210205 4.6523213575128457 5.9002942293882361 35.724192837486044 4.7811578214168575 4.8361658356152466 14.897187933325769 11.396344661712645 5.25081619620323 4.882581502199173 85.40504505042918
leaf_count=51 74 10194 32 20 58 28 43 37 109 27 26 28 165 68 22 52 36 22 44 22 32 25 182 22 23 66 49 23 22 398
internal_value=-3.66161e-05 -0.000538118 -0.000452389 -0.0066261 -0.0332151 -0.00411104 -0.000133191 -0.00623755 -0.0218374 0.0235426 0.0411973 0.000470924 -0.00285013 -0.0138299 0.00435622 0.0205278 0.00672457 -0.00532969 -0.0002781 0.0126006 0.0041255 0.00913264 -2.8257e-05 0.0166542 0.0129088 0.00875782 0.0243756 -0.00133607 0.0169991 -0.000517365
internal_weight=1784.4 1592.52 1588.42 112.011 9.6796 102.332 83.5769 66.4452 18.755 17.1317 9.70514 7.42653 62.5689 24.7933 37.7756 14.1503 10.8394 23.6253 16.1338 10.399 191.886 92.3211 41.6245 50.6966 46.0443 41.2081 16.1775 25.0306 10.1334 99.5645
internal_count=12000 11084 11033 839 78 761 624 500 137 124 69 55 463 166 297 110 88 187 98 66 916 444 207 237 205 182 71 111 45 472
cat_boundaries=0 1
cat_threshold=2
is_linear=0
shrinkage=0.05


Tree=93
num_leaves=31
num_cat=1
split_feature=18 2 12 12 14 0 22 20 10 1 18 4 8 4 4 17 16 16 24 23 4 18 12 8 19 0 0 0 0 20
split_gain=1.44817 2.15993 7.65055 3.45569 3.70576 4.07176 2.8253 2.62793 3.01749 2.87482 2.53975 3.01742 4.57057 2.42063 4.1211 3.08771 3.97774 4.06908 3.73396 4.78226 3.21447 3.56812 3.15848 2.95851 2.6959 3.77604 4.27261 5.69218 3.28856 6.74734
threshold=0.027129156783076216 0.069819852379753064 0.1930765750593445 0.14577800021340287 0.045157512509571583 41.500000000000007 0.41000000000000009 4.2579712641539649 93879.128694165542 0 0.020959614513304681 513.56896024851972 3.8500000000000001 134.8189572441382 214.52421112849933 0.0089631582584747092 0.012241995428011621 0.015530580589882874 1.0000000180025095e-35 0.025000000000000005 69.975914853381511 0.016739480762110698 0.16160808910617822 3.8500000000000001 0.0096355230206633235 44.500000000000007 39.500000000000007 37.500000000000007 24.500000000000004 4.3630376081072981
decision_type=2 2 2 2 2 2 2 2 2 1 2 2 2 2 2 2 2 2 2 2 2 2 2 2 2 2 2 2 2 2
left_child=1 2 3 4 -1 -6 7 8 -4 -9 11 -5 -13 15 -15 18 -17 -18 -3 -20 -19 23 -21 -22 25 26 27 28 -16 -30
right_child=-2 13 6 10 5 -7 -8 9 -10 -11 -12 12 -14 14 24 16 17 20 19 22 21 -23 -24 -25 -26 -27 -28 -29 29 -31
leaf_value=-0.047138915052084639 0.0013011068873009816 -0.0432655863922706 -0.041098802578384323 0.081549193534976805 0.0049417805741582407 0.06023281590205385 0.026081211121883704 -0.0016359314697280448 0.028933976620799447 -0.061825033321170203 0.0095080024709682 -0.019002938687968117 0.060527219623273801 -0.021320812037883032 -0.0055393267081439443 0.050274630538579716 -0.034239175647036574 -0.021399307950713084 -0.040656904194496218 0.080219083642137645 0.030851045048009548 0.037092827158018718 -0.00025256366121242051 -0.017602704141326368 -0.003898599250304253 0.053075839557079264 -0.017554704004267199 0.058584603028525251 -0.0089639303388011245 0.026214217804943693
leaf_weight=2.8582012704573598 948.45986269763671 5.9278723706956935 2.8220474233385202 4.3265360873192567 23.868250350933526 3.8695864416658869 2.8039798634126774 2.7797165627125651 3.380630437284708 6.9292881865985674 6.5690452614799133 2.9806324273813516 4.5861902902834117 29.796577626140788 48.009766273899004 6.3916851461399338 5.0321986516937605 5.4055172577500334 2.9751458805985749 2.4263035617768764 5.2160116017330456 15.288741955300791 2.4512732124421746 7.9549407665617764 542.55357131920755 3.8065842762589446 21.991878319531679 5.0229129865765563 22.626399666070938 34.286195877939463
leaf_count=25 5556 78 24 32 184 28 15 25 31 64 53 26 32 324 357 64 60 26 36 27 40 98 21 65 4166 21 142 31 151 198
internal_value=-3.57123e-05 -0.00155429 0.0070018 0.0173778 0.00706939 0.0126552 -0.0201963 -0.0283514 -0.00292901 -0.0445927 0.034461 0.0482432 0.0291996 -0.00231017 -0.00312137 0.00741403 0.0137199 0.00771313 -0.0133098 0.00930334 0.013947 0.0206606 0.0397773 0.00158614 -0.00232189 0.00398003 0.00256355 0.00658771 0.00409848 0.0122287
internal_weight=1783.4 834.938 67.7741 49.0584 30.596 27.7378 18.7157 15.9117 6.20268 9.709 18.4624 11.8934 7.56682 767.164 708.094 59.0697 45.2891 38.8974 13.7806 7.85272 33.8652 28.4597 4.87758 13.171 678.297 135.744 131.937 109.945 104.922 56.9126
internal_count=12000 6444 539 380 237 212 159 144 55 89 143 90 58 5905 5390 515 353 289 162 84 229 203 48 105 5066 900 879 737 706 349
cat_boundaries=0 1
cat_threshold=2
is_linear=0
shrinkage=0.05


Tree=94
num_leaves=31
num_cat=0
split_feature=16 3 8 3 19 19 20 11 17 6 12 12 6 11 12 12 3 0 15 11 15 2 15 12 20 6 16 13 16 11
split_gain=1.4315 2.24161 3.46899 4.69682 2.97674 4.92607 3.64132 3.91114 3.58752 3.3551 3.40742 2.18612 2.07098 4.16039 3.52555 7.33085 4.31221 3.93953 6.04903 3.90434 3.07758 2.5519 2.77507 2.56464 2.52147 2.4491 4.94678 7.13638 5.55184 3.94133
threshold=0.014652335858349528 0.17612561835471538 3.2500000000000004 0.1887389063231146 0.049061081391697667 0.044454446584312877 4.5986040949059968 32514.037492053463 0.0093249520520832605 16.500000000000004 0.17711003752251261 0.12139916118163614 18.000000000000004 46477.803030455012 0.089539641437671944 0.085125940447452267 0.059278329594451146 34.500000000000007 0.085257682155551975 5974.682525475785 0.12957031959091286 0.28196469292898313 0.11278386020069239 0.23402354359895788 4.6781477005728016 1.0000000180025095e-35 0.020179621706965568 0.15087955951841586 0.01854369909925466 81862.277741782324
decision_type=2 2 2 2 2 2 2 2 2 2 2 2 2 2 2 2 2 2 2 2 2 2 2 2 2 2 2 2 2 2
left_child=1 -1 3 -3 5 6 7 -4 9 10 11 -9 25 14 15 16 -14 20 -19 -20 21 22 23 -16 -15 -2 27 -27 -29 -30
right_child=12 2 4 -5 -6 -7 -8 8 -10 -11 -12 -13 13 24 17 -17 -18 18 19 -21 -22 -23 -24 -25 -26 26 -28 28 29 -31
leaf_value=-0.0008622264044460241 0.0011215876168378517 -0.019872571275200715 -0.02436915317759691 0.060524829806243657 -0.066864654945880883 0.041325745891391513 -0.04643787195883986 0.016702341664700898 -0.043255419107772239 -0.024168046779441676 -0.012713639681142162 0.068322125129836042 -0.043026873450379421 0.0021590518683088605 -0.0094714795002661025 0.072178033534661859 0.018444998297780943 0.027589135232862105 0.018322996598160154 -0.038195719863738119 0.0022788468439047028 -0.052120836331647297 -0.048025064778667921 -0.054851488290164598 0.038185348920462575 -0.026678738732722564 0.016452748612564776 0.031450452974037618 -0.043959247592587146 0.022557813279604835
leaf_weight=688.34868829324841 720.83706180658191 3.5006926711648694 22.825382787268609 3.7761360749136657 2.6208276059478512 3.9678710584994397 8.467649423517285 3.55821261694655 3.042441274970769 3.8981482461094847 3.4249351748730978 4.8424075096845627 5.0484152734279615 83.929744869703427 25.876745276851583 3.7432075331453225 6.560028430307284 11.912940293550493 4.4296903908252707 9.8508959189057332 10.492617408046497 8.6966107785701734 8.073282754281534 3.5392454117536536 5.1551682204008094 19.985979550285265 77.2454519495368 15.760025027906524 5.5580372461117786 3.7158414337318391
leaf_count=5283 4354 30 191 36 18 28 83 30 30 33 34 35 25 443 160 19 35 64 23 63 62 54 53 22 23 138 469 101 36 25
internal_value=-3.57404e-05 -0.00169398 -0.0106503 0.0218477 -0.014825 -0.0123005 -0.0165511 -0.0104665 0.00644341 0.0160598 0.0293205 0.0464578 0.00117489 -0.00358081 -0.0106774 0.0113317 -0.00828861 -0.0147545 0.00128165 -0.0206642 -0.0221655 -0.0277188 -0.0220581 -0.0149315 0.00424382 0.00223144 0.0087748 -0.00439909 0.013388 -0.0173073
internal_weight=1782.68 752.273 63.9247 7.27683 56.6479 54.027 50.0592 41.5915 18.7661 15.7237 11.8256 8.40062 1030.41 187.309 98.2237 15.3517 11.6084 82.872 26.1935 14.2806 56.6785 46.1859 37.4893 29.416 89.0849 843.102 122.265 45.0199 25.0339 9.27388
internal_count=12000 5831 548 66 482 464 436 353 162 132 99 65 6169 1046 580 79 60 501 150 86 351 289 235 182 466 5123 769 300 162 61
is_linear=0
shrinkage=0.05


Tree=95
num_leaves=31
num_cat=0
split_feature=8 0 24 9 8 16 13 2 17 12 17 6 14 0 19 15 14 2 18 13 10 20 0 11 13 13 11 0 6 4
split_gain=1.46292 2.03838 3.14053 5.30022 5.43374 4.10464 2.50945 2.47149 3.11787 3.55383 3.14716 2.17517 4.41272 3.80145 3.72729 3.45632 2.54716 4.08781 4.75736 2.7118 2.44214 2.5725 2.80608 7.36804 4.18283 3.08271 2.65268 2.98576 3.74732 6.00731
threshold=4.4500000000000011 12.500000000000002 1.0000000180025095e-35 5.5000000000000009 3.2500000000000004 0.0232368134140493 0.093343785452697656 0.24767710165620957 0.0071708688924101167 0.16517949023052084 0.013797021664800664 18.000000000000004 0.055461480381762483 37.500000000000007 0.039095939722536562 0.046868805906417385 0.13214785937282322 0.27759631964528492 0.02330309671136124 0.17919328549674959 50493.919653490098 4.4620301985794137 22.500000000000004 32514.037492053463 0.19265366769121992 0.14259849472041139 54746.606487710007 31.500000000000004 37.500000000000007 1044.0867084746378
decision_type=2 2 2 2 2 2 2 2 2 2 2 2 2 2 2 2 2 2 2 2 2 2 2 2 2 2 2 2 2 2
left_child=1 2 6 -4 -5 -6 -1 -8 -9 -10 -11 -3 13 15 16 -13 20 18 -18 -20 -14 22 23 -22 25 -24 27 28 -23 -30
right_child=-2 11 3 4 5 -7 7 8 9 10 -12 12 14 -15 -16 -17 17 -19 19 -21 21 26 24 -25 -26 -27 -28 -29 29 -31
leaf_value=-0.060430113701043654 0.002203229367985329 0.00038590145329806761 0.10224196191716679 0.065600892843450553 -0.031297233546956113 0.03714899276862009 -0.040140039519084431 0.08597810252497072 -0.052812393798432847 -0.025712222869954334 0.089351964189479827 -0.005677534112902922 -0.031706162514019469 0.036650192179276612 -0.022955936132771623 0.021993874437203628 -0.047447399657305794 0.050715821326839931 0.04090889972699286 -0.0081387612670796965 -0.017011522414373592 -0.050081826758947845 -0.0011525124874020732 0.067119752350277256 0.038777221106707685 -0.043512145277568762 -0.0054039647567860347 -0.050775848389178535 0.078988603428599355 -0.028874945388915475
leaf_weight=4.564647427294406 517.63094828068279 1001.033941128524 1.2170402954798216 2.2764020967297283 11.083773412508888 2.7298266231082371 5.6662743699271214 1.0126442562323061 2.4479831096250564 1.1644497148226949 1.2136197949293999 45.867040691664442 10.176062405109404 8.5972456037998182 39.22575014969334 14.967091444879769 4.1557601117529002 4.8975460082292548 5.3589110416360182 5.9439016762189567 5.0333108305931074 3.3307453989982623 13.868371125310665 5.3884644070640206 4.5591511726379386 6.2220134139060965 39.110349070513621 8.1873712837696058 2.2714600565377623 2.9900130555033684
leaf_count=90 3081 6763 15 46 175 55 124 14 44 23 23 289 74 47 238 86 51 29 36 40 38 23 100 42 39 47 257 63 25 23
internal_value=-3.58137e-05 -0.000952336 -0.0131445 0.00163433 -0.00597558 -0.017771 -0.0290615 -0.0166158 0.00621373 -0.0105231 0.0330094 -0.000621812 -0.00500484 0.00552867 -0.00955536 0.00113049 -0.0052288 0.0109085 -0.00170319 0.0151158 -0.00847679 -0.00587806 0.00473671 0.0264876 -0.00445953 -0.0142713 -0.0125389 -0.0291692 -0.00858065 0.0176914
internal_weight=1782.19 1264.56 33.3767 17.307 16.09 13.8136 16.0696 11.505 5.8387 4.82605 2.37807 1231.18 230.151 69.4314 160.719 60.8341 121.493 20.3561 15.4586 11.3028 101.137 90.9612 35.0713 10.4218 24.6495 20.0904 55.8899 16.7796 8.59222 5.26147
internal_count=12000 8919 609 291 276 230 318 228 104 90 46 8310 1547 422 1125 375 887 156 127 76 731 657 266 80 186 147 391 134 71 48
is_linear=0
shrinkage=0.05


Tree=96
num_leaves=31
num_cat=3
split_feature=22 20 3 6 19 15 2 6 10 1 7 11 2 1 2 3 0 15 9 0 18 3 11 15 4 23 2 14 6 3
split_gain=1.39632 1.70374 1.94708 1.79012 1.65005 1.89342 3.76274 3.69767 4.88577 3.38702 2.98186 2.75699 2.98991 4.16552 5.03439 2.38041 3.30307 2.66112 3.01287 2.35793 2.33659 2.54845 3.68821 2.30329 2.76762 4.68427 6.25959 3.35698 5.34859 5.05814
threshold=0.41000000000000009 4.6738085436250278 0.084346990747334108 39.000000000000007 0.045335004128507307 0.13974742640680091 0.29006322488967301 5.5000000000000009 103985.52608848416 0 1 59058.705552263018 0.085847737564437629 2 0.2000386366152295 0.14248883256137576 42.500000000000007 0.15249460204473278 168.50000000000003 33.500000000000007 0.013063047143405518 0.10033896797237744 39316.269857363928 0.12283320955979979 908.58998349959063 0.41500000000000009 0.28196469292898313 0.1260142061468327 37.500000000000007 0.16002348077162248
decision_type=2 2 2 2 2 2 2 2 2 1 1 2 2 1 2 2 2 2 2 2 2 2 2 2 2 2 2 2 2 2
left_child=4 3 -3 -2 5 23 7 11 9 -9 -11 15 -13 14 -14 16 20 18 19 -17 -7 -22 -23 -1 27 26 -26 -25 29 -29
right_child=1 2 -4 -5 -6 6 -8 8 -10 10 -12 12 13 -15 -16 17 -18 -19 -20 -21 21 22 -24 24 25 -27 -28 28 -30 -31
leaf_value=-0.0013038565427723773 0.0040137525056196171 -0.044495228095268305 0.0015065958471390196 0.028000771588674131 0.0044938034050366372 -0.044962400188891888 0.034963350184021157 0.057046591353044233 -0.030190182393674256 0.02197689674876414 -0.043686717123322276 -0.035397445674639767 0.039463014439001132 0.039185985878235012 -0.03342230432716102 -0.02503919242214598 -0.065293685674954999 0.038913708003395012 0.039487257789053216 0.020807063239773355 0.001035170009766324 -0.042074691633608038 0.017587901591105685 0.020738784614738746 -0.018785737171591054 0.032047862347891969 0.043901117033179358 0.010903704892399143 -0.051165834723655192 -0.019985796868688246
leaf_weight=1109.3273103388492 173.42321054334752 3.7736661627423 5.8912550322711468 8.143268093466757 148.67766753421165 4.4487064969725898 5.275712475180625 2.7752598850056511 31.469995531486347 3.7517516394145787 3.206675008405 2.938965555746111 3.8713593180291355 11.304153891047463 6.1060846524778754 10.639287125086417 2.9146495983004561 4.8047323832288376 3.3795546193141481 3.8084741756319991 30.24196228175424 9.3243338400498015 3.5867003593593827 38.81280321883969 36.975705713033676 7.0519094616174689 4.4629513495601705 81.19759897259064 4.2934729685075572 15.837864262284709
leaf_count=7876 833 19 26 38 854 51 34 20 237 26 28 20 30 64 39 80 18 37 26 23 227 79 28 201 276 39 34 579 38 120
internal_value=-3.60029e-05 0.00400071 -0.0164548 0.00508957 -0.000521355 -0.00103851 -0.00648125 -0.00805912 -0.0206147 0.0103437 -0.00828309 -0.00274596 0.0118754 0.0184037 -0.00514199 -0.00758731 -0.0136246 0.00588826 -0.0030126 -0.012954 -0.0104609 -0.00690405 -0.0255004 -0.000435313 0.0046725 -0.00562354 -0.0120344 0.00823505 0.00344564 0.005862
internal_weight=1781.72 191.231 9.66492 181.566 1590.49 1441.81 143.848 138.573 41.2037 9.73369 6.95843 97.369 24.2206 21.2816 9.97744 73.1484 50.5164 22.632 17.8273 14.4478 47.6017 43.153 12.911 1297.96 188.632 48.4906 41.4387 140.142 101.329 97.0355
internal_count=12000 916 45 871 11084 10230 1067 1033 311 74 54 722 153 133 69 569 403 166 129 103 385 334 107 9163 1287 349 310 938 737 699
cat_boundaries=0 1 2 3
cat_threshold=1 2 2
is_linear=0
shrinkage=0.05


Tree=97
num_leaves=31
num_cat=0
split_feature=8 6 2 3 19 3 3 3 3 6 2 2 19 3 4 10 8 2 2 0 24 9 8 16 3 20 10 18 2 6
split_gain=1.37517 2.53734 4.28575 2.24205 1.87313 3.94967 2.32193 3.7678 3.31164 2.49441 4.93797 2.09839 2.32498 2.0891 2.93538 2.07149 1.92328 2.56844 2.31991 1.97077 4.08833 4.38713 4.63403 3.6088 2.77403 2.48591 3.63859 2.98286 2.04562 1.80135
threshold=4.9500000000000011 11.500000000000002 0.18848476001950157 0.096071547481158995 0.048145935752673105 0.17722212318487102 0.082164815648014936 0.098553200701262847 0.05433839672640374 35.500000000000007 0.26164371841699391 0.18603814611676786 0.049541522859285127 0.060867706294621793 742.37214771362528 118842.53190495301 4.4500000000000011 0.053041780865135453 0.29542893546365173 12.500000000000002 1.0000000180025095e-35 5.5000000000000009 3.2500000000000004 0.0232368134140493 0.10773532817250896 4.5921378793027925 381768.47112041694 0.01194087164965311 0.24767710165620957 18.000000000000004
decision_type=2 2 2 2 2 2 2 2 2 2 2 2 2 2 2 2 2 2 2 2 2 2 2 2 2 2 2 2 2 2
left_child=4 2 3 -2 16 6 8 -8 -6 10 11 15 -13 -10 -15 -9 19 -18 -19 20 24 -22 -23 -24 -1 26 27 -26 -25 -21
right_child=1 -3 -4 -5 5 -7 7 9 13 -11 -12 12 -14 14 -16 -17 17 18 -20 29 21 22 23 28 25 -27 -28 -29 -30 -31
leaf_value=-0.059522887918436795 0.027786359096930471 0.01724356124178578 -0.057016406984190762 -0.030144981331294226 0.0019760323866874559 -0.031474273993956858 -0.040105446373280784 -0.012141682712917568 0.057342464187089527 -0.026194988602486837 0.068856563438379578 0.0084342175368953519 -0.040725233111357652 0.044697981110872469 -0.0046234165521861414 0.026905618860596114 -0.030583763231178458 0.0024457356952244987 0.038136249729223123 -5.3851397727063411e-05 0.091318473709439504 0.060134653415267164 -0.029224724514289327 0.078319749439699174 0.039170244459373366 -0.060417195456567707 0.050203031949337618 -0.059146940882847346 -0.0077297547542929963 -0.0050938398709209189
leaf_weight=5.9641090715304044 3.6729950904846209 4.7118001729249945 5.8644594387151301 3.0629110084846616 13.434171055909244 5.9525365063454947 4.5247192701790473 4.6105678691528835 6.5266354922205236 4.5569572167005381 3.5563124648760995 5.7301589665003103 4.1449768776074052 6.6366452509537321 5.5307139009237289 12.899624624755232 5.8364271521568289 480.05979991145432 4.5966825932264319 945.30031512491405 1.2932396514806921 2.3568752636201671 10.566695990739388 1.3705647848546498 1.106207196367903 2.1830482084769756 2.3642332677263767 2.5493811105843633 1.392264164984226 218.21233268803917
leaf_count=139 25 27 47 24 66 32 23 27 31 24 24 28 24 32 26 68 36 2840 25 6488 15 46 170 27 18 45 33 71 27 1492
internal_value=-3.58442e-05 -0.0140592 -0.0257645 0.00144417 0.000101841 0.00767155 0.0109011 0.00286475 0.0209123 0.00834181 0.0134282 0.00623022 -0.0121999 0.0345206 0.0222788 0.0166242 -0.000249003 0.00238719 0.00278424 -0.00133135 -0.0137435 0.00280325 -0.00449424 -0.0159217 -0.0335753 -0.0147094 0.00186617 -0.0293955 0.0349571 -0.000999082
internal_weight=1780.57 17.3122 12.6004 6.73591 1763.26 78.104 72.1515 40.0233 32.1282 35.4986 30.9416 27.3853 9.87514 18.694 12.1674 17.5102 1685.15 490.493 484.656 1194.66 31.1466 16.9796 15.6864 13.3295 14.167 8.20287 6.01982 3.65559 2.76283 1163.51
internal_count=12000 123 96 49 11877 405 373 218 155 195 171 147 52 89 58 95 11472 2901 2865 8571 591 285 270 224 306 167 122 89 54 7980
is_linear=0
shrinkage=0.05


Tree=98
num_leaves=31
num_cat=2
split_feature=24 15 4 16 2 4 16 15 14 14 4 19 11 17 8 4 1 23 0 0 15 9 4 16 22 3 16 7 4 0
split_gain=1.34541 2.52485 6.34061 3.61854 5.73864 3.39044 4.07375 3.30677 3.81514 3.12512 3.79016 5.28546 4.92403 3.8858 2.90919 3.59196 3.26827 2.87712 4.19931 3.22342 4.30959 3.95859 5.23469 4.53171 4.58648 3.86024 3.72216 3.41316 4.97719 3.33786
threshold=1.0000000180025095e-35 0.1083321561621834 586.87824822299683 0.015312242530586702 0.26368645328283874 446.97405734729892 0.016376527816139467 0.13722107040529116 0.11851146721436141 0.12565639764720893 330.49200778766641 0.025707489298681618 48863.240016802352 0.026324420947773583 3.2500000000000004 1053.3502151236696 0 0.81500000000000017 34.500000000000007 37.500000000000007 0.11278386020069239 156.50000000000003 800.78059242281199 0.025467505892927549 0.41000000000000009 0.14041637914110608 0.0037981940309346255 1 796.8782102911772 23.500000000000004
decision_type=2 2 2 2 2 2 2 2 2 2 2 2 2 2 2 2 1 2 2 2 2 2 2 2 2 2 2 1 2 2
left_child=1 14 3 4 -3 6 -5 8 -7 -8 11 -11 -12 -13 15 -1 -17 19 -19 20 29 22 -22 24 -24 27 -21 28 -23 -4
right_child=-2 2 17 5 -6 7 9 -9 -10 10 12 13 -14 -15 -16 16 -18 18 -20 26 21 25 23 -25 -26 -27 -28 -29 -30 -31
leaf_value=-0.018529503573474656 0.0012894065604884335 -0.010231497337735125 0.065718993228187486 0.059130851041160094 -0.060063002214308714 -0.038585449231443691 -0.01136666816565929 -0.050437317398483783 0.016725302212358167 -0.056162919958756469 0.008972863538954037 0.020709363644082102 0.076465738831521649 -0.035740072978116544 -0.0023293760876091723 -0.014790233256031815 0.061473239248413608 0.0081358754837622237 0.066101091218041599 0.036170176166585077 0.014896765727471249 -0.027050459618688627 -0.019167206842020369 0.026622741237256078 0.022167932902491305 -0.00040996620238901283 -0.013461072548993931 0.061464071935396249 0.05661823420680611 0.01618281526679774
leaf_weight=50.88571314048022 922.83280745917 50.1445045217406 5.5598390279337755 3.4286543589550993 6.5298723219893864 5.0549946278333691 22.866572105558589 5.563157692551612 8.1348996493034047 3.4415917950682369 6.6509505293797684 17.202657379209999 4.5518386773765087 3.7052367243450126 467.83095682947896 2.7911398785654455 2.8284391853958359 8.1988860247656685 5.0484195649623862 4.2991436198353759 46.892448616679758 3.5900345086120069 44.103797532152385 8.43903502775356 7.915302116656675 9.661591880489139 31.144241631031036 8.3871300653554517 3.5204636552371085 8.7566458135843259
leaf_count=437 5924 445 42 18 65 32 153 31 47 39 38 94 25 22 3226 24 24 49 24 30 312 25 396 51 38 56 201 48 29 55
internal_value=-3.54036e-05 -0.00146177 0.00194454 -0.00629203 -0.015973 0.00051513 0.00616195 -0.0181081 -0.00447241 0.00305316 0.0123277 0.00125427 0.0363961 0.0107056 -0.00362372 -0.0143402 0.0235946 0.00772753 0.0302259 0.00609236 0.00935926 0.00654361 0.00235989 -0.00736395 -0.0128776 0.0243949 -0.007441 0.0398588 0.0143746 0.0354203
internal_weight=1779.96 857.128 332.792 137.275 56.6744 80.6006 61.8475 18.7531 13.1899 58.4188 35.5523 24.3495 11.2028 20.9079 524.336 56.5053 5.61958 195.517 13.2473 182.27 146.826 132.51 107.351 60.4581 52.0191 25.1592 35.4434 15.4976 7.1105 14.3165
internal_count=12000 6076 2365 1009 510 499 389 110 79 371 218 155 63 116 3711 485 48 1356 73 1283 1052 955 797 485 434 158 231 102 54 97
cat_boundaries=0 1 2
cat_threshold=2 2
is_linear=0
shrinkage=0.05


Tree=99
num_leaves=31
num_cat=1
split_feature=16 19 4 0 1 9 3 8 0 9 24 3 20 11 6 11 4 9 0 4 14 12 9 3 3 11 12 18 2 8
split_gain=1.29785 2.22756 3.34256 2.52145 1.75256 6.55896 6.98737 3.83573 4.07624 3.55578 4.79854 3.5254 6.9992 3.35651 2.91146 5.14372 4.54237 4.23618 7.59174 8.16891 4.71416 3.24136 2.95513 3.86661 3.75701 4.52144 3.32885 3.20283 4.30082 3.98575
threshold=0.014652335858349528 0.0067105461680426982 1037.6737750342443 36.500000000000007 0 8.5000000000000018 0.055967878708602564 3.9500000000000006 23.500000000000004 8.5000000000000018 1.0000000180025095e-35 0.033680296099405108 4.5107994028537108 119132.66961887993 1.0000000180025095e-35 70872.503032444205 1049.8093221393681 157.50000000000003 36.500000000000007 796.8782102911772 0.028342512852508848 0.12416993448461322 46.500000000000007 0.16002348077162248 0.16002348077162248 5538.8238564266694 0.073063662157577078 0.021964888403739464 0.22838240328443471 4.6500000000000012
decision_type=2 2 2 2 1 2 2 2 2 2 2 2 2 2 2 2 2 2 2 2 2 2 2 2 2 2 2 2 2 2
left_child=1 2 3 -1 5 6 -3 -8 -9 10 -6 12 -11 -7 15 -13 -17 20 19 -19 -16 -21 23 26 25 -24 -22 28 -27 -30
right_child=-2 4 -4 -5 9 13 7 8 -10 11 -12 14 -14 -15 17 16 -18 18 -20 21 22 -23 24 -25 -26 27 -28 -29 29 -31
leaf_value=-0.060505079316675398 0.0011176749614932296 -0.016009878368749602 0.04151061408028478 -0.00098469970689484486 -0.045744500265964806 -0.0009597037300006757 0.11067495594070625 -0.002291417832432275 0.074042644009928771 -0.0065846215802867428 -0.0013846476092742083 0.0024797374814402415 0.084196231823195522 0.034054538894107429 0.02607218032618815 -0.021442034155356463 0.02468710300822384 -0.038134130443584623 0.071072539233535945 0.065151676670481953 0.061720991198947056 0.0041952818102929069 0.015667622229023365 -0.034267243251329842 -0.0032756756799545272 -0.042925863975332108 0.0017608028013475351 -0.042745534952438574 0.029902151174630694 -0.02665696860592914
leaf_weight=4.9908121270127577 1028.9848074696492 4.5557121806778005 1.5331514843273906 2.7651920318603516 11.17911383532919 222.67426640959457 2.6251733682584 3.1637390498071909 3.9106908068060875 5.3978410512208921 13.408331428887323 279.99638440739363 3.4999480918049812 7.0615058315452179 7.3705792976543298 40.790729325031862 6.1399826928973189 8.5378367325756752 4.2875314131379119 3.8159211128950101 2.6465876474976602 5.0897518619894981 5.5581732690334311 6.7208358601201317 23.297550722956657 9.3973969363141823 18.462759491987526 28.932884841924533 6.2857130190823209 6.1748931258916855
leaf_count=74 6169 37 20 21 120 1631 28 28 25 34 110 2168 22 44 48 355 47 73 27 28 19 36 33 64 189 75 142 232 57 44
internal_value=-3.54263e-05 -0.00161689 -0.0259496 -0.0392847 -0.00131184 0.00215864 0.0350685 0.0590591 0.0399055 -0.00301563 -0.0215536 -0.00205077 0.0291241 0.000116547 -0.00264923 -8.79104e-05 -0.0154069 -0.00878024 0.0114633 -0.00318837 -0.0126107 0.030314 -0.0152635 -0.00123769 -0.0201644 -0.027147 0.00927832 -0.0318323 -0.0173867 0.0018741
internal_weight=1779.26 750.271 9.28916 7.756 740.982 243.991 14.2553 9.6996 7.07443 496.991 24.5874 472.403 8.89779 229.736 463.506 326.927 46.9307 136.578 21.731 17.4435 114.847 8.90567 107.477 27.8302 79.6466 56.3491 21.1093 50.7909 21.858 12.4606
internal_count=12000 5831 115 95 5716 1793 118 81 53 3923 230 3693 56 1675 3637 2570 402 1067 164 137 903 64 855 225 630 441 161 408 176 101
cat_boundaries=0 1
cat_threshold=1
is_linear=0
shrinkage=0.05


Tree=100
num_leaves=31
num_cat=0
split_feature=22 3 20 8 0 2 18 19 8 4 16 3 10 20 3 15 11 8 9 15 11 16 2 17 20 17 4 22 0 13
split_gain=1.31622 1.66075 2.3675 2.92269 2.55515 2.47202 2.53876 3.62707 2.21449 3.33361 2.18516 3.59955 2.81448 2.79196 2.39021 5.7056 4.14224 3.88596 4.0451 3.83497 3.29385 2.92422 2.34978 2.28269 4.37697 3.67998 3.59254 1.98543 3.27381 1.73232
threshold=0.41000000000000009 0.10299926271842851 4.4476065750779448 3.2500000000000004 16.500000000000004 0.27759631964528492 0.018772715056741402 0.030241458568216899 3.6500000000000008 444.30879973935072 0.007447326236067464 0.084346990747334108 129827.82334341628 4.5519799732684048 0.05433839672640374 0.072874359638115602 28858.084793675127 4.3500000000000005 127.50000000000001 0.11065770997552546 5090.1971796670841 0.016534536751531267 0.1632204364208763 0.015079751881949937 4.5107994028537108 0.019759326982809144 683.84536498661191 0.80500000000000016 29.500000000000004 0.12729714745138118
decision_type=2 2 2 2 2 2 2 2 2 2 2 2 2 2 2 2 2 2 2 2 2 2 2 2 2 2 2 2 2 2
left_child=-1 10 4 -4 -3 6 29 -8 9 -5 11 12 -2 -14 15 -12 -17 20 22 -18 -16 -21 -19 24 -22 -25 -27 28 -10 -6
right_child=1 2 3 8 5 -7 7 -9 27 -11 14 -13 13 -15 17 16 19 18 -20 21 23 -23 -24 25 -26 26 -28 -29 -30 -31
leaf_value=-0.00050754673495643479 0.0063040835794321449 0.051801654294573479 -0.032942751528287857 -0.0098816588693173835 0.0075527473977517207 0.046592695015131816 0.046979731281606957 0.0061855604922966736 0.011776788287480742 0.052384151296402552 0.056400466007039518 0.026238946258575459 -0.061895638553158598 -0.014230198081892069 0.036093990681593337 -0.033634774307850071 -0.014317538481688978 0.0077474872622398418 -0.020958591820680258 0.068714838458882377 -0.065226467002983249 0.011909378274177197 0.06037147737949064 0.024416645156130883 -0.0018995355041344468 0.0028615049829801547 -0.044482647566991697 0.0073552718493919214 -0.050684330763335034 -0.028776355678857765
leaf_weight=1588.038765235804 5.1522889269981595 4.5398570396937421 5.8284083753824225 3.6419684542343003 6.9612647891044599 4.7574010032694778 7.4319009929895428 20.41980667412281 3.8812011461704987 5.2458131527528167 6.4279504641890552 4.3252112830523393 6.0571127326693368 6.234034042339772 3.3130505105946204 5.7427529676351723 6.1938777058385304 3.5300846397876722 4.0511156083084634 4.0008009297307563 5.7017455413006228 5.2233461707364768 5.3153913877904415 6.5721640498377409 5.2326863706111908 8.2965558171272296 7.7496821046806863 18.168493148172274 4.5656647086143494 6.2074515521526337
leaf_count=11084 23 32 25 16 30 23 36 90 23 28 32 19 31 31 18 26 29 17 20 19 31 24 32 29 22 35 34 95 20 26
internal_value=-3.61429e-05 0.00388801 0.0087396 -0.000127273 0.016023 0.0124747 0.00851784 0.017071 0.00525991 0.0268693 -0.00059791 -0.0145921 -0.0247165 -0.0377199 0.00334043 0.0151447 0.00261257 -0.00320396 0.0204195 0.0161136 -0.011468 0.0365477 0.0393701 -0.0161644 -0.0349213 -0.00709668 -0.0200038 -0.00195622 -0.0219844 -0.00957202
internal_weight=1778.81 190.769 91.6492 41.3315 50.3177 45.7778 41.0204 27.8517 35.5031 8.88778 99.1199 21.7686 17.4434 12.2911 77.3512 27.5887 21.1608 49.7625 12.8966 15.418 36.8659 9.22415 8.84548 33.5528 10.9344 22.6184 16.0462 26.6154 8.44687 13.1687
internal_count=12000 916 444 207 237 205 182 126 182 44 472 104 85 62 368 130 98 238 69 72 169 43 49 151 53 98 69 138 43 56
is_linear=0
shrinkage=0.05


Tree=101
num_leaves=31
num_cat=3
split_feature=8 6 2 3 8 4 4 20 22 9 12 1 20 7 1 4 12 0 12 23 0 2 11 4 2 2 8 6 9 16
split_gain=1.23599 2.30764 4.06206 2.07002 1.70882 1.63975 2.50304 6.51004 3.75282 4.51807 6.4467 3.20311 2.86734 2.42757 3.15638 3.03137 2.09432 2.00102 4.55811 1.73623 3.58062 4.52428 4.13358 4.84976 3.63286 3.04626 5.27255 7.33433 13.3564 6.09631
threshold=4.9500000000000011 11.500000000000002 0.18848476001950157 0.096071547481158995 4.5500000000000007 969.8407389905102 1057.6299254770076 3.7336829936844262 0.015000000000000001 65.500000000000014 0.20258817499313528 0 4.6058272093466242 1 2 1039.2732723019035 0.2199610123822999 17.500000000000004 0.16160808910617822 0.41500000000000009 38.500000000000007 0.077367857526108585 51562.286592242293 275.99619601277425 0.11051954475312892 0.08200441701734891 4.8500000000000005 8.0000000000000018 86.500000000000014 0.01854369909925466
decision_type=2 2 2 2 2 2 2 2 2 2 2 1 2 1 1 2 2 2 2 2 2 2 2 2 2 2 2 2 2 2
left_child=4 2 3 -2 -1 19 8 -8 13 -10 11 -11 16 15 -15 -7 17 18 -9 25 21 -21 -23 -24 -22 26 27 29 -29 -6
right_child=1 -3 -4 -5 5 6 7 12 9 10 -12 -13 -14 14 -16 -17 -18 -19 -20 20 24 22 23 -25 -26 -27 -28 28 -30 -31
leaf_value=-0.00079236945061093118 0.026369519483506111 0.016191452285481519 -0.056097512603883952 -0.029410045397548989 -0.034549681121331478 -0.041164175812921949 0.064096568916035254 0.051728385841510738 -0.0018682557698620284 0.09187452653960318 -0.0065065381699709575 0.039071296891109483 0.018810698563912546 -0.0095367588647314212 0.038216678805559207 0.013973706427195054 0.021829176320987062 -0.027046317136102418 -0.045713773081240847 -0.023558698393319324 0.019385860591541335 0.046037781831685359 -0.038597698384327403 0.027944294180455249 -0.039711632235150146 -0.001944074258161566 0.045815127440939872 0.093801218897216668 -0.024987557127699588 0.024850366873844454
leaf_weight=1328.2590803608764 3.7217616364359873 4.7571194246411315 5.6368875552434474 3.0072272953111678 13.071924887131905 5.4062359142117202 3.5721130608580998 2.7274168555159184 7.0599721001926836 5.7957697808742523 4.2276752144098273 5.6933077275753003 8.4381120018661004 6.3451833110302687 7.6110164150595665 4.6255136877298355 3.4639493166469029 19.12675766646862 2.1432054101023823 5.1933668339625028 4.5502581372857076 14.099017735570671 4.0311245424672952 8.5374463335610908 6.0687308311462402 264.89157414482906 9.3362148080486786 5.0939476536586863 4.4192764114122838 6.4512660913169375
leaf_count=9335 25 27 47 24 92 30 18 29 39 29 24 29 48 38 38 23 20 108 16 28 20 80 25 45 34 1589 53 27 29 31
internal_value=-3.39841e-05 -0.0134026 -0.0247873 0.00144128 9.6061e-05 0.00282782 0.00899603 -0.000276031 0.0168221 0.0313579 0.0462832 0.0657084 -0.00668132 0.00302017 0.0165056 -0.0157408 -0.0145143 -0.0197604 0.0088512 0.00128933 0.0107564 0.0191369 0.0274516 0.00660224 -0.0143882 -3.6773e-05 0.0131296 0.00262006 0.038619 -0.0149215
internal_weight=1777.36 17.123 12.3659 6.72899 1760.24 431.98 86.2362 39.4716 46.7647 22.7767 15.7168 11.4891 35.8994 23.9879 13.9562 10.0317 27.4613 23.9974 4.87062 345.744 42.4799 31.861 26.6676 12.5686 10.619 303.264 38.3726 29.0364 9.51322 19.5232
internal_count=12000 123 96 49 11877 2542 489 239 250 121 82 58 221 129 76 53 173 153 45 2053 232 178 150 70 54 1821 232 179 56 123
cat_boundaries=0 1 2 3
cat_threshold=2 2 2
is_linear=0
shrinkage=0.05


Tree=102
num_leaves=31
num_cat=0
split_feature=24 15 4 13 10 10 4 4 4 9 20 15 12 5 15 12 0 14 18 3 9 17 23 5 6 10 20 16 4 17
split_gain=1.20744 2.34256 5.59628 3.35334 4.29324 3.14525 4.30898 2.87232 3.02899 5.60766 2.82793 2.83547 2.72378 2.65208 8.18394 4.46613 4.06229 5.20807 6.4127 3.97503 4.1518 5.04878 4.08801 5.6581 4.5596 3.97706 12.2699 3.94237 3.98165 4.67565
threshold=1.0000000180025095e-35 0.1083321561621834 586.87824822299683 0.21523351005743649 668094.19960163988 657949.33125886158 125.26509445568747 202.27746285864191 227.19427404904192 98.500000000000014 4.5138685082269125 0.11816075062273394 0.092221226424809247 1.0000000180025095e-35 0.080247946229111675 0.057957781912523924 43.500000000000007 0.031869289875780374 0.037495385039846361 0.043155691346064028 144.50000000000003 0.010356885292837254 0.015000000000000001 149000.00000000003 35.500000000000007 192636.76279875374 3.9319901027485016 0.024662107443910199 1126.1350716132135 0.023795926581793751
decision_type=2 2 2 2 2 2 2 2 2 2 2 2 2 2 2 2 2 2 2 2 2 2 2 2 2 2 2 2 2 2
left_child=1 13 3 5 -5 6 10 -8 9 -9 11 -3 -7 14 16 -15 27 -18 -19 25 22 -22 23 -21 -24 26 -17 28 29 -1
right_child=-2 2 -4 4 -6 12 7 8 -10 -11 -12 -13 -14 15 -16 19 17 18 -20 20 21 -23 24 -25 -26 -27 -28 -29 -30 -31
leaf_value=-0.0067907963798124124 0.0012208816517856463 0.036207979788989736 0.0073204210737407519 0.032692944379294479 -0.027166985624288726 -0.0075112956030250269 -0.04171384477540787 -0.030858092042906404 -0.015064698183514769 0.056787503543793784 0.035406605045630216 -0.02670784589325061 0.045481357879032153 0.026620279502967237 -0.022555489165884714 -0.053913066671658086 -0.026256040534293829 0.016192511713703502 0.099812209983426103 0.0054646091057573946 -0.016025045936275569 0.025399024683517252 0.0049366038105837298 -0.024006119423982758 -0.037797593132472634 -0.038952516331204154 0.067721374324983971 -0.023195237444450439 0.028289563996195935 0.020988225290663649
leaf_weight=122.24184485850856 922.33196915709414 2.6115420025307667 195.47514488152228 10.970590169308705 4.1204165262170127 4.9092418556101602 9.1137282447889429 3.2498721932061008 79.201363577740267 4.1624594968743622 7.5051265365909776 5.6981182885356247 4.7914920204784721 14.860564788104965 64.307275595841929 4.2723186579532939 3.9552954994142047 7.8677759692072851 3.2357274740934372 26.703519213711843 9.7842453909106535 29.634105438599363 118.5848055514507 41.749949345597997 6.5886915773153296 13.361223893938584 4.0281790737062693 23.306747130583972 10.707633200800045 17.290296045830473
leaf_count=958 5924 22 1356 60 35 36 108 25 537 31 52 61 42 109 503 36 24 57 17 168 79 170 804 285 44 97 24 154 85 97
internal_value=-3.35984e-05 -0.001388 0.00189752 -0.00587782 0.0163489 -0.00864437 -0.0110193 -0.0150137 -0.0122042 0.0183601 0.0131589 -0.0069348 0.0186634 -0.00347451 -0.00715222 -2.40272e-05 -0.00190029 0.0230107 0.0405605 -0.00157856 0.00032579 0.0151169 -0.00268537 -0.0125097 0.00268723 -0.0220663 0.00511536 -0.00406184 -0.00109367 -0.00334852
internal_weight=1776.62 854.289 331.809 136.334 15.091 121.243 111.542 95.7274 86.6137 7.41233 15.8148 8.30966 9.70073 522.48 252.913 269.568 188.605 15.0588 11.1035 254.707 233.045 39.4184 193.627 68.4535 125.173 21.6617 8.3005 173.547 150.24 139.532
internal_count=12000 6076 2365 1009 95 914 836 701 593 56 135 83 78 3711 1895 1816 1392 98 74 1707 1550 249 1301 453 848 157 60 1294 1140 1055
is_linear=0
shrinkage=0.05


Tree=103
num_leaves=31
num_cat=1
split_feature=22 10 14 3 16 4 4 6 0 4 16 16 2 12 11 3 1 3 15 3 3 20 8 0 2 18 19 8 4 16
split_gain=1.21374 1.63106 1.55238 2.71443 3.9899 2.5253 4.18043 4.46578 2.77634 2.3644 5.70458 2.30151 1.57173 3.08842 1.92964 2.84551 2.77557 2.69169 1.75411 2.5599 1.50394 2.15838 2.5898 2.36908 2.27192 2.29053 3.39908 2.02064 3.06699 2.01917
threshold=0.41000000000000009 3281.6152121659675 0.13968248507980194 0.17612561835471538 0.0042863578382014737 1006.6952727745996 792.52863945800596 35.500000000000007 17.500000000000004 940.32072775153631 0.011525022134245435 0.0094617548977500559 0.13691211532082076 0.18046325010710629 39316.269857363928 0.060867706294621793 0 0.15856879947219102 0.14816809375899545 0.14447686745796282 0.10299926271842851 4.4476065750779448 3.2500000000000004 16.500000000000004 0.27759631964528492 0.018772715056741402 0.030241458568216899 3.6500000000000008 444.30879973935072 0.007447326236067464
decision_type=2 2 2 2 2 2 2 2 2 2 2 2 2 2 2 2 1 2 2 2 2 2 2 2 2 2 2 2 2 2
left_child=1 -1 -3 5 -5 6 7 12 -7 10 -8 -11 13 18 17 -16 -17 -14 -4 -20 29 23 -23 -22 25 -25 -27 28 -24 -2
right_child=20 2 3 4 -6 8 9 -9 -10 11 -12 -13 14 -15 15 16 -18 -19 19 -21 21 22 27 24 -26 26 -28 -29 -30 -31
leaf_value=-0.032541666229369437 -0.014037086685464207 2.367339844662686e-05 -0.022270147621179983 0.025259053931939886 -0.050429979690567367 0.026500003402456875 -0.0012336140074374882 -0.059900919519603225 -0.028618217618705151 0.028008705792211402 0.074751704885595238 -0.027783074220808297 -0.011774236499951105 -0.037364574811623329 0.057715588397626583 -0.020448163708733577 0.030029105135752659 0.037995067629398249 -0.003247636094328224 0.05172654050834357 0.050239002540956326 -0.031159986454891472 -0.0094476536795939821 -0.0089966214073125741 0.044950389391318804 0.045580993130039618 0.0058472371773638744 -0.0019152075244388803 0.050467518598500342 0.0032605924690560424
leaf_weight=3.9583145980723193 21.617569633293897 1471.8449228159152 5.6111496693920406 2.3084520772099477 7.0850131567567587 2.6763716773130026 4.8024732170160878 3.6028534006327382 15.609960373491047 3.7448996375314882 5.0858211081940681 3.6501927911303937 20.288405383238572 8.276309173088519 3.4543339940719298 5.2689124085009098 5.6368174308445287 3.1367194144986561 7.429228909313677 2.9618506729602814 4.4361349053215227 5.7711531370878211 3.6394088286906463 13.157366573810576 4.6824158395174882 7.3141047358512905 20.380766525864601 26.584636975545436 5.1701363264583051 76.834032412385568
leaf_count=51 104 10194 32 16 62 28 43 37 109 27 26 28 165 68 22 52 36 22 49 17 32 25 16 56 23 36 90 138 28 368
internal_value=-3.39942e-05 -0.000485854 -0.000405671 -0.00611777 -0.0318293 -0.00373206 -2.42841e-05 -0.00578285 -0.0205512 0.0218548 0.0378477 0.000470071 -0.00264125 -0.0125676 0.00373684 0.0181683 0.0056419 -0.00510992 0.000257322 0.0124221 0.00374708 0.00837563 -0.000102127 0.0153595 0.0119614 0.0081803 0.0163408 0.00496197 0.0257153 -0.000537556
internal_weight=1776.02 1586.43 1582.47 110.63 9.39347 101.236 82.95 65.6666 18.2863 17.2834 9.88829 7.39509 62.0637 24.2785 37.7852 14.3601 10.9057 23.4251 16.0022 10.3911 189.588 91.1361 41.1653 49.9708 45.5347 40.8522 27.6949 35.3942 8.80955 98.4516
internal_count=12000 11084 11033 839 78 761 624 500 137 124 69 55 463 166 297 110 88 187 98 66 916 444 207 237 205 182 126 182 44 472
cat_boundaries=0 1
cat_threshold=2
is_linear=0
shrinkage=0.05


Tree=104
num_leaves=31
num_cat=1
split_feature=18 2 12 16 11 18 14 3 22 22 20 1 10 17 16 24 4 4 17 16 16 15 24 15 4 18 8 8 14 14
split_gain=1.15863 2.00816 6.60542 3.15527 3.22424 3.80201 3.41164 3.07845 4.5123 2.65928 2.5762 2.73843 2.67569 2.43647 4.28107 2.37678 2.27423 3.52257 2.64994 3.64594 3.50329 3.30735 2.9656 4.74156 2.66752 3.00492 2.65389 2.67747 2.64736 3.3549
threshold=0.027129156783076216 0.069819852379753064 0.1930765750593445 0.0077625462053749813 39284.045952663473 0.022922229649736257 0.092777759236724558 0.14248883256137576 0.015000000000000001 0.41000000000000009 4.2579712641539649 0 93879.128694165542 0.01747849241289905 0.0094122336757305695 1.0000000180025095e-35 134.8189572441382 214.52421112849933 0.0089631582584747092 0.012241995428011621 0.015530580589882874 0.088273242565909488 1.0000000180025095e-35 0.12283320955979979 69.975914853381511 0.016739480762110698 3.8500000000000001 4.2500000000000009 0.11562695896576004 0.12364687228056645
decision_type=2 2 2 2 2 2 2 2 2 2 2 1 2 2 2 2 2 2 2 2 2 2 2 2 2 2 2 2 2 2
left_child=1 2 3 7 5 6 -5 -1 -9 10 12 -12 -4 14 -6 -8 18 28 21 -20 -21 -3 -23 -24 -22 26 -26 -28 -18 -30
right_child=-2 16 9 4 13 -7 15 8 -10 -11 11 -13 -14 -15 -16 -17 17 -19 19 20 24 22 23 -25 25 -27 27 -29 29 -31
leaf_value=0.012352573644669154 0.0011631783172468906 -0.040588213457623243 -0.039293964300170285 -0.046020010201284385 -0.0033669842583622144 0.027354515151502157 -0.024851803060523613 0.015771344499198096 0.1163826319459319 0.026237257974659936 -0.0016471421986582774 -0.061033506076243541 0.027575189048899967 0.0095445073188865272 0.068200952551467062 0.039606662310206819 -0.029189023363747908 -0.0021837986666218214 0.047746631987453839 -0.032770614109915767 -0.019641206141299543 -0.02759069336582301 0.077680187293751687 -0.02831850427847063 0.028900981732203984 0.033896976928709348 -0.043632512190698851 0.014942593525648121 0.050767956626066424 -0.018431579421766871
leaf_weight=4.07114105299115 945.67906091199256 5.8091439357958716 2.6586313119623837 6.4659870702307689 3.2203376628458518 6.0488495184108606 2.8952099063899368 1.9843318043276665 2.5420120710041374 2.7677437157835802 2.7545497701503336 6.5741401729173941 3.4208187088370323 13.24583053239621 5.9508599669206887 2.8260643526446074 21.143423309316862 674.26407873141579 6.5080702651757738 4.7811648051720104 5.2981946021318427 3.1377030843868852 2.6811581968795508 1.7395044218283144 5.2517885949928331 15.488318017916752 4.2902192380279303 3.5779187770094723 2.6372255396563551 5.2151434428524226
leaf_count=29 5556 66 24 54 21 35 26 28 28 15 25 64 31 92 44 23 225 5066 64 60 26 45 26 25 40 98 40 25 21 78
internal_value=-3.30715e-05 -0.00139728 0.00687334 0.0163804 0.0105604 -0.00505161 -0.0211356 0.0439001 0.072275 -0.0188877 -0.0269934 -0.0434981 -0.00166766 0.0232607 0.0430709 0.00698792 -0.00212928 -0.00291763 0.00733757 0.0131219 0.00729729 -0.0122193 0.00958425 0.0359703 0.0129473 0.0189826 0.00137594 -0.0169964 -0.019982 0.00480915
internal_weight=1774.93 829.25 67.4265 49.2506 40.6531 18.2361 12.1873 8.59748 4.52634 18.1759 15.4081 9.32869 6.07945 22.417 9.1712 5.72127 761.823 703.26 58.5632 45.1957 38.6876 13.3675 7.55837 4.42066 33.9064 28.6082 13.1199 7.86814 28.9958 7.85237
internal_count=12000 6444 539 380 295 138 103 85 56 159 144 89 55 157 65 49 5905 5390 515 353 289 162 96 51 229 203 105 65 324 99
cat_boundaries=0 1
cat_threshold=2
is_linear=0
shrinkage=0.05


Tree=105
num_leaves=31
num_cat=0
split_feature=8 0 24 9 8 16 13 2 8 18 6 14 19 0 15 14 9 12 5 20 2 12 4 0 6 20 2 24 9 4
split_gain=1.17147 1.72659 2.69481 3.70898 4.22944 3.40911 2.2888 2.26709 2.68265 2.76275 1.75568 3.94989 3.36371 3.15051 3.14051 2.45093 3.77372 4.27384 3.33014 2.35528 3.61783 2.90723 4.53222 3.73811 4.12147 2.33042 2.32348 2.43432 3.70497 3.06221
threshold=4.4500000000000011 12.500000000000002 1.0000000180025095e-35 5.5000000000000009 3.2500000000000004 0.0232368134140493 0.093343785452697656 0.24767710165620957 3.4500000000000006 0.038686950166383634 18.000000000000004 0.055461480381762483 0.039095939722536562 37.500000000000007 0.046868805906417385 0.13214785937282322 144.50000000000003 0.18575707898559943 1.0000000180025095e-35 4.0124524090741129 0.17262221158991101 0.1194144679054497 936.70480484148879 22.500000000000004 45.000000000000007 3.4056412814522914 0.14191494962845203 1.0000000180025095e-35 76.500000000000014 837.42870005570205
decision_type=2 2 2 2 2 2 2 2 2 2 2 2 2 2 2 2 2 2 2 2 2 2 2 2 2 2 2 2 2 2
left_child=1 2 6 -4 -5 -6 -1 -8 -9 -10 -3 13 15 14 19 25 17 -17 -18 20 -12 22 -21 -23 -25 -13 -14 28 -28 -30
right_child=-2 10 3 4 5 -7 7 8 9 -11 11 12 26 -15 -16 16 18 -19 -20 21 -22 23 -24 24 -26 -27 27 -29 29 -31
leaf_value=-0.059125754945577605 0.0019733363468946896 0.0003497816639633426 0.079805571174727752 0.055164275264134567 -0.029280031599799652 0.032493979780925511 -0.03907739904881178 -0.061865917684741561 -0.0070134596739663841 0.073085250218493047 0.02155983576201698 -0.040404210299568755 0.002416708033086034 0.033548845964104602 0.021206743545566127 0.072067198554757197 0.01934057418885473 0.0054898077246342374 -0.03816669153452304 -0.010181601937530753 -0.040010657919409304 -0.038821320633210317 0.050531431886456563 -0.011152549567042154 0.050551715699372793 -0.0061500368232440539 0.01262980406075403 -0.044171049322662859 -0.0086847964346491204 -0.063122518582786238
leaf_weight=4.1699816249310961 515.96444856794551 998.19833621231373 1.3830339713022137 2.4326981022022656 10.739650317467747 2.8198224366642526 5.3463647586759162 1.1554863960482178 2.834533502580598 1.7357839033938942 3.2364741526544085 5.2400752902030936 7.8990585133433333 8.7198253497481328 15.031268549384547 4.118422699626537 4.8796604704111797 5.8125263857655227 5.2002514638006687 5.976361165288834 9.077674931380896 7.1746573746204403 6.3292894214391708 9.8540531657636148 3.7307980656623831 94.697272855089977 6.931764870882037 13.209800342330711 5.4267513409722579 4.9302517920732498
leaf_count=90 3081 6763 15 46 175 55 124 29 53 22 19 39 48 47 86 29 34 57 36 37 60 47 37 67 22 692 38 81 36 35
internal_value=-3.30181e-05 -0.000855727 -0.0122094 0.00125131 -0.00554221 -0.0164335 -0.0275539 -0.0156633 0.00619915 0.0234076 -0.000553585 -0.00451769 -0.00887106 0.00545387 0.00139857 -0.00474789 0.0112245 0.0330998 -0.0103276 -0.00516262 -0.0238284 0.00178889 0.0210455 -0.00962591 0.00579325 -0.00794611 -0.0217512 -0.0280106 -0.015663 -0.0345988
internal_weight=1774.26 1258.29 32.6174 17.3752 15.9922 13.5595 15.2422 11.0722 5.7258 4.57032 1225.67 227.476 158.346 69.1304 60.4106 119.948 20.0109 9.93095 10.0799 45.3793 12.3141 33.0652 12.3057 20.7595 13.5849 99.9373 38.3976 30.4986 17.2888 10.357
internal_count=12000 8919 609 291 276 230 318 228 104 75 8310 1547 1125 422 375 887 156 86 70 289 79 210 74 136 89 731 238 190 109 71
is_linear=0
shrinkage=0.05


Tree=106
num_leaves=31
num_cat=1
split_feature=16 3 19 19 20 11 3 24 9 11 1 9 10 3 4 0 3 4 14 3 9 20 3 19 9 4 19 6 0 18
split_gain=1.15904 2.15045 3.12809 5.61701 3.93531 4.3155 5.41281 3.04325 3.99662 3.70918 3.60055 2.39431 2.03985 2.32707 2.23832 3.14791 3.66538 2.38558 1.89513 1.89149 3.3266 1.72991 1.72957 1.61859 1.60747 1.56463 2.67752 3.92672 4.06816 4.64956
threshold=0.014652335858349528 0.17612561835471538 0.049061081391697667 0.044454446584312877 4.5986040949059968 17345.212660169589 0.19649124668727433 1.0000000180025095e-35 90.500000000000014 22373.335711594627 0 74.500000000000014 31172.04014059262 0.15560567644931247 936.70480484148879 29.500000000000004 0.064366389997821752 1057.6299254770076 0.092287798468335014 0.11964752902706006 97.000000000000014 4.5219802576956134 0.18730313308334226 0.049838140189709355 101.00000000000001 577.03126903369457 0.0097803612937995537 5.5000000000000009 23.500000000000004 0.0079103483950967741
decision_type=2 2 2 2 2 2 2 2 2 2 1 2 2 2 2 2 2 2 2 2 2 2 2 2 2 2 2 2 2 2
left_child=1 12 3 4 5 18 7 8 22 -9 -10 -8 13 14 15 19 -17 -16 -3 20 -1 -11 -7 -2 -20 -14 27 28 -27 -30
right_child=23 2 -4 -5 -6 6 11 9 10 21 -12 -13 25 -15 17 16 -18 -19 24 -21 -22 -23 -24 -25 -26 26 -28 -29 29 -31
leaf_value=0.0053988822808793413 0.00086683403300498734 -0.042879379197245632 -0.065480830614756347 0.041399171923256733 -0.044809116142090405 0.010683733055913636 0.010224745005404177 0.035057602667577493 -0.0048691496780989257 -0.05205546211884763 0.068859786375476559 0.069729910375404783 -0.0045458608593215112 -0.018973460391145627 -0.036182238058728368 0.029060233333427318 -0.019932261937267579 0.030014407809186024 0.024485495068483264 0.073265384177078882 0.067782643862538003 -0.01250617206428219 -0.044381281256216459 0.021775996871524608 -0.033727000203577939 -0.0097901166006343875 -0.00094239973252068269 -0.011665572332939425 0.0010969952690029195 0.046401815727858661
leaf_weight=5.7529121874831635 1017.5576809187187 9.6140966545790416 2.4730055029503992 5.23424217570573 8.1788971892092359 2.5373791046440601 3.1229032650589934 2.2237371914088735 2.9577811292838305 6.6253581519704294 3.7620736062526703 3.6855231299996376 244.15592035441659 5.7811702236067495 3.8076485823839894 8.1865086108446103 7.1537375524640074 2.1181161147542298 2.4015461024828246 3.193197814282029 3.3998722357209772 4.7452693039085716 3.2558110267855227 9.3405604604631645 2.34281474375166 8.1441817460581643 354.06872176006436 12.799485569586976 8.6171088777482527 16.520793683826923
leaf_count=39 6116 77 18 38 83 16 24 16 37 68 32 27 1998 41 35 50 43 22 22 26 26 34 35 53 21 78 2671 92 66 96
internal_value=-3.29821e-05 -0.00153169 -0.0103589 -0.00811272 -0.0127862 -0.00724589 0.00273167 -0.00762263 0.0101706 -0.0240006 0.0364076 0.042436 -0.000716223 0.010329 0.0153689 0.0213382 0.00621318 -0.0125208 -0.0301188 0.0401315 0.0285718 -0.0355505 -0.0202632 0.00105702 -0.00426044 -0.00139153 0.000533119 0.0118703 0.0209216 0.0308716
internal_weight=1773.76 746.86 63.1604 60.6874 55.4532 47.2743 32.9158 26.1074 12.513 13.5944 6.71985 6.80843 683.699 39.3932 33.612 27.6862 15.3402 5.92576 14.3585 12.346 9.15278 11.3706 5.79319 1026.9 4.74436 644.306 400.15 46.0816 33.2821 25.1379
internal_count=12000 5831 548 530 492 409 289 238 120 118 69 51 5283 282 241 184 93 57 120 91 65 102 51 6169 43 5001 3003 332 240 162
cat_boundaries=0 1
cat_threshold=2
is_linear=0
shrinkage=0.05


Tree=107
num_leaves=31
num_cat=0
split_feature=22 10 20 3 3 12 13 15 15 4 10 5 16 10 12 6 11 13 23 0 0 19 10 15 18 4 2 18 4 14
split_gain=1.12573 1.473 1.46495 1.77151 1.53533 2.67747 2.17567 2.17143 4.13634 2.89371 2.61706 2.35547 2.26531 1.89022 1.85561 3.16413 2.33256 2.27807 2.37527 3.1735 3.53628 2.9363 1.98429 3.5857 2.58106 2.38209 3.63539 3.3506 3.89184 2.22582
threshold=0.41000000000000009 3281.6152121659675 4.6738085436250278 0.084346990747334108 0.13246836295517281 0.22175369228641104 0.068956218218565193 0.047848604109561994 0.066958115610930333 446.97405734729892 209812.47944159087 149000.00000000003 0.019190969332935341 111827.42244104487 0.22973788198504277 26.500000000000004 5090.1971796670841 0.081070952945266547 0.015000000000000001 35.500000000000007 21.500000000000004 0.020643181783651231 343515.3934535968 0.067502366967088681 0.017616804521322454 330.49200778766641 0.11051954475312892 0.027129156783076216 701.8619703242947 0.11082029605661337
decision_type=2 2 2 2 2 2 2 2 2 2 2 2 2 2 2 2 2 2 2 2 2 2 2 2 2 2 2 2 2 2
left_child=1 -1 4 -4 6 7 -2 9 -9 -6 13 -12 -11 -10 15 16 -8 -18 19 20 -19 -21 25 -24 -25 -20 -27 28 -28 -29
right_child=2 -3 3 -5 5 -7 14 8 10 12 11 -13 -14 -15 -16 -17 17 18 22 21 -22 -23 23 24 -26 26 27 29 -30 -31
leaf_value=-0.031423967455941566 -0.02920144469838365 -0.00039277527274895595 -0.042386497620006014 0.0016670691482476422 0.035351090642522363 -0.020064668933843524 0.031851664496736959 0.066669839713102183 0.016340306078602578 -0.02569519112912759 0.01659798880407129 -0.018761056109522653 0.017472654895488184 0.054038603810438957 0.024767239758979338 0.031796299009934123 0.024864393100688248 -0.01239157129660037 0.019848622955351239 0.031133173645359304 -0.06493877637676411 -0.021341645402108006 0.038682399445698949 0.033084226412308057 -0.010093566435860624 -0.052582955282357735 -0.052753103391996618 0.043813820068329304 0.007711347353553462 -0.0082883685348110452
leaf_weight=3.8335133779328308 5.5891599562019101 1580.6741781301098 3.7247012699954194 5.8917873012833297 4.3964683860540417 6.2706987783312789 4.9273705172818145 4.4059821157716206 7.9369644632097316 9.103583235293625 13.080438147298993 7.3601851218845686 4.5621205822098991 5.7225356549024582 8.8246366172097606 7.6493603140115729 6.5659049584064624 7.1997273878660071 5.649394552921879 4.6146253347396833 5.7658446580171585 6.3127097338438034 7.5209720074199167 4.3317526876926449 17.22056679148227 5.3513214439153698 5.6650246977806109 4.1601897366344911 5.019237132743001 4.0408719426486641
leaf_count=51 31 11033 19 26 19 27 27 27 41 43 65 35 22 26 42 35 32 41 28 19 25 28 42 18 85 22 24 23 26 18
internal_value=-3.29261e-05 -0.000467851 0.00361595 -0.015396 0.00463593 0.0109342 0.00123602 0.0143705 0.0210798 6.72123e-05 0.0151892 0.00386603 -0.0112842 0.0321337 0.00277113 0.000868019 -0.00163959 -0.00348512 -0.00573177 -0.0190307 -0.0357595 0.000818527 -0.000342466 0.00895753 -0.00141536 -0.00938955 -0.0162048 -0.00589669 -0.0243482 0.0181417
internal_weight=1773.37 1584.51 188.864 9.61649 179.248 62.839 116.409 56.5683 38.5061 18.0622 34.1001 20.4406 13.6657 13.6595 110.82 101.995 94.3455 89.4181 82.8522 23.8929 12.9656 10.9273 58.9593 29.0733 21.5523 29.886 24.2366 18.8853 10.6843 8.20106
internal_count=12000 11084 916 45 871 305 566 278 194 84 167 100 65 67 535 493 458 431 399 113 66 47 286 145 103 141 113 91 50 41
is_linear=0
shrinkage=0.05


Tree=108
num_leaves=31
num_cat=0
split_feature=8 4 3 0 4 2 24 4 19 3 8 6 14 0 18 2 3 3 12 19 4 4 10 0 3 4 3 14 4 4
split_gain=1.11694 4.09387 4.25437 4.08553 3.2251 1.25014 1.62174 1.18413 1.13386 2.4181 2.92627 2.00535 3.8475 2.88918 2.72223 5.50362 3.27339 3.00231 5.70449 4.23281 2.99284 3.71943 2.5523 2.48932 2.76551 2.45141 1.92086 3.22651 4.46143 3.64657
threshold=3.0500000000000003 303.30998189495477 0.052264845363687258 33.500000000000007 683.84536498661191 0.18603814611676786 1.0000000180025095e-35 915.82181904586957 0.045335004128507307 0.050724033783506185 3.6500000000000008 14.000000000000002 0.093092489950148669 22.500000000000004 0.047278528805243275 0.25636782297488264 0.057519742718084611 0.069877725203718932 0.094707551774823998 0.048145935752673105 816.22268043011479 227.19427404904192 379855.25064686587 18.500000000000004 0.084346990747334108 1065.7503850930889 0.07641770701575297 0.10515808929084124 361.98031496369947 513.56896024851972
decision_type=2 2 2 2 2 2 2 2 2 2 2 2 2 2 2 2 2 2 2 2 2 2 2 2 2 2 2 2 2 2
left_child=1 -1 -3 5 -5 7 -7 -4 -2 10 -10 14 13 -13 16 20 -11 19 -19 -18 21 -16 -15 -23 -25 -22 -20 28 -28 -30
right_child=8 2 3 4 -6 6 -8 -9 9 11 -12 12 -14 22 15 -17 17 18 26 -21 25 23 -24 24 -26 -27 27 -29 29 -31
leaf_value=-0.046502920307159926 -0.00025902625003777226 0.046502765330031302 0.010905504967106815 0.052035076022082294 -0.016371335880345263 -0.0066908004401540454 -0.048986313999112185 -0.031385486765615422 -0.043034685541714551 0.052922739855003134 -0.0010970082179818407 -0.020823627211965252 -0.030939976269826128 0.048639031902829671 -0.037054749790794365 0.041767862041842109 -0.047795280963643119 0.07125571947129633 0.052900497588414225 0.019478838999679712 -0.041087311387321745 0.044325549409769599 0.0031006319153236467 0.030446225830506553 -0.013028445389076793 0.0036447145040303889 0.077262070113849474 -0.0076114157594254443 -0.022990578603847192 0.026663343327062491
leaf_weight=5.9963233787566415 1580.8169967911672 4.0372440628707436 4.1172850304283264 4.0494251772761336 2.9991454519331455 3.5284230783581716 6.3363318666815758 2.7678772646468133 5.3394552618265179 5.7382402867078772 18.823069409001619 5.8871215344406727 9.4935419471003097 5.1651802361011487 4.5865053001325604 6.9416434324812135 4.4589974582195264 4.6130499402061096 2.7448272556066504 4.9158698304090649 8.8223550468683225 4.7859060019254711 7.6105640679597855 5.8204804062843314 9.8456961363553983 4.6915352940559378 3.1381329034920808 15.771625978173686 5.1381048574112382 13.188635397236792
leaf_count=64 10834 33 33 28 25 32 44 28 30 28 99 35 57 27 27 33 23 28 13 23 44 23 37 28 48 25 27 104 34 86
internal_value=-3.10464e-05 -0.0090288 -0.000956198 -0.00900727 0.0229284 -0.0224462 -0.0338581 -0.00609573 0.000144071 0.0041894 -0.0103644 0.00682634 -0.0050253 0.00815714 0.00999834 0.000784139 0.0170191 0.0132017 0.0186088 -0.012519 -0.00659527 0.00363933 0.0215116 0.0127652 0.00312377 -0.025558 0.0125344 0.00955888 0.022175 0.0127423
internal_weight=1772.17 33.8321 27.8357 23.7985 7.04857 16.7499 9.86475 6.88516 1738.34 157.521 24.1625 133.358 28.1564 18.6629 105.202 45.4941 59.7075 53.9692 44.5944 9.37487 38.5525 25.0386 12.7757 20.4521 15.6662 13.5139 39.9813 37.2365 21.4649 18.3267
internal_count=12000 287 223 190 53 137 76 61 11713 879 129 750 156 99 594 228 366 338 292 46 195 126 64 99 76 69 264 251 147 120
is_linear=0
shrinkage=0.05


Tree=109
num_leaves=31
num_cat=2
split_feature=23 6 13 0 0 4 18 3 20 10 1 17 20 10 4 17 14 14 3 23 2 2 1 16 18 16 2 12 10 12
split_gain=1.11329 4.48061 2.21235 2.46494 3.61183 2.43643 2.20394 1.96952 3.49385 5.16402 3.92421 3.30357 3.1619 4.65118 3.33759 4.13689 3.09375 4.85229 2.99536 2.72327 2.565 2.51244 2.56108 7.74842 6.37955 3.33585 2.47538 4.08624 2.27137 2.22359
threshold=0.41500000000000009 47.500000000000007 0.077387891037853138 29.500000000000004 21.500000000000004 709.21610582530604 0.047658641924333868 0.082164815648014936 3.7429160574449143 326800.32462669606 0 0.023795926581793751 3.7336829936844262 230334.18899809069 485.87028764915641 0.011163152852148394 0.12931766268926201 0.10065292051202269 0.066732623478464453 0.81500000000000017 0.087248682117135476 0.11174689441490163 1 0.0091714311416686307 0.034985639662642946 0.0092746180919240032 0.17262221158991101 0.20714975868614585 22249.392325394201 0.17918716228686196
decision_type=2 2 2 2 2 2 2 2 2 2 1 2 2 2 2 2 2 2 2 2 2 2 1 2 2 2 2 2 2 2
left_child=-1 2 3 4 -2 -5 7 12 10 11 -9 20 28 18 15 -15 17 26 29 -17 -10 -22 23 -23 25 -24 -16 -28 -4 -14
right_child=1 -3 6 5 -6 -7 -8 8 9 -11 -12 -13 13 14 16 19 -18 -19 -20 -21 21 22 24 -25 -26 -27 27 -29 -30 -31
leaf_value=-0.00049062397273526976 -0.026353270706405842 -0.053550894764847534 -0.00063466675767637724 -0.062511376040178909 0.032610040855639073 -0.00090664554917929913 -0.018534615453147593 -0.0066987066701795859 -0.029735925479218408 0.020032850276397739 0.060102711621316557 -0.044447050353126072 0.047431644033897803 0.04992010085528429 -0.032001843318009975 -0.017479266559547849 0.015618952062652314 -0.059836648528735173 -0.011364716417932453 0.028589487004514125 0.043503412727212233 -0.033725458887835694 0.036843512107113258 0.04832345442498448 -0.065300530071820462 -0.017591163182024774 0.03146831989607652 -0.02999837606182254 -0.054877142535332782 0.011524662044416446
leaf_weight=1561.5906119439751 5.3607215459924209 3.3995363041758528 3.6773015167564145 3.8526499532163134 5.0380437299609184 2.7509979158639908 8.8219244629144651 3.1864295608829707 5.8270126739516845 46.842005599639378 7.0906328645069134 4.5247432293836019 10.57755563803949 5.3298232387751368 7.1882202590350159 9.3744145799428207 6.9146027863025656 6.3625418539158991 4.8920295629650346 4.8766516144387415 3.9804573729634312 4.5614742413163185 5.1255355852190387 7.7940602321177721 4.1777655072510251 6.2419509424362332 6.4396653641015273 4.660827562212944 4.0616358579136431 7.2783793807029715
leaf_count=10786 53 21 22 32 25 17 41 22 41 280 41 30 53 33 41 44 34 39 26 24 19 28 31 44 23 38 32 24 20 36
internal_value=-3.07818e-05 0.00338526 0.00432118 -0.0129576 0.00221356 -0.0368476 0.00586896 0.00705848 0.0117864 0.00860159 0.0393908 -0.0040772 0.00130432 0.00448883 -0.00387696 0.01234 -0.0139367 -0.0222269 0.0232986 -0.00171474 0.00076692 0.006342 0.00104038 0.0180323 -0.0124649 0.00695313 -0.00914269 0.00565995 -0.0291028 0.0327954
internal_weight=1771.8 210.21 206.81 17.0024 10.3988 6.60365 189.808 180.986 99.3521 89.075 10.2771 42.233 81.6336 73.8947 51.1467 19.5809 31.5659 24.6513 22.748 14.2511 37.7083 31.8812 27.9008 12.3555 15.5453 11.3675 18.2887 11.1005 7.73894 17.8559
internal_count=12000 1214 1193 127 78 49 1066 1025 597 534 63 254 428 386 271 101 170 136 115 68 224 183 164 72 92 69 97 56 42 89
cat_boundaries=0 1 2
cat_threshold=2 2
is_linear=0
shrinkage=0.05


Tree=110
num_leaves=31
num_cat=2
split_feature=24 15 4 9 10 3 3 1 4 0 20 11 8 4 1 0 8 10 6 4 14 4 10 3 0 10 18 4 18 3
split_gain=1.09301 2.17543 4.97532 3.09184 4.73046 7.43573 4.16015 4.13942 4.91597 6.05365 2.94373 2.67281 2.541 3.18249 2.77768 2.5372 2.82679 2.92574 2.50374 2.49593 5.88796 4.33572 5.13839 5.93924 4.65939 5.67922 4.38757 5.12486 4.06548 3.9668
threshold=1.0000000180025095e-35 0.1083321561621834 586.87824822299683 47.500000000000007 309512.47933177685 0.19214691374356499 0.15856879947219102 0 184.68283903209684 33.500000000000007 3.9462514907555697 58751.903717590671 3.2500000000000004 1053.3502151236696 1 43.500000000000007 3.5500000000000003 402597.49842322915 9.5000000000000018 542.66319327061706 0.06198801222283163 875.71137534116838 414737.30874997767 0.16931867021660604 22.500000000000004 319396.20489714429 0.018772715056741402 1093.8906685357319 0.018772715056741402 0.10147362154097785
decision_type=2 2 2 2 2 2 2 1 2 2 2 2 2 2 1 2 2 2 2 2 2 2 2 2 2 2 2 2 2 2
left_child=1 12 3 -3 5 6 10 8 -6 11 -5 -10 13 -1 -15 16 -9 -18 -19 -14 21 -21 24 29 26 28 -23 -28 -26 -24
right_child=-2 2 -4 4 7 -7 -8 15 9 -11 -12 -13 19 14 -16 -17 17 18 -20 20 -22 22 23 -25 25 -27 27 -29 -30 -31
leaf_value=-0.017491155235412194 0.0011641295639284103 -0.021359058891489431 0.006947834805544853 0.0068640927081994657 0.091372201078296314 0.063555390465748887 -0.056991183546760353 0.024884845872139287 0.01738986838982513 0.049014170078280489 -0.019926847336068958 -0.045829186709442526 0.0024994664387604443 -0.014216428021736878 0.055703926356690518 0.043390896549262668 0.00652921119089754 -0.015271622636282687 -0.063799676690604906 -0.0067231679504911671 -0.012504684389854441 0.052489753823854561 -0.02031694352410765 -0.06603752085573035 -0.021181310584887834 0.063136532632729586 0.0045864821612175248 -0.064166663367364846 0.02868373902480359 0.02320271119227663
leaf_weight=49.841312024975196 920.24948006938212 25.105261262040585 195.54412598442286 14.896803035517221 2.6827834577998173 3.0778278633952132 5.6372525815386316 6.5869179104920468 3.0993715466465783 7.3072937466204166 32.893107752082869 3.6301254667341709 178.95116504642647 2.7435720392968506 2.9452226047869763 3.0076703503727904 12.276703941402959 11.656190634006633 3.443041273392736 73.818843279033899 137.05742903053761 3.0814497997052994 10.153231260366743 3.7703592781908801 5.2950655519962337 9.5391025021672231 10.360816342988981 3.6706814202480009 17.923545647412539 10.811938998755066
leaf_count=437 5924 197 1356 107 40 18 53 46 22 48 232 29 1274 24 24 19 84 83 31 451 1017 37 69 25 42 49 65 29 98 70
internal_value=-3.02143e-05 -0.00132204 0.00184754 -0.00552372 -0.00191602 -0.0120142 -0.0163676 0.00871163 0.0293563 0.0175035 -0.0115757 -0.0167127 -0.00333879 -0.0134472 0.021983 -0.000624733 -0.00452265 -0.0115984 -0.0263374 -0.00213017 -0.0050322 0.00186798 0.0103685 -0.00826348 0.0196098 0.0306561 -0.00153516 -0.0133995 0.0173119 0.00212656
internal_weight=1771.06 850.808 330.844 135.3 110.195 56.505 53.4272 53.6901 16.7196 14.0368 47.7899 6.7295 519.964 55.5301 5.68879 36.9705 33.9629 27.3759 15.0992 464.434 285.482 148.425 74.6062 24.7355 49.8707 32.7577 17.1129 14.0315 23.2186 20.9652
internal_count=12000 6076 2365 1009 812 410 392 402 139 99 339 51 3711 485 48 263 244 198 114 3226 1952 935 484 164 320 189 131 94 140 139
cat_boundaries=0 1 2
cat_threshold=2 2
is_linear=0
shrinkage=0.05


Tree=111
num_leaves=31
num_cat=3
split_feature=22 14 3 16 4 4 4 16 0 6 3 2 10 1 16 23 11 0 2 7 1 16 15 2 0 9 5 18 10 0
split_gain=1.07096 1.36728 2.53355 3.61104 2.30959 3.68501 3.27031 5.96056 2.57632 2.4171 3.32055 2.64342 3.42317 2.57003 2.05867 1.66769 2.14128 4.95851 1.89276 1.90794 1.77194 3.01796 2.91256 2.45443 1.98279 1.65982 1.41643 1.46486 1.38827 1.51824
threshold=0.41000000000000009 0.13968248507980194 0.17612561835471538 0.0042863578382014737 1006.6952727745996 816.22268043011479 940.32072775153631 0.011525022134245435 17.500000000000004 9.5000000000000018 0.12480249204972572 0.085847737564437629 151035.99344303037 0 0.0094617548977500559 0.81500000000000017 39316.269857363928 39.500000000000007 0.18848476001950157 1 2 0.026578976210413909 0.14836210768294925 0.17777797584678054 32.500000000000007 95.500000000000014 349000.00000000006 0.029783793087937414 3281.6152121659675 26.500000000000004
decision_type=2 2 2 2 2 2 2 2 2 2 2 2 2 1 2 2 2 2 2 1 1 2 2 2 2 2 2 2 2 2
left_child=1 28 4 -4 5 9 7 -7 -6 11 -11 12 -3 -12 -8 16 20 18 19 -18 22 23 -13 25 -24 -22 27 -10 29 -1
right_child=-2 2 3 -5 8 6 14 -9 26 10 13 15 -14 -15 -16 -17 17 -19 -20 -21 21 -23 24 -25 -26 -27 -28 -29 -30 -31
leaf_value=0.0067446865191621592 0.0035392640527676178 0.012617844824071803 0.022176445606860797 -0.049384218143738057 0.025320492067424934 0.0043664396188463992 0.025934272687760232 0.098569926605908992 -0.0099104890367991069 -0.047160566690471528 0.037111812010580655 -0.023766624409963927 -0.053129349536861895 -0.02238890589221422 -0.026774768647525454 0.0338577807362411 -0.017068495512713066 -0.04445879170595976 0.051323950923571553 0.04007435757991791 0.013424473426584005 0.031309267641812681 0.06038161459471058 -0.047566564144619683 -0.00017547626724823508 -0.032570148309790249 -0.0064190765832243092 -0.051119754284311383 2.4553751145216709e-05 -0.057783918783603998
leaf_weight=1.5794196793576696 187.80273045203649 3.3678925335407239 2.3753668963909131 6.8369447661098093 2.6979201023932573 3.5911625721491856 3.8096277201548219 3.1538491696119308 3.1063825637102109 7.1580971654038859 2.91918034106493 3.6033785156905651 4.8033427584450692 4.7971708651166409 3.6059355346951634 4.470397487981244 2.9622905999422073 2.6534322649240485 5.8599963982123882 2.8818908962421101 4.5353999137878436 2.8230237960815421 3.1103084983769804 6.6600616953801364 2.3907104730606079 3.4562988840043545 5.193735070526599 7.0522541254758835 1469.1556596235605 2.1556475088000298
leaf_count=31 916 24 16 62 28 32 27 15 30 57 19 24 37 42 28 26 16 17 49 30 31 13 31 56 20 30 36 43 10194 20
internal_value=-3.06409e-05 -0.000454227 -0.00583475 -0.0309325 -0.00353791 2.20373e-06 0.0232199 0.0484143 -0.0197405 -0.00480075 -0.0226326 0.000149728 -0.0260307 0.000120869 0.000303663 0.00486102 0.0016945 0.0172534 0.0312441 0.0111099 -0.00671016 -0.0160286 0.0111755 -0.0251494 0.0340639 -0.00646756 -0.0276592 -0.0385185 -5.28456e-05 -0.0304972
internal_weight=1770.57 1582.77 109.876 9.21231 100.664 82.6134 14.1606 6.74501 18.0503 68.4529 14.8744 53.5784 8.17124 7.71635 7.41556 45.4072 40.9368 14.3576 11.7042 5.84418 26.5792 17.4748 9.1044 14.6518 5.50102 7.9917 15.3524 10.1586 1472.89 3.73507
internal_count=12000 11084 839 78 761 624 102 47 137 522 118 404 61 61 55 343 317 112 95 46 205 130 75 117 51 61 109 73 10245 51
cat_boundaries=0 1 2 3
cat_threshold=1 2 2
is_linear=0
shrinkage=0.05


Tree=112
num_leaves=31
num_cat=1
split_feature=8 6 2 3 19 3 3 3 2 4 6 2 2 19 10 8 2 2 4 11 20 13 7 18 0 3 12 12 9 24
split_gain=1.07547 2.15204 3.8186 2.21593 1.51953 3.44723 1.78316 3.38532 2.84608 2.2537 2.05302 4.18339 1.90472 2.16211 1.60937 1.45027 2.19276 2.07389 1.77308 5.29878 6.33833 4.88769 2.55405 2.25668 2.22817 4.78713 8.85417 5.6326 3.60891 3.25028
threshold=4.9500000000000011 11.500000000000002 0.18848476001950157 0.082164815648014936 0.048145935752673105 0.17722212318487102 0.082164815648014936 0.098553200701262847 0.2063073180374517 742.37214771362528 35.500000000000007 0.26164371841699391 0.18603814611676786 0.049541522859285127 118842.53190495301 4.4500000000000011 0.053041780865135453 0.29542893546365173 114.05531082463025 7074.5216600742533 4.6289811023289289 0.10262259214116932 0 0.034985639662642946 15.500000000000002 0.057519742718084611 0.10276737264230672 0.083015958155467959 60.000000000000007 1.0000000180025095e-35
decision_type=2 2 2 2 2 2 2 2 2 2 2 2 2 2 2 2 2 2 2 2 2 2 1 2 2 2 2 2 2 2
left_child=4 2 3 -2 15 6 8 -8 9 -6 11 12 14 -14 -9 18 -17 -18 19 -1 22 -22 -21 -24 25 26 27 -20 -28 -27
right_child=1 -3 -4 -5 5 -7 7 10 -10 -11 -12 -13 13 -15 -16 16 17 -19 24 20 21 -23 23 -25 -26 29 28 -29 -30 -31
leaf_value=0.050434558109600625 0.034334630974051469 0.015782988013350385 -0.055171249212770147 -0.023872329966405662 0.019809456371061213 -0.030143727353682453 -0.038367548228776811 -0.0098613896673468895 0.037932069900130622 -0.014847901079365948 -0.023897287829054065 0.063216673684207372 0.0080259283078416583 -0.039569527655126911 0.024694426174397047 -0.028900848560644038 0.0021050977558317694 0.035705599239558593 0.014076269401971708 0.0015082378121877976 0.069859135254716848 0.0063873521173013863 -0.042280000756052927 0.0041211110184805472 -0.00091785474290531827 -0.027253354197455643 0.043033473077455114 0.10615134155777742 -0.026069867123372843 -0.0058595080102492331
leaf_weight=6.4346311846747986 2.8950763866305369 4.7764397561550131 5.3874378909822553 3.7570425695739686 12.904369693249466 5.8070714964997014 4.4331136408727607 4.5483532783109792 12.002529009943826 7.3696682355366638 4.4196101902052751 3.5980406589806071 5.7397984538692963 4.0837325265165418 12.998988336417822 5.650691606104373 478.31554291490465 4.636869713664054 3.3398887487128404 17.309147767489776 4.9888122070115042 7.7369051172863692 8.6457267880905437 3.7598148309625676 1046.2155282023596 30.535383594688028 2.3607806086074552 3.3042250436265022 9.4618989187292737 42.412048964528367
leaf_count=35 19 27 47 30 62 32 23 27 56 37 24 24 28 24 68 36 2840 25 32 136 26 43 70 23 7085 497 34 21 81 488
internal_value=-3.04778e-05 -0.012615 -0.0238812 0.00145999 9.02405e-05 0.00691629 0.00990125 0.00282201 0.0186354 0.00721141 0.00798182 0.0125313 0.00586848 -0.0117599 0.0157374 -0.000227223 0.00206538 0.0024277 -0.00117132 0.00815385 0.00174343 0.0312699 -0.0109017 -0.028217 -0.00157195 -0.00905791 0.0136831 0.0598667 -0.0122711 -0.0148149
internal_weight=1769.83 16.816 12.0396 6.65212 1753.01 77.9053 72.0982 39.8216 32.2766 20.274 35.3885 30.9689 27.3709 9.82353 17.5473 1675.11 488.603 482.952 1186.5 48.875 42.4404 12.7257 29.7147 12.4055 1137.63 91.4142 18.4668 6.64411 11.8227 72.9474
internal_count=12000 123 96 49 11877 405 373 218 155 99 195 171 147 52 95 11472 2901 2865 8571 333 298 69 229 93 8238 1153 168 53 115 985
cat_boundaries=0 1
cat_threshold=2
is_linear=0
shrinkage=0.05


Tree=113
num_leaves=31
num_cat=2
split_feature=16 3 8 3 19 19 20 11 6 8 11 1 24 10 3 4 0 3 4 1 12 24 6 11 14 6 6 24 15 11
split_gain=1.03571 2.0141 2.92475 3.7817 2.50329 3.91727 2.97113 3.23986 2.91986 3.22764 4.00504 2.22749 2.23258 1.84956 2.02922 1.92606 2.77227 3.159 2.22658 1.81379 1.60301 1.49457 1.42973 3.52663 2.73281 4.24882 4.34763 4.43763 4.02414 3.69192
threshold=0.014652335858349528 0.17612561835471538 3.2500000000000004 0.1887389063231146 0.049061081391697667 0.044454446584312877 4.5986040949059968 32514.037492053463 16.500000000000004 4.3500000000000005 41602.734090757855 0 1.0000000180025095e-35 31172.04014059262 0.15560567644931247 936.70480484148879 29.500000000000004 0.064366389997821752 1039.2732723019035 1 0.13557347140561923 1.0000000180025095e-35 18.000000000000004 46477.803030455012 0.065811329725127363 37.500000000000007 32.500000000000007 1.0000000180025095e-35 0.12957031959091286 34549.042565012169
decision_type=2 2 2 2 2 2 2 2 2 2 2 1 2 2 2 2 2 2 2 1 2 2 2 2 2 2 2 2 2 2
left_child=1 13 3 -3 5 6 7 -4 9 10 -9 -11 -13 14 15 16 19 -18 -17 -1 -10 -21 -2 24 25 26 27 -24 -26 -30
right_child=22 2 4 -5 -6 -7 -8 8 20 11 -12 12 -14 -15 -16 18 17 -19 -20 21 -22 -23 23 -25 28 -27 -28 -29 29 -31
leaf_value=0.062409836555891308 0.0018755287685803428 -0.019097382926859609 -0.023182038846435951 0.053323560128706961 -0.064575579350902537 0.035121573639153546 -0.043643930530373118 0.046645031839890702 -0.058776356078075145 0.069674985901076 -0.043217603511407875 0.049039609529573189 -0.01497207760370111 -0.0013082493908112343 -0.017716049049960936 -0.044308001553415813 0.026629482142260266 -0.018869747584211994 0.017558006202365209 0.043171025407784967 0.00017869345473432136 -0.00018020422993038224 0.033006147299809753 0.004202120887766031 -0.023826074330957812 -0.016400094708544376 0.062251647400292424 -0.029680824547288317 0.015324324187773375 -0.034448379567480952
leaf_weight=4.5903941306751239 840.46683763875626 3.3547530206851652 22.127613546326756 3.8960560995619744 2.3392415626440188 4.1159542680252335 7.9472903036512426 1.8613333785906458 2.3184241428971282 3.0821467265486699 3.7138262251392007 2.6789062563329935 2.771296113030985 642.07551628223155 5.7139607400167725 2.7527214610017827 8.295334614813326 7.0630755200982085 3.0835051785688847 4.2669797504786402 2.2937569245696068 3.7227612913120538 6.1402346342802065 88.637309315032326 44.721860396675766 15.101975265424697 4.4995286986231795 5.22596275806427 15.173437966266649 4.9382709190249434
leaf_count=31 5123 30 191 36 18 28 83 15 20 17 47 20 23 5001 41 27 50 43 30 35 20 25 35 466 286 90 23 29 82 35
internal_value=-3.01386e-05 -0.00145007 -0.0100405 0.0198164 -0.0139589 -0.011721 -0.0156723 -0.0102301 0.00507966 0.0163706 -0.0132159 0.0357028 0.0164912 -0.000662306 0.00984054 0.0145025 0.0199598 0.00570515 -0.0116218 0.0373625 -0.0294565 0.0229718 0.00100071 -0.00298577 -0.00963615 0.00258282 0.0206519 0.00418386 -0.0154725 0.00310303
internal_weight=1768.97 744.065 62.5006 7.25081 55.2498 52.9105 48.7946 40.8473 18.7197 14.1075 5.57516 8.53235 5.4502 681.564 39.4887 33.7748 27.9385 15.3584 5.83623 12.5801 4.61218 7.98974 1024.91 184.439 95.8013 30.9677 15.8657 11.3662 64.8336 20.1117
internal_count=12000 5831 548 66 482 464 436 353 162 122 62 60 43 5283 282 241 184 93 57 91 40 60 6169 1046 580 177 87 64 403 117
cat_boundaries=0 1 2
cat_threshold=1 1
is_linear=0
shrinkage=0.05


Tree=114
num_leaves=31
num_cat=3
split_feature=24 3 4 15 18 4 9 3 9 18 20 11 12 3 1 14 2 15 9 4 9 1 3 9 16 19 3 3 9 1
split_gain=1.02838 2.16899 2.04387 4.87633 8.15278 2.95408 5.7667 4.53055 3.43596 2.46911 2.99123 2.71076 1.98841 4.16116 3.21211 1.93096 4.18481 1.82854 1.78528 1.89307 5.29961 6.9757 6.99968 5.21779 4.00137 3.96651 5.09187 2.88316 2.33966 5.33546
threshold=1.0000000180025095e-35 0.027765004170280966 1180.0318248663252 0.10558189391131964 0.03457915991822625 1126.1350716132135 156.50000000000003 0.15695561252137283 71.000000000000014 0.016180546196651911 4.5429296959222647 31358.895965007341 0.24639396456256923 0.066732623478464453 0 0.1480119648045943 0.18298498710196337 0.074494998810210836 1.0000000180025095e-35 933.4647022011153 155.50000000000003 1 0.059278329594451146 160.50000000000003 0.012862515486230514 0.0086348028633278142 0.1145882884546445 0.072193744419437184 57.500000000000007 2
decision_type=2 2 2 2 2 2 2 2 2 2 2 2 2 2 1 2 2 2 2 2 2 1 2 2 2 2 2 2 2 1
left_child=12 17 5 4 -4 -3 7 9 -9 -7 11 -11 15 -14 -15 18 -17 -2 -1 -20 25 24 -23 -24 -22 26 27 -21 29 -27
right_child=1 2 3 -5 -6 6 -8 8 -10 10 -12 -13 13 14 -16 16 -18 -19 19 20 21 22 23 -25 -26 28 -28 -29 -30 -31
leaf_value=0.029601975158283361 0.046326890864428046 0.00070574358769786259 -0.043376034659215607 -0.058082404124534061 0.065592169358151597 -0.068105366689665089 0.07095551078316284 0.069815220697042532 0.0028099328553406887 -0.017137471942254467 -0.052854352653643848 0.065395357696243286 -0.063053025138091121 -0.036575835013614062 0.022902867904145998 0.054083304366178225 -0.017712138318469121 0.0042375942884371205 -0.002790821955448464 0.020994878300404862 0.10189291616015528 0.0521847717054926 0.028605011846521762 -0.021736679534952376 0.029907584146972317 0.024044108006428352 -0.017829282579130162 0.087032921051419881 -0.0078800234179861074 -0.0062646096385360495
leaf_weight=4.6716956868767729 4.8358658999204618 877.21244679845404 3.6963730081915838 4.8788639754056931 3.2046912312507629 2.0132308078464138 4.3619299135170868 3.5249697491526595 4.1844102144241333 2.1496812319383025 2.0803775892127305 1.8520446326583622 4.0074034556746474 3.9183603236451745 5.3955168388783914 4.6970352143980545 3.5740452285390347 5.5329261273145676 614.49707285501063 3.1840249246451986 3.4552670940756798 7.0731927047017988 7.7813539474736926 15.204991105478255 4.3744972944259644 22.495644958107732 3.7204593825154006 3.4368348785210401 96.512966151698492 40.956955609377474
leaf_count=26 23 5631 28 36 16 23 27 18 23 26 24 16 33 39 42 32 25 33 4392 27 20 42 47 113 25 147 30 26 721 289
internal_value=-3.00988e-05 0.00112843 0.000869092 -0.0198225 0.00722623 0.00114071 0.020061 0.0060147 0.0334468 -0.0201096 -0.00422255 0.0210597 -0.00128493 -0.0204502 -0.0021199 -0.000979405 0.0230595 0.0238675 -0.00121972 -0.00139474 0.00272583 0.0196385 0.00868918 -0.00469497 0.0616746 -0.00103685 0.0289743 0.0552747 -0.00297699 0.00448064
internal_weight=1768.49 919.528 909.159 11.7799 6.90106 897.379 20.1666 15.8047 7.70938 8.09533 6.0821 4.00173 848.957 13.3213 9.31388 835.636 8.27108 10.3688 827.365 822.693 208.196 37.8893 30.0595 22.9863 7.82976 170.307 10.3413 6.62086 159.966 63.4526
internal_count=12000 5924 5868 80 44 5788 157 130 41 89 66 42 6076 114 81 5962 57 56 5905 5879 1487 247 202 160 45 1240 83 53 1157 436
cat_boundaries=0 1 2 3
cat_threshold=2 4 1
is_linear=0
shrinkage=0.05


Tree=115
num_leaves=31
num_cat=0
split_feature=22 3 16 15 18 2 2 17 15 11 10 4 18 20 15 22 14 0 11 14 14 13 15 19 12 6 14 9 9 3
split_gain=1.03003 1.30155 2.8523 2.92539 2.61623 2.41967 3.38235 1.94776 2.19298 2.61174 4.15782 2.56762 3.62849 2.09415 1.76884 2.42438 2.02162 1.98579 3.66558 1.84777 1.80806 2.17876 2.50847 1.97464 1.96437 2.325 2.95024 1.7484 1.62906 2.64812
threshold=0.41000000000000009 0.10033896797237744 0.007447326236067464 0.046868805906417385 0.032968095337932511 0.28196469292898313 0.27759631964528492 0.025894169934346258 0.14188808194497002 28396.183696997407 80765.167412234208 330.49200778766641 0.035793415275496059 4.3550835603631981 0.13320920023262675 0.80500000000000016 0.1277746792600899 16.500000000000004 44053.639499280587 0.10918038297439231 0.090833761562211054 0.21829003686125448 0.064915964869744311 0.020110539068389808 0.19905279457101105 5.5000000000000009 0.035857497256303265 159.50000000000003 78.500000000000014 0.05433839672640374
decision_type=2 2 2 2 2 2 2 2 2 2 2 2 2 2 2 2 2 2 2 2 2 2 2 2 2 2 2 2 2 2
left_child=-1 2 27 4 -4 6 14 8 9 10 -5 -11 -13 -12 16 -16 17 18 -3 20 21 22 24 -24 25 26 -19 28 -2 -30
right_child=1 5 3 7 -6 -7 -8 -9 -10 11 13 12 -14 -15 15 -17 -18 19 -20 -21 -22 -23 23 -25 -26 -27 -28 -29 29 -31
leaf_value=-0.00044569160308717245 -0.0041640264002273638 0.068848639676575549 0.0061101066267997351 0.022473012208025167 0.051484903873805998 -0.021602095429685057 0.052655104882722792 -0.029202851262669069 0.025653017099456606 0.030418088303521662 -0.056257428423713077 0.0078218750137881536 -0.043024302500950531 -0.013076777721789376 0.0039585506282594921 0.048315197769248495 -0.029023929596234111 -0.010124294554656734 -0.0091449059670100936 0.022639269269892053 -0.022498378946054297 0.036260492051307616 -0.0049351295995202667 0.033816661906452251 -0.029996710121437543 -0.022196466194249021 0.044165555207576451 0.0096496195058865843 -0.073235061838558102 -0.018784290425026495
leaf_weight=1580.4331560141873 5.7211507803294834 3.3577873043250284 7.486007266212253 4.3861671471968284 5.5187150463461876 6.6094519644975653 4.3687527477741233 5.4864829285070291 8.3303501904010755 8.1169880502857286 5.6851152544841153 17.164586866740141 4.410253018140792 5.5478617609478533 6.4916841720696521 5.8624286574777216 4.2262172645423552 5.2971501052379661 2.7323772824602202 10.857745900284497 7.6438298821449271 4.6381448209285727 5.7128923684358579 7.7426723390817642 7.9181986451148978 6.8883564770221701 4.7431076020002365 4.6180612933821967 3.4226962924003583 6.4234421424334869
leaf_count=11084 26 28 36 24 32 39 22 26 38 40 26 78 19 25 30 31 20 22 29 49 33 21 24 38 34 30 24 20 16 36
internal_value=-3.00871e-05 0.00347474 -0.000754203 0.00389499 0.0253655 0.00758037 0.00976026 -0.000827286 0.00207499 -0.00225979 -0.0188107 0.0064467 -0.00257192 -0.0349309 0.00753233 0.0250072 0.00452381 0.00662325 0.0338565 0.00392388 -9.33077e-05 0.00389501 -2.42162e-05 0.0173636 -0.00944045 0.000174551 0.0155227 -0.0173681 -0.025383 -0.0377124
internal_weight=1767.84 187.409 92.3179 72.1325 13.0047 95.0908 88.4813 59.1278 53.6413 45.311 15.6191 29.6918 21.5748 11.233 84.1126 12.3541 71.7585 67.5323 6.09016 61.4421 50.5844 42.9405 38.3024 13.4556 24.8468 16.9286 10.0403 20.1854 15.5673 9.84614
internal_count=12000 916 442 344 68 474 435 276 250 212 75 137 97 51 413 61 352 332 57 275 226 193 172 62 110 76 46 98 78 52
is_linear=0
shrinkage=0.05


Tree=116
num_leaves=31
num_cat=1
split_feature=18 18 3 2 12 12 0 8 2 14 13 0 22 3 8 20 1 10 4 3 14 4 4 9 16 9 22 17 16 16
split_gain=0.982303 2.09469 3.04606 1.89901 6.0128 2.80232 3.35706 2.80617 5.50531 3.93002 3.69201 3.31263 2.41101 2.40955 3.93342 2.40741 2.67636 2.45982 2.23967 2.18532 2.12902 2.10558 3.09179 2.60232 5.88668 2.88724 2.55718 2.29492 3.33062 3.14901
threshold=0.027129156783076216 0.027317529002241988 0.10773532817250896 0.069819852379753064 0.1930765750593445 0.14577800021340287 41.500000000000007 4.1500000000000012 0.057851426901794685 0.090833761562211054 0.090463292648874538 26.500000000000004 0.41000000000000009 0.14248883256137576 3.8500000000000001 4.2579712641539649 0 93879.128694165542 1077.2027690103353 0.16351159454706801 0.058876509973266426 134.8189572441382 214.52421112849933 63.500000000000007 0.022232063319688352 159.50000000000003 0.41000000000000009 0.0089631582584747092 0.012241995428011621 0.015530580589882874
decision_type=2 2 2 2 2 2 2 2 2 2 2 2 2 2 2 2 1 2 2 2 2 2 2 2 2 2 2 2 2 2
left_child=3 2 -2 4 5 6 7 8 9 -1 -10 20 15 -7 19 17 -17 -6 -16 -15 -9 27 23 24 26 -25 -23 -5 -29 -30
right_child=1 -3 -4 21 12 13 -8 11 10 -11 -12 -13 -14 14 18 16 -18 -19 -20 -21 -22 22 -24 25 -26 -27 -28 28 29 -31
leaf_value=-0.019298268118165623 0.048071466007147505 0.00081937575553787652 -0.004732294444240003 -0.011359178310834266 -0.038572172508125384 0.0085362699129612248 0.047487201839438692 0.084520044653103976 -0.0010469862525030284 0.058614925157595733 -0.066463173356783034 -0.0090870129563614035 0.025049492635718557 0.046977031665709303 0.046418049945396167 -0.00090368330783002825 -0.060386473605135271 0.025773944493011115 0.10537460106036063 -0.021403469922003437 0.021256985186807284 -0.041364095377005673 -0.0020772912605160647 -0.0437978979618232 0.051865398299042548 0.0066190329745692451 0.01804022334308944 0.045300824353590133 -0.031891486588421704 0.012141814475975388
leaf_weight=3.1247125451918754 5.7113718539476377 930.91074405284598 5.2341237962245941 12.996821281150913 2.5902838204056051 7.2803857848048237 4.2836786173284045 2.1891683847643417 3.6680124986451101 3.3576622484251857 5.2356411055661738 5.3105197288095951 2.7338767016772172 2.1752177225425822 4.0497439946047962 2.7080397792160511 6.2681224058615026 3.4815179370343685 2.6748462978284806 2.5242897600401193 3.3881902026478201 6.1679104786599073 671.30205587483943 12.351720576174559 3.626912339590489 3.6874345357064149 2.5649845560546964 6.601202154532074 4.6141002234071484 33.825374818756245
leaf_count=22 28 5497 31 162 24 48 30 17 35 21 45 36 15 19 30 25 64 31 20 26 31 86 5066 152 37 37 12 64 60 229
internal_value=-2.82484e-05 0.00107506 0.0228208 -0.00128816 0.00677758 0.0157738 0.00644371 -0.000247985 -0.0139939 0.0210583 -0.0395139 0.0191768 -0.0181452 0.0310164 0.0453426 -0.0259927 -0.042441 -0.00167667 0.0698693 0.0102472 0.0460884 -0.00200181 -0.0027609 -0.0189203 -0.0016785 -0.0322069 -0.0239161 0.00714982 0.0124907 0.00685626
internal_weight=1766.64 941.856 10.9455 824.782 67.0439 49.2621 30.5576 26.2739 15.386 6.48237 8.90365 10.8879 17.7818 18.7045 11.4241 15.048 8.97616 6.0718 6.72459 4.69951 5.57736 757.739 699.701 28.399 12.3598 16.0392 8.7329 58.0375 45.0407 38.4395
internal_count=12000 5556 59 6444 539 380 237 207 123 43 80 84 159 143 95 144 89 55 50 45 48 5905 5390 324 135 189 98 515 353 289
cat_boundaries=0 1
cat_threshold=2
is_linear=0
shrinkage=0.05


Tree=117
num_leaves=31
num_cat=0
split_feature=23 13 3 14 3 18 4 10 16 19 22 14 9 3 17 2 2 13 12 3 17 20 6 20 18 20 16 3 0 2
split_gain=0.967757 2.09939 2.18828 3.33374 1.88631 2.17943 3.04892 4.37102 3.73445 1.89807 1.88626 2.30509 2.20377 3.64344 4.62119 3.60812 2.5924 2.47466 2.69885 3.26814 5.54478 3.34735 2.69384 2.47107 2.4646 2.14412 2.14092 2.04775 2.03659 4.92712
threshold=0.41500000000000009 0.077387891037853138 0.083222235829224708 0.085505290061730868 0.19214691374356499 0.047658641924333868 1044.0867084746378 409165.68201407423 0.019672608981063336 0.032962983397640463 0.41000000000000009 0.081688638723414794 125.00000000000001 0.15355696049746415 0.02129074249695297 0.072108419275356925 0.25636782297488264 0.09443199504204762 0.11670987345338515 0.082164815648014936 0.018937200306992932 3.7429160574449143 18.000000000000004 3.834574480603147 0.032826982304673923 4.467614230028917 0.0091095823442348487 0.057519742718084611 21.500000000000004 0.18298498710196337
decision_type=2 2 2 2 2 2 2 2 2 2 2 2 2 2 2 2 2 2 2 2 2 2 2 2 2 2 2 2 2 2
left_child=-1 2 3 -2 5 6 10 9 -9 -8 12 26 15 16 -15 -3 28 -17 27 20 22 -21 25 -22 -25 -20 -12 -19 29 -14
right_child=1 4 -4 -5 -6 -7 7 8 -10 -11 11 -13 13 14 -16 17 -18 18 19 21 23 -23 -24 24 -26 -27 -28 -29 -30 -31
leaf_value=-0.00045724289845603918 -0.028950796599954309 -0.034540876038343347 -0.030059815059531331 0.036619329894950925 0.031372658207731878 -0.021194847803385725 -0.023108913408508097 0.047773324770123547 -0.02095123657775232 -0.071744462774759113 0.010922561037680417 0.0055625576349669888 -0.0029279505987182212 -0.053623062449032421 0.020898986337794512 0.027768441854946459 -0.011110188110407031 0.0086734336722363841 -0.021145368442465583 0.049309742251544303 -0.063069975634566497 0.0082707446778349757 0.03926218782513842 -0.037472421450172828 0.010578406147593988 0.017021177152689679 0.065544899809399912 -0.037471805241475718 0.019090779435654709 0.076312282170570539
leaf_weight=1557.027311918675 3.6473696816246983 6.601066682022064 9.2690515666035918 4.1373715177178383 6.3887985087931147 8.3679136335849744 6.8424444848205912 3.8771579759195438 4.0327327400445938 2.838144683977589 2.99319789931178 8.4751768771093321 3.0576293638441729 4.0266550234518927 4.3037271993234754 9.590325170545837 5.167803506134077 3.5853084772825223 6.9438860095106083 5.9061833973973981 4.0239475369453421 31.305075427750126 5.8122728765010825 6.3409450936596823 4.6078344732522964 7.8281947097275406 4.477246830239892 7.2977300556376576 21.774727754294872 5.4734266186133027
leaf_count=10786 28 47 77 24 38 39 53 21 20 19 16 43 22 23 22 53 31 15 40 31 23 180 29 35 19 49 30 48 101 38
internal_value=-2.84245e-05 0.00316633 -0.0136458 0.00589789 0.00466008 0.00374033 0.00491795 -0.0148381 0.0127352 -0.0373678 0.00709549 0.0234107 0.00528441 0.0146343 -0.0151227 0.00118233 0.0216222 0.00371137 0.000953311 0.00442649 -0.00641337 0.0147845 0.0104262 -0.0295642 -0.0172501 -0.000919704 0.0436593 -0.0222697 0.0272038 0.0479117
internal_weight=1766.02 208.993 17.0538 7.78474 191.94 185.551 177.183 17.5905 7.90989 9.68059 159.592 15.9456 143.647 43.804 8.33038 99.8428 35.4736 93.2417 83.6514 72.7683 35.5571 37.2113 20.5844 14.9727 10.9488 14.7721 7.47044 10.883 30.3058 8.53106
internal_count=12000 1214 129 52 1085 1047 1008 113 41 72 895 89 806 237 45 569 192 522 469 406 195 211 118 77 54 89 46 63 161 60
is_linear=0
shrinkage=0.05


Tree=118
num_leaves=31
num_cat=0
split_feature=24 15 4 9 4 12 20 0 11 10 20 17 18 4 2 2 15 0 3 14 14 4 10 4 20 18 18 20 3 17
split_gain=0.938671 1.94764 4.45922 2.83027 6.03781 5.63516 3.82335 4.96265 3.63075 2.88449 3.1702 2.64122 3.37566 2.65281 2.61601 3.29259 2.50513 9.44249 3.17403 5.4398 5.12818 3.11939 6.13296 4.51423 3.67855 3.15537 3.13967 3.10661 3.28767 3.46749
threshold=1.0000000180025095e-35 0.1083321561621834 586.87824822299683 62.500000000000007 440.75359372210482 0.092221226424809247 4.5107994028537108 43.500000000000007 13564.004428662454 494275.39525354787 4.5986040949059968 0.024115769391407096 0.034985639662642946 442.79832212742497 0.12806333554718966 0.19250080687260318 0.1148399165411817 41.500000000000007 0.060867706294621793 0.11036072752844907 0.10918038297439231 915.82181904586957 120337.86836198909 951.57562622023431 4.6586168972552864 0.046819661641871603 0.030767771909699516 4.4798902877220508 0.16351159454706801 0.019291653829040138
decision_type=2 2 2 2 2 2 2 2 2 2 2 2 2 2 2 2 2 2 2 2 2 2 2 2 2 2 2 2 2 2
left_child=1 -1 3 11 6 -6 8 -8 -5 10 -7 12 -3 -13 -14 -16 17 18 20 -20 -4 25 26 -24 27 -18 -23 28 29 -25
right_child=-2 2 16 4 5 9 7 -9 -10 -11 -12 13 14 -15 15 -17 21 -19 19 -21 -22 22 23 24 -26 -27 -28 -29 -30 -31
leaf_value=-0.0031428808735752042 0.0010796344452100393 -0.047530304097514749 0.10671230888488553 0.016648857121385387 -0.065424707953984543 -0.0076867881697692932 0.012901895955827311 0.075210065737326748 -0.016588008863187974 0.031891604365865675 -0.061744903350388652 -0.015269376828395657 -0.035745971517190139 0.034600181224826491 0.02892972951070993 -0.030997383187199818 0.007758898976694472 -0.061793593546350327 -0.00037757025670549397 0.055618634090872157 0.024905207566846131 0.0083896200287409666 -0.034168272682649777 0.0096590217099277609 0.036606695251002665 0.045274707439635652 0.06031929753227612 -0.022349451929902602 0.044864057920782012 -0.042696180709741537
leaf_weight=517.1323521170998 918.28731997567229 10.481422192882748 3.0294767920859211 13.198636924265882 5.5021438822150257 16.204602509969853 29.127037383150309 3.5895084999501696 21.768324403790757 3.6165639618411651 3.2572417249903074 7.1585149462334794 6.42655518697575 4.2498834878206253 5.8513442215044034 3.7681470315437764 86.781545900041237 3.196473039686679 13.204411804210396 6.4585718766320488 5.2105155950412154 7.5324501725845021 14.915275565115733 11.680410360684624 5.3261661680880925 5.9917977899312964 4.7437181402929127 18.76940150745213 4.2690661922097197 4.336735174059867
leaf_count=3711 5924 114 17 84 37 118 208 19 203 23 27 46 42 23 37 28 576 27 96 59 39 56 119 94 36 27 25 132 26 27
internal_value=-2.76059e-05 -0.00122835 0.00177507 -0.00524293 -0.000684651 -0.0199547 0.00745248 0.0197381 -0.00404241 -0.00911421 -0.0167343 -0.0168098 -0.0254617 0.00330815 -0.0110462 0.00545508 0.00659387 0.0196068 0.0289318 0.0180151 0.054982 0.00413141 -0.0037112 -0.0103707 -0.00237317 0.0101819 0.0284561 -0.00768901 0.00587527 -0.00451645
internal_weight=1765.07 846.778 329.646 134.2 96.2641 28.5806 67.6835 32.7165 34.967 23.0784 19.4618 37.9359 26.5275 11.4084 16.046 9.61949 195.446 31.0994 27.903 19.663 8.23999 164.347 71.5732 59.2971 44.3818 92.7733 12.2762 39.0556 20.2862 16.0171
internal_count=12000 6076 2365 1009 719 205 514 227 287 168 145 290 221 69 107 65 1356 238 211 155 56 1118 515 434 315 603 81 279 147 121
is_linear=0
shrinkage=0.05


Tree=119
num_leaves=31
num_cat=1
split_feature=12 4 3 24 24 14 2 4 18 3 16 3 10 17 5 8 8 19 3 12 0 13 3 15 20 3 1 9 0 5
split_gain=0.933275 1.86732 1.72624 1.16266 0.978858 1.96097 4.46464 5.04879 3.43865 5.42372 4.53137 4.15158 4.46925 4.27064 3.83205 3.1615 3.69431 3.10736 3.00553 4.06541 3.68451 3.59883 3.22074 3.70144 2.77774 3.72298 2.76064 2.59417 2.68135 2.51806
threshold=0.052162913001605943 622.19353438341284 0.084346990747334108 1.0000000180025095e-35 1.0000000180025095e-35 0.12364687228056645 0.22838240328443471 227.19427404904192 0.011631694636338024 0.060867706294621793 0.0031002098211079889 0.10033896797237744 494275.39525354787 0.01616156264587899 1.0000000180025095e-35 4.4500000000000011 3.5500000000000003 0.012571630308548092 0.066732623478464453 0.17918716228686196 27.500000000000004 0.1097548101995779 0.058729024407233391 0.13377204308390495 4.4724259817452179 0.17612561835471538 0 126.50000000000001 35.500000000000007 149000.00000000003
decision_type=2 2 2 2 2 2 2 2 2 2 2 2 2 2 2 2 2 2 2 2 2 2 2 2 2 2 1 2 2 2
left_child=1 2 -1 -3 -2 -6 7 17 9 -9 -10 12 18 -13 -14 16 -8 -7 22 21 -21 -20 23 -12 -15 27 -11 -26 -29 -18
right_child=4 3 -4 -5 5 6 15 8 10 26 11 13 14 24 -16 -17 29 -19 19 20 -22 -23 -24 -25 25 -27 -28 28 -30 -31
leaf_value=0.054773069730008297 -0.0011835301092612115 -0.0055642320071860891 -0.022788003842061019 -0.05849098435935738 0.0024354213472109567 0.0073760883018138745 0.020404121981258655 -0.028844005356111688 -0.053903043569798526 0.0020400117816123573 0.035371063196110546 0.00017122972485520446 -0.051592789334985338 -0.044943426995946736 0.0046810197600545816 0.029862106244955878 -0.01970523752113133 -0.04292835682795286 0.045408085296796227 0.10313812917276283 0.02448920715457813 -0.01641594799720884 -0.038684931708299182 -0.0053998442846270034 -0.054614688266420464 0.029694313009934234 0.059380776552132614 0.026364405204943299 -0.03354867630823432 0.0109434133474443
leaf_weight=1.3448526165448123 842.5801577901002 1.6741957149934021 1.5375767827499656 2.7289997884072363 706.46198137360625 3.8952832832001176 17.532521128887311 4.0456186349038026 4.940101088024675 3.143562950193882 8.6972181848250383 25.843368344940245 5.7995879685040546 13.008931673131885 6.324005507864058 13.365897859446703 18.589438726194206 14.48703063209541 4.0646712610032392 2.853732624789699 3.1141722574830055 5.5926420465111732 4.0936587750911704 15.466601693304254 5.0892195764463413 3.7570686764083794 6.3173299331683648 3.2010172696318477 4.4825368374586105 10.479697315488009
leaf_count=19 6023 25 31 31 4419 35 120 25 40 22 52 191 43 80 42 90 133 128 27 19 21 33 29 101 28 31 47 22 25 68
internal_value=-2.80485e-05 -0.0178865 0.0133996 -0.038367 4.59942e-05 0.00117864 -0.00308616 -0.0077436 -0.00427129 0.019609 -0.00704395 -0.00496573 0.0046332 -0.0146728 -0.0222388 0.00842529 0.00227696 -0.0322687 0.0120572 0.0296542 0.0620975 0.0096052 0.00232681 0.00927472 -0.0276599 -0.0140578 0.0403282 -0.0269273 -0.00858851 -0.00865611
internal_weight=1764.51 7.28562 2.88243 4.4032 1757.23 914.647 208.185 148.217 129.835 13.5065 116.329 111.388 56.0063 55.3821 12.1236 59.9676 46.6017 18.3823 43.8827 15.6252 5.9679 9.65731 28.2575 24.1638 29.5388 16.5298 9.46089 12.7728 7.68355 29.0691
internal_count=12000 106 50 56 11894 5871 1452 1041 878 94 784 744 367 377 85 411 321 163 282 100 40 60 182 153 186 106 69 75 47 201
cat_boundaries=0 1
cat_threshold=4
is_linear=0
shrinkage=0.05


end of trees

feature_importances:
watch_time_last_7d=325
like_to_click_ratio=278
bookmark_to_click_ratio=270
series_rating=237
user_age=228
series_share_ratio=171
match_tag_click_7d_score=164
series_comment_ratio=163
series_like_ratio=143
series_wt_24h=141
days_since_last_update=133
series_wt_7d=131
series_book_ratio=129
series_share_ratio_7d=129
log_series_clicks=125
is_language_match=110
series_book_ratio_7d=105
series_comment_ratio_7d=105
match_genre_wt_score=105
days_since_last_purchase=103
is_age_appropriate=98
series_like_ratio_7d=92
total_spent_amount=52
user_gender=51
series_content_type=12

parameters:
[boosting: gbdt]
[objective: binary]
[metric: binary_logloss]
[tree_learner: serial]
[device_type: cpu]
[data_sample_strategy: bagging]
[data: ]
[valid: ]
[num_iterations: 120]
[learning_rate: 0.05]
[num_leaves: 31]
[num_threads: 0]
[seed: 42]
[deterministic: 0]
[force_col_wise: 0]
[force_row_wise: 0]
[histogram_pool_size: -1]
[max_depth: -1]
[min_data_in_leaf: 20]
[min_sum_hessian_in_leaf: 0.001]
[bagging_fraction: 1]
[pos_bagging_fraction: 1]
[neg_bagging_fraction: 1]
[bagging_freq: 0]
[bagging_seed: 400]
[bagging_by_query: 0]
[feature_fraction: 1]
[feature_fraction_bynode: 1]
[feature_fraction_seed: 30056]
[extra_trees: 0]
[extra_seed: 12879]
[early_stopping_round: 0]
[early_stopping_min_delta: 0]
[first_metric_only: 0]
[max_delta_step: 0]
[lambda_l1: 0]
[lambda_l2: 0]
[linear_lambda: 0]
[min_gain_to_split: 0]
[drop_rate: 0.1]
[max_drop: 50]
[skip_drop: 0.5]
[xgboost_dart_mode: 0]
[uniform_drop: 0]
[drop_seed: 17869]
[top_rate: 0.2]
[other_rate: 0.1]
[min_data_per_group: 100]
[max_cat_threshold: 32]
[cat_l2: 10]
[cat_smooth: 10]
[max_cat_to_onehot: 4]
[top_k: 20]
[monotone_constraints: ]
[monotone_constraints_method: basic]
[monotone_penalty: 0]
[feature_contri: ]
[forcedsplits_filename: ]
[refit_decay_rate: 0.9]
[cegb_tradeoff: 1]
[cegb_penalty_split: 0]
[cegb_penalty_feature_lazy: ]
[cegb_penalty_feature_coupled: ]
[path_smooth: 0]
[interaction_constraints: ]
[verbosity: -1]
[saved_feature_importance_type: 0]
[use_quantized_grad: 0]
[num_grad_quant_bins: 4]
[quant_train_renew_leaf: 0]
[stochastic_rounding: 1]
[linear_tree: 0]
[max_bin: 255]
[max_bin_by_feature: ]
[min_data_in_bin: 3]
[bin_construct_sample_cnt: 200000]
[data_random_seed: 175]
[is_enable_sparse: 1]
[enable_bundle: 1]
[use_missing: 1]
[zero_as_missing: 0]
[feature_pre_filter: 1]
[pre_partition: 0]
[two_round: 0]
[header: 0]
[label_column: ]
[weight_column: ]
[group_column: ]
[ignore_column: ]
[categorical_feature: 1,7]
[forcedbins_filename: ]
[precise_float_parser: 0]
[parser_config_file: ]
[objective_seed: 16083]
[num_class: 1]
[is_unbalance: 0]
[scale_pos_weight: 1]
[sigmoid: 1]
[boost_from_average: 1]
[reg_sqrt: 0]
[alpha: 0.9]
[fair_c: 1]
[poisson_max_delta_step: 0.7]
[tweedie_variance_power: 1.5]
[lambdarank_truncation_level: 30]
[lambdarank_norm: 1]
[label_gain: ]
[lambdarank_position_bias_regularization: 0]
[eval_at: ]
[multi_error_top_k: 1]
[auc_mu_weights: ]
[num_machines: 1]
[local_listen_port: 12400]
[time_out: 120]
[machine_list_filename: ]
[machines: ]
[gpu_platform_id: -1]
[gpu_device_id: -1]
[gpu_use_dp: 0]
[num_gpu: 1]

end of parameters

pandas_categorical:[["FEMALE", "MALE", "UNKNOWN"], ["COMIC", "MOVIE"]]
