tree
version=v4
num_class=1
num_tree_per_iteration=1
label_index=0
max_feature_idx=23
objective=binary sigmoid:1
feature_names=user_age user_gender like_to_click_ratio bookmark_to_click_ratio watch_time_last_7d series_content_type series_rating days_since_last_update series_wt_7d series_wt_24h series_like_ratio series_like_ratio_7d series_book_ratio series_book_ratio_7d series_share_ratio series_share_ratio_7d series_comment_ratio series_comment_ratio_7d log_series_clicks log_series_clicks_7d match_genre_wt_score match_tag_click_7d_score is_language_match is_age_appropriate
feature_infos=none -1:2:1:0 none none [0:168556] -1:1:0 none [-18:-11] [0:103676] none [0:0.076923076923076927] [0:0.0073529411764705881] none none [0:1] none [-0.16666666666666666:0.33333333333333331] [-0.1111111111111111:1] [0:2.3560258571931225] [0:2.1367205671564067] [0:1] [0:1] [0:1] none
tree_sizes=1162 1322 1512 1953 1971 2051 2066 1973 1962 2200 2192 2080 2072 2184 2195 2190 2212 2090 2185 2096 1990 2103 1986 2097 1875 2102 1989 2092 1987 2166 2154 2179 2170 2185 2176 2214 2087 2150 2209 2168 2528 2528 2170 2407 1933 2193 2202 2647 2081 2412 2424 2647 2057 2210 2059 2501 2405 2036 2168 2749 2433 2397 2742 2627 2651 2647 2545 2635 2765 2537 2763 2291 2650 2189 2636 2314 2748 2525 2979 2183 2291 2968 3169 2212 2431 2873 2527 2446 2964 2457 2984 2641 2554 3068 2413 2456 2452 2299 2871 2118 2855 2554 2678 2543 2611 2340 2628 2530 2650 2420 2108 2399 2117 2226 2522 2526 2110 2409 2496 2228

Tree=0
num_leaves=10
num_cat=2
split_feature=20 10 1 4 4 21 4 4 5
split_gain=43.2091 18.2102 6.24322 1.32931 1.96313 1.14897 0.361953 8.88178e-16 4.44089e-16
threshold=0.43028092400044726 1.0000000180025095e-35 0 16.000000000000004 23.500000000000004 0.4059229690365736 932.50000000000011 146.00000000000003 1
decision_type=2 2 1 2 2 2 2 2 1
left_child=1 2 -1 -4 -5 6 7 8 -6
right_child=-2 -3 3 4 5 -7 -8 -9 -10
leaf_value=-2.6865185474962994 -2.5199204467658722 -2.5934267205279182 -2.7965361611862036 -2.70852207023428 -2.7965361611862036 -2.7447631665086014 -2.7706496638474025 -2.7965361611862036 -2.7965361611862036
leaf_weight=1.8178907632827781 1.988318022340535 1.4770362451672543 9.6575446799397557 1.1361817270517338 1.1929908134043212 1.9315089359879491 1.9315089359879491 1.4770362451672552 1.8178907632827745
leaf_count=32 35 26 170 20 21 34 34 26 32
internal_value=-2.74332 -2.76311 -2.77507 -2.78348 -2.77018 -2.77857 -2.78875 -2.79654 -2.79654
internal_weight=24.4279 22.4396 20.9626 19.1447 9.48712 8.35094 6.41943 4.48792 3.01088
internal_count=430 395 369 337 167 147 113 79 53
cat_boundaries=0 1 2
cat_threshold=1 1
is_linear=0
shrinkage=1


Tree=1
num_leaves=11
num_cat=1
split_feature=20 10 1 4 21 4 4 20 4 20
split_gain=49.8642 17.1476 4.24424 2.23543 1.29919 0.366586 1.22341 1.98866e-05 1.43344e-06 1.47097e-06
threshold=0.51020408163265318 1.0000000180025095e-35 0 84797.000000000015 0.4059229690365736 16.000000000000004 30.500000000000004 0.29243573535608941 146.00000000000003 0.012120226491377171
decision_type=2 2 1 2 2 2 2 2 2 2
left_child=1 2 -1 4 5 7 -7 -4 -8 -10
right_child=-2 -3 3 -5 -6 6 8 -9 9 -11
leaf_value=0.035181978949201186 0.30867853555694785 0.12492762433558857 -0.053051052590704285 0.02762358649059431 -0.0044255840738942195 -0.0068752844888910064 -0.053051052590704355 -0.053265260671226847 -0.053072280601346625 -0.053151280939069706
leaf_weight=2.2552437484264392 1.2406885027885426 1.9585247635841359 8.0764040723443156 1.2373840995132912 2.0489550009369841 2.15742178633809 1.8971418961882589 1.2513815313577641 1.2542176023125651 1.1113447621464727
leaf_count=37 18 30 149 22 36 38 35 22 23 20
internal_value=-0.0001684 -0.0166508 -0.0296753 -0.0373598 -0.041878 -0.0467509 -0.0375556 -0.0530798 -0.0530834 -0.0531094
internal_weight=24.4887 23.248 21.2895 19.0343 17.7969 15.7479 6.42013 9.32779 4.2627 2.36556
internal_count=430 412 382 345 323 287 116 171 78 43
cat_boundaries=0 1
cat_threshold=1
is_linear=0
shrinkage=0.05


Tree=2
num_leaves=13
num_cat=3
split_feature=20 10 1 4 21 4 4 20 8 1 20 5
split_gain=34.9441 14.4508 3.94493 2.11517 1.27617 0.374566 2.94917 1.70006e-05 4.92578e-06 2.63006e-06 9.42357e-13 1.77636e-15
threshold=0.51020408163265318 1.0000000180025095e-35 0 84797.000000000015 0.4059229690365736 16.000000000000004 23.500000000000004 0.29243573535608941 12.500000000000002 1 0.038849825644543541 2
decision_type=2 2 1 2 2 2 2 2 2 1 2 1
left_child=1 2 -1 4 5 7 -7 11 9 -8 -11 -4
right_child=-2 -3 3 -5 -6 6 8 -9 -10 10 -12 -13
leaf_value=0.032392450916050218 0.22543699987684898 0.10640043280504428 -0.052893409722386313 0.025596783981784291 -0.0042211210911382501 0.03709523381345875 -0.052974756407510384 -0.053096167316872181 -0.053050745703881942 -0.052893390445534552 -0.052893322944562698 -0.052893409722386056
leaf_weight=2.3250957503914851 1.6019068211317051 2.1782227754592887 5.0158969461917877 1.2677772194147099 2.0410010404884806 1.1061436720192421 1.9074839055538177 1.1940459907054899 1.1291280128061769 1.0341996997594836 1.0341778621077535 2.688934445381177
leaf_count=37 18 30 97 22 36 19 36 22 21 20 20 52
internal_value=-0.000334784 -0.0161128 -0.0289774 -0.0367244 -0.0413311 -0.0463437 -0.0369209 -0.0529206 -0.0529586 -0.0529324 -0.0528934 -0.0528934
internal_weight=24.524 22.9221 20.7439 18.4188 17.151 15.11 6.21113 8.89888 5.10499 3.97586 2.06838 7.70483
internal_count=430 412 382 345 323 287 116 171 97 76 40 149
cat_boundaries=0 1 2 3
cat_threshold=1 4 2
is_linear=0
shrinkage=0.05


Tree=3
num_leaves=17
num_cat=3
split_feature=20 10 18 20 1 21 7 20 20 20 1 18 1 18 18 7
split_gain=26.5952 16.1324 3.87983 5.31847 3.74245 6.18595 1.57791 0.558014 0.963992 3.76814e-05 1.15581e-05 1.06421e-05 8.11328e-06 3.3012e-06 1.90766e-07 1.03922e-07
threshold=0.51020408163265318 0.040673927842069448 0.87409401350310023 0.0089548384798945769 0 0.0050167224080267568 -11.499999999999998 0.059734626835027206 0.20891783567134273 0.021040734917751696 1 0.77203402217513795 2 1.2546012611655517 0.65051499783199074 -13.499999999999998
decision_type=2 2 2 2 1 2 2 2 2 2 1 2 1 2 2 2
left_child=1 2 7 6 -5 -6 12 9 -9 10 14 15 -4 -14 -1 -12
right_child=-2 -3 3 4 5 -7 -8 8 -10 -11 11 -13 13 -15 -16 -17
leaf_value=-0.052744338789224222 0.17869096682651836 0.17015213696170758 -0.052767087101553395 -0.021513755817761028 0.010509899931018862 0.16311522394386369 0.0052728151495045339 -0.0063537262773460711 -0.053255870802733786 -0.053135508319844475 -0.052848699172820812 -0.053007091968210011 -0.052881690597739311 -0.052994978283150654 -0.0527746474896729 -0.052827214748819719
leaf_weight=1.0851226449012759 1.9103862047195423 1.1115196347236622 1.0921067707240582 1.5780026651918888 1.5643370598554613 1.1538809426128862 1.6962045878171901 2.137820266187191 2.2470600754022598 1.4842136166989801 1.0150396376848272 1.5354226790368559 1.5365798994898798 1.1058452688157556 0.99540856480598439 1.2634770944714584
leaf_count=22 18 14 22 29 27 19 28 39 40 27 20 29 30 21 20 25
internal_value=-0.000448818 -0.0155902 -0.0251971 -0.00183376 0.0397344 0.0752907 -0.0347181 -0.0445155 -0.030389 -0.0529103 -0.0528536 -0.0529053 -0.0528817 -0.0529291 -0.0527588 -0.0528368
internal_weight=24.5124 22.602 21.4905 9.72696 4.29622 2.71822 5.43074 11.7636 4.38488 7.37868 5.89447 3.81394 3.73453 2.64243 2.08053 2.27852
internal_count=430 412 398 176 75 46 101 222 79 143 116 74 73 51 42 45
cat_boundaries=0 1 2 3
cat_threshold=2 2 2
is_linear=0
shrinkage=0.05


Tree=4
num_leaves=17
num_cat=2
split_feature=20 10 18 20 1 21 19 20 20 8 20 1 18 8 18 7
split_gain=21.1896 13.0684 3.72433 4.77119 3.09412 4.45769 1.56862 0.566321 0.94388 0.000579782 3.21681e-05 9.87843e-06 9.09467e-06 1.63933e-06 1.62961e-07 8.91573e-08
threshold=0.51020408163265318 0.040673927842069448 0.87409401350310023 0.0089548384798945769 0 0.0050167224080267568 1.0000000180025095e-35 0.059734626835027206 0.20891783567134273 463.50000000000006 0.021040734917751696 1 0.77203402217513795 6.0000000000000009 0.65051499783199074 -13.499999999999998
decision_type=2 2 2 2 1 2 2 2 2 2 2 1 2 2 2 2
left_child=1 2 7 6 -5 -6 -4 10 -9 13 11 14 15 -8 -1 -13
right_child=-2 -3 3 4 5 -7 9 8 -10 -11 -12 12 -14 -15 -16 -17
leaf_value=-0.052603341952001996 0.14821777385203358 0.14025007736550182 0.0049798565150705647 -0.020839587809737811 0.0098909448902117572 0.13421568922700111 -0.05274688339366479 -0.0060708779548194021 -0.053087499625442874 -0.054072181287614679 -0.052973445930460376 -0.052702151157313241 -0.052852051043595465 -0.052662976241125314 -0.052632026426784842 -0.052681775069501363
leaf_weight=1.0348973870277403 2.1799777150154105 1.2761678844690312 1.7286425158381442 1.5483659170567989 1.5787365064024927 1.3270585164427755 0.97934797406196672 2.1258653476834297 2.1440774872899055 1.122923672199249 1.41603771969676 0.96815257892013118 1.4647154137492182 1.4351615868508814 0.94936286658048641 1.2050907313823738
leaf_count=22 18 14 34 29 27 19 20 39 40 17 27 20 29 30 20 25
internal_value=-0.000566279 -0.0151079 -0.0245363 -0.00184029 0.0362492 0.0666693 -0.0340572 -0.0440451 -0.0296795 -0.0531335 -0.0527605 -0.0527068 -0.0527558 -0.052697 -0.0526171 -0.0526909
internal_weight=24.4846 22.3046 21.0284 9.72024 4.45416 2.9058 5.26608 11.3082 4.26994 3.53743 7.03826 5.62222 3.63796 2.41451 1.98426 2.17324
internal_count=430 412 398 176 75 46 101 222 79 67 143 116 74 50 42 45
cat_boundaries=0 1 2
cat_threshold=2 2
is_linear=0
shrinkage=0.05


Tree=5
num_leaves=18
num_cat=3
split_feature=20 10 20 18 8 21 7 7 18 1 1 21 1 19 4 19 18
split_gain=18.2255 8.70624 4.5306 6.00219 4.12038 2.08136 1.9271 1.53507 0.680953 0.00170367 2.50411e-05 1.72498e-05 1.19268e-05 9.67745e-06 4.45804e-06 3.97536e-07 2.87295e-11
threshold=0.79784914983287314 0.040673927842069448 0.0089548384798945769 0.87409401350310023 6.0000000000000009 0.4059229690365736 -11.499999999999998 -13.499999999999998 0.77203402217513795 0 1 0.24944444444444447 2 0.38907562519182187 16.000000000000004 1.0000000180025095e-35 0.95154499349597188
decision_type=2 2 2 2 2 2 2 2 2 1 1 2 1 2 2 2 2
left_child=1 2 6 5 -5 8 11 -6 9 -4 -11 12 14 -14 15 -1 -17
right_child=-2 -3 3 4 7 -7 -8 -9 -10 10 -12 -13 13 -15 -16 16 -18
leaf_value=-0.052505952628161302 0.18861114851651642 0.10362258178900306 -0.055058911418555692 0.11307408431315802 -0.022229716388412188 0.029432532872939655 0.0060394087595192327 0.043140449904308736 -0.0093182040233416186 -0.052844953647685204 -0.052542852428380471 -0.052766625331432497 -0.052567967816934992 -0.052760306025986671 -0.052588307172401608 -0.0524691547264374 -0.052468777302211361
leaf_weight=1.1355867236852648 1.2090505063533772 1.5587785691022862 1.075453586876391 1.4897777922451494 1.6036078482866285 1.2023370154201982 1.6770779043436093 2.0411944389343266 1.1251438073813913 1.8130203001201153 1.1034088805317879 1.2347537763416765 1.568568732589487 1.1216339692473409 1.4463176056742666 1.0314264521002772 0.98644400015473355
leaf_count=25 9 15 15 22 28 21 28 29 20 36 24 25 34 23 31 23 22
internal_value=-0.000650351 -0.0105074 -0.0187225 0.00286107 0.0430153 -0.0297649 -0.0429551 0.0143795 -0.0436744 -0.0533579 -0.0527307 -0.0525938 -0.0525645 -0.0526482 -0.0525156 -0.0524823 -0.052469
internal_weight=24.4236 23.2145 21.6558 11.4539 5.13458 6.31936 10.2018 3.6448 5.11703 3.99188 2.91643 8.52473 7.28998 2.6902 4.59977 3.15346 2.01787
internal_count=430 421 406 195 79 116 211 57 95 75 60 183 158 57 101 70 45
cat_boundaries=0 1 2 3
cat_threshold=1 4 4
is_linear=0
shrinkage=0.05


Tree=6
num_leaves=18
num_cat=3
split_feature=20 10 18 20 1 21 19 20 1 8 20 1 18 8 20 18 18
split_gain=14.8019 9.43256 3.42244 3.84002 2.459 3.19819 1.53888 0.586245 0.961989 0.000575435 4.34667e-05 7.88192e-06 5.58779e-06 1.20364e-06 9.29854e-07 2.23789e-07 8.13144e-08
threshold=0.51020408163265318 0.040673927842069448 0.87409401350310023 0.0089548384798945769 0 0.0050167224080267568 1.0000000180025095e-35 0.059734626835027206 1 463.50000000000006 0.025988862261434122 2 0.77203402217513795 6.0000000000000009 0.24809257375381488 0.65051499783199074 0.53959062302381255
decision_type=2 2 2 2 1 2 2 2 1 2 2 1 2 2 2 2 2
left_child=1 2 7 6 -5 -6 -4 10 14 13 11 15 16 -8 -9 -1 -13
right_child=-2 -3 3 4 5 -7 9 8 -10 -11 -12 12 -14 -15 -16 -17 -18
leaf_value=-0.052343342281824294 0.11186150754106264 0.10502207416559539 0.0057250834698853699 -0.021204849765635053 0.0069471907584423166 0.10709323920558085 -0.05247242988932295 -0.052872349722831107 -0.004078669340079318 -0.053847279348128586 -0.052777020766183229 -0.052444340185502827 -0.0525669820846753 -0.052397034658973642 -0.052803982778352389 -0.052377753268534936 -0.05242423865797128
leaf_weight=0.98358281329274178 2.6071292608976355 1.5410138219594944 1.7075538896024207 1.5637385919690132 1.6502879410982134 1.5422349795699117 0.8906644210219391 0.91752650216221843 2.0435351505875587 1.0576124265789983 1.1823774389922617 1.1047431714832874 1.3325006514787676 1.3049343153834341 1.0860505551099775 0.90925629436969757 0.92377720028161991
leaf_count=23 18 14 34 29 27 19 20 18 39 17 24 25 29 30 22 21 21
internal_value=-0.000716835 -0.0142167 -0.023313 -0.00193626 0.0301642 0.0553255 -0.0327134 -0.0431272 -0.0282163 -0.0528891 -0.0525031 -0.0524415 -0.0524874 -0.0524276 -0.0528353 -0.0523599 -0.0524352
internal_weight=24.3485 21.7414 20.2004 9.71703 4.75626 3.19252 4.96077 10.4833 4.04711 3.25321 6.43624 5.25386 3.36102 2.1956 2.00358 1.89284 2.02852
internal_count=430 412 398 176 75 46 101 222 79 67 143 119 75 50 40 44 46
cat_boundaries=0 1 2 3
cat_threshold=2 4 2
is_linear=0
shrinkage=0.05


Tree=7
num_leaves=17
num_cat=2
split_feature=20 18 1 21 20 21 19 1 16 8 20 4 4 4 18 18
split_gain=12.7127 6.71499 10.3967 9.07337 8.86189 1.67056 0.706796 0.418535 0.0108741 0.000226738 7.25435e-05 1.70937e-05 3.35358e-06 4.24844e-07 1.05565e-10 2.85105e-13
threshold=0.79784914983287314 0.87409401350310023 0 0.0050167224080267568 0.081567140130388446 0.4059229690365736 1.0000000180025095e-35 1 -1.0000000180025095e-35 84.500000000000014 0.04390184645286687 16.000000000000004 16.000000000000004 146.00000000000003 0.77203402217513795 0.53959062302381255
decision_type=2 2 1 2 2 2 2 1 2 2 2 2 2 2 2 2
left_child=1 5 -3 6 -5 7 -4 -1 -8 -10 12 -12 14 -14 15 -9
right_child=-2 2 3 4 -6 -7 8 10 9 -11 11 -13 13 -15 -16 -17
leaf_value=-0.024373888783541138 0.14205077132674795 0.13543526003039952 -0.010971575904961518 -0.029913339060399214 0.10658046365768599 0.0076414363511411246 -0.058528580703337899 -0.052223630814823618 -0.052475287456449374 -0.053304190858493444 -0.052437083748361618 -0.052687967504438216 -0.052334222599778858 -0.052285129981509304 -0.052223016246318192 -0.052223670258337934
leaf_weight=1.6279423311352768 1.464099884033202 1.5726644918322545 1.1954495757818202 2.0863467156887054 2.7653135173022747 1.6324180848896492 1.1049744635820369 0.89685246720910161 1.9900198131799718 1.4092264138162134 1.1880396232008936 1.5843867808580396 0.93388518318533875 0.83447869494557381 1.0188927985727787 0.93763378262519836
leaf_count=24 9 21 24 36 34 30 9 22 45 26 27 33 22 20 25 23
internal_value=-0.000764871 -0.00994441 0.0155048 -0.00237072 0.0478844 -0.0389035 -0.0451488 -0.0473252 -0.0542196 -0.0528189 -0.0523783 -0.0525805 -0.052257 -0.0523111 -0.0522234 -0.0522237
internal_weight=24.2426 22.7785 12.124 10.5513 4.85166 10.6545 5.69967 9.02211 4.50422 3.39925 7.39417 2.77243 4.62174 1.76836 2.85338 1.83449
internal_count=430 421 195 174 70 226 104 196 80 71 172 60 112 42 70 45
cat_boundaries=0 1 2
cat_threshold=1 1
is_linear=0
shrinkage=0.05


Tree=8
num_leaves=17
num_cat=2
split_feature=20 10 7 20 18 18 20 1 19 21 21 1 18 4 19 18
split_gain=10.8766 7.9438 3.09054 2.74503 2.20066 3.59245 3.80859 0.653017 1.18916 3.29563e-05 2.47433e-05 2.31339e-05 3.02082e-05 1.7859e-06 2.40174e-06 5.08e-10
threshold=0.51020408163265318 0.040673927842069448 -11.499999999999998 0.0089548384798945769 0.87409401350310023 1.2546012611655517 0.20891783567134273 0 1.0000000180025095e-35 0.0050167224080267568 0.24944444444444447 1 0.95154499349597188 16.000000000000004 1.0000000180025095e-35 0.95154499349597188
decision_type=2 2 2 2 2 2 2 1 2 2 2 1 2 2 2 2
left_child=1 2 3 10 7 6 -6 9 -9 -5 11 13 -13 14 -1 -16
right_child=-2 -3 -4 4 5 -7 -8 8 -10 -11 -12 12 -14 -15 15 -17
leaf_value=-0.052206060457501959 0.089081803681465024 0.09115804858633432 0.03181960216187394 -0.052356601131510673 0.094541744407587197 -0.053921136461104094 -0.017849166570639105 0.012366670860790588 -0.052842307280292745 -0.052724250905079956 -0.052495123599959205 -0.052235989013220609 -0.052611009280526526 -0.052216507008331525 -0.05210995849526532 -0.052108253142496522
leaf_weight=1.007304906845093 2.9523012340068808 1.6745592951774586 2.3226047158241299 1.1056266948580744 1.6819713339209559 1.3453005850315092 1.3659035004675386 1.5355783887207493 1.2835302613675592 1.3585344627499578 1.121103126555681 1.5787343047559361 0.81376316025853146 1.2560374438762663 0.89357365295290925 0.85408670827746391
leaf_count=25 18 14 35 26 26 22 20 32 26 28 25 39 18 31 23 22
internal_value=-0.000831343 -0.0133537 -0.0223177 -0.0296277 -0.012014 0.0141347 0.0441738 -0.0337574 -0.0173227 -0.0525593 -0.0522784 -0.0522405 -0.0523635 -0.0521671 -0.0521446 -0.0521091
internal_weight=24.1505 21.1982 19.5237 17.201 9.67645 4.39318 3.04787 5.28327 2.81911 2.46416 7.5246 6.4035 2.3925 4.011 2.75497 1.74766
internal_count=430 412 398 363 180 68 46 112 58 54 183 158 57 101 70 45
cat_boundaries=0 1 2
cat_threshold=4 4
is_linear=0
shrinkage=0.05


Tree=9
num_leaves=19
num_cat=1
split_feature=20 10 1 20 20 20 21 21 4 7 17 20 18 21 4 18 18 18
split_gain=10.1387 9.72441 7.60528 6.65483 1.86424 2.60133 2.2094 0.851855 0.686497 0.510441 0.012145 0.000584165 0.000569977 7.01727e-06 1.96236e-06 2.15487e-06 1.17923e-10 2.31215e-12
threshold=0.05827817852804839 1.0000000180025095e-35 0 0.51020408163265318 0.20891783567134273 0.16587342901762478 0.02862903225806452 0.50777777777777788 30.500000000000004 -11.499999999999998 -1.0000000180025095e-35 0.018345977134309226 0.87409401350310023 0.12451612903225807 16.000000000000004 1.1152244606891373 0.77203402217513795 0.53959062302381255
decision_type=2 2 1 2 2 2 2 2 2 2 2 2 2 2 2 2 2 2
left_child=2 3 -1 4 5 6 -2 9 12 10 -4 13 -6 14 15 16 17 -12
right_child=1 -3 7 -5 8 -7 -8 -9 -10 -11 11 -13 -14 -15 -16 -17 -18 -19
leaf_value=0.10283811343097043 -0.053522231156997724 0.11236350037896903 -0.058209465303883101 0.10241075069928024 -0.052587577086839282 0.072384285230058965 0.038972748303726934 0.0024188891664204222 -0.0047377669545921597 -0.022054911101637761 -0.052003115334183392 -0.0531641569038575 -0.054098394903180275 -0.052197501855745225 -0.052096618560183619 -0.052080915700488478 -0.052002518259320007 -0.052003235858438551
leaf_weight=0.95387227088213145 1.605211243033408 2.8657884970307341 0.96907759457826159 1.5034817606210706 1.3498176820576198 1.1940076537430284 1.0799994207918642 0.90203675255179483 1.0255216695368288 1.5786966942250718 0.77774282544851414 1.4979736767709253 1.1614037342369554 0.87830353528261174 1.3864844143390653 1.2989229671657083 1.1848073117434976 0.81482432410120964
leaf_count=15 28 20 8 9 30 23 19 18 19 26 21 30 18 22 36 34 32 22
internal_value=-0.000867027 0.0322364 -0.0327334 0.00649186 -0.0129543 0.0109825 -0.0163205 -0.0441888 -0.0392091 -0.0482364 -0.0529289 -0.0522761 -0.0532863 -0.0520663 -0.0520452 -0.0520278 -0.0520029 -0.0520032
internal_weight=24.028 11.7852 12.2427 8.91944 7.41596 3.87922 2.68521 11.2889 3.53674 10.3868 8.80814 7.83906 2.51122 6.34109 5.46278 4.0763 2.77737 1.59257
internal_count=430 166 264 146 137 70 47 249 67 231 205 197 48 167 145 109 75 43
cat_boundaries=0 1
cat_threshold=1
is_linear=0
shrinkage=0.05


Tree=10
num_leaves=19
num_cat=1
split_feature=20 10 1 20 20 20 21 21 4 7 10 20 18 21 4 18 18 18
split_gain=9.20109 7.98334 6.728 5.69004 1.74268 2.21114 2.05167 0.83472 0.676471 0.516195 0.010308 0.000501654 0.000487145 6.00874e-06 1.67924e-06 1.84507e-06 1.0083e-10 1.94089e-12
threshold=0.05827817852804839 1.0000000180025095e-35 0 0.51020408163265318 0.20891783567134273 0.16587342901762478 0.02862903225806452 0.50777777777777788 30.500000000000004 -11.499999999999998 0.040673927842069448 0.018345977134309226 0.87409401350310023 0.12451612903225807 16.000000000000004 1.1152244606891373 0.77203402217513795 0.53959062302381255
decision_type=2 2 1 2 2 2 2 2 2 2 2 2 2 2 2 2 2 2
left_child=2 3 -1 4 5 6 -2 9 12 10 11 13 -6 14 15 16 17 -4
right_child=1 -3 7 -5 8 -7 -8 -9 -10 -11 -12 -13 -14 -15 -16 -17 -18 -19
leaf_value=0.089459429995667 -0.053340600434690126 0.099605628104598831 -0.051901609505888291 0.091819187574073272 -0.052455556679230853 0.064434255426372003 0.035766292013566833 0.0022928891484212143 -0.0045199885173356101 -0.021365646415149611 -0.057745251004320056 -0.053003181910934394 -0.053885355605289037 -0.052085846436734265 -0.051990214974515392 -0.051975350361078601 -0.05190104342637776 -0.051901722622071614
leaf_weight=1.0392714962363261 1.5319920927286137 3.0655826404690734 0.74122219905256936 1.5906331539154051 1.2871362194418914 1.272087227553129 1.1169779300689695 0.90397410094738084 1.0212972760200498 1.548915285617112 0.92903757095336903 1.4291348829865453 1.1090187169611452 0.83721392229199398 1.3214957974851129 1.2380199059844015 1.1291714236140249 0.77656256034970284
leaf_count=15 28 20 21 9 30 23 19 18 19 26 8 30 18 22 36 34 32 22
internal_value=-0.000911659 0.0299886 -0.0320736 0.00608747 -0.012495 0.010252 -0.0157673 -0.0437096 -0.0385941 -0.0478886 -0.0527782 -0.0521607 -0.0531173 -0.0519615 -0.0519415 -0.051925 -0.0519014 -0.0519017
internal_weight=23.8887 11.9947 11.894 8.92914 7.33851 3.92106 2.64897 10.8547 3.41745 9.95077 8.40186 7.47282 2.39615 6.04369 5.20647 3.88498 2.64696 1.51778
internal_count=430 166 264 146 137 70 47 249 67 231 205 197 48 167 145 109 75 43
cat_boundaries=0 1
cat_threshold=1
is_linear=0
shrinkage=0.05


Tree=11
num_leaves=18
num_cat=1
split_feature=18 20 4 21 18 19 10 20 1 8 20 20 8 4 4 18 18
split_gain=8.60609 8.99174 2.70317 1.58452 1.22045 1.09774 0.545305 0.53084 0.360756 0.000556359 0.00016303 5.45126e-05 1.12502e-05 2.5245e-06 4.26578e-07 6.57692e-11 1.80989e-12
threshold=0.87409401350310023 0.0089548384798945769 23.500000000000004 0.4059229690365736 1.4682568712394468 1.0000000180025095e-35 0.040673927842069448 0.16587342901762478 0 463.50000000000006 0.04390184645286687 0.20891783567134273 6.0000000000000009 16.000000000000004 146.00000000000003 0.77203402217513795 0.53959062302381255
decision_type=2 2 2 2 2 2 2 2 1 2 2 2 2 2 2 2 2
left_child=3 5 4 8 -3 -2 9 -4 -1 12 13 -12 -7 15 -15 16 -10
right_child=1 2 7 -5 -6 6 -8 -9 10 -11 11 -13 -14 14 -16 -17 -18
leaf_value=-0.025751932743284231 0.0078196117389958877 0.058813726199291518 0.048731226719554571 0.0076052949223529764 0.11315360519897477 -0.052222399323509194 -0.01024417197518767 0.014071276179964148 -0.051805368090591587 -0.053560595168587535 -0.052548172104706969 -0.052073957808734306 -0.051969633584398073 -0.051914128948489506 -0.05186014408389833 -0.051804872435333188 -0.051805477470428185
leaf_weight=1.6431213468313237 1.6473274379968632 2.1646299473941308 1.9239734150469301 1.6201880387961862 1.977036830037832 0.75458842143416438 1.0466292127966883 2.5943151749670506 0.7399616055190561 0.96641433984041203 1.4935047030448916 1.0198454596102235 1.0566342100501058 0.77856815606355645 0.69042747095227242 0.84064980596303929 0.77363927662372589
leaf_count=24 34 29 27 30 15 20 9 23 22 17 33 27 30 22 20 25 23
internal_value=-0.000944166 0.0238728 0.0555755 -0.0374761 0.084753 -0.0263034 -0.0410021 0.0288301 -0.0466293 -0.0525918 -0.052043 -0.0523557 -0.0520749 -0.0518373 -0.0518888 -0.0518052 -0.0518054
internal_weight=23.7315 14.1315 8.65996 9.59991 4.14167 5.47159 3.82427 4.51829 7.97972 2.77764 6.3366 2.51335 1.81122 3.82325 1.469 2.35425 1.5136
internal_count=430 204 94 226 44 110 76 50 196 67 172 60 50 112 42 70 45
cat_boundaries=0 1
cat_threshold=1
is_linear=0
shrinkage=0.05


Tree=12
num_leaves=18
num_cat=2
split_feature=18 20 5 4 20 21 19 10 1 8 20 20 8 4 4 18 18
split_gain=7.89026 7.82617 2.36133 4.77378 1.56156 1.53567 1.04651 0.543024 0.369453 0.000475318 0.000139529 4.66136e-05 9.67081e-06 2.16173e-06 3.65254e-07 5.64175e-11 1.46838e-12
threshold=0.87409401350310023 0.0089548384798945769 0 23.500000000000004 0.17652016558835926 0.4059229690365736 1.0000000180025095e-35 0.040673927842069448 1 463.50000000000006 0.04390184645286687 0.20891783567134273 6.0000000000000009 16.000000000000004 146.00000000000003 0.77203402217513795 0.53959062302381255
decision_type=2 2 1 2 2 2 2 2 1 2 2 2 2 2 2 2 2
left_child=5 6 4 -4 -3 8 -2 9 -1 12 13 -12 -8 15 -15 16 -10
right_child=1 2 3 -5 -6 -7 7 -9 10 -11 11 -13 -14 14 -16 -17 -18
leaf_value=-0.024982724644643264 0.0073756939462159728 -0.021371573265839494 0.11705921324162512 0.028162460913270279 0.052136844635700952 0.0071769815966179406 -0.05211038539142733 -0.0098065507928895117 -0.051714222658198618 -0.053376297018547271 -0.052417957711648012 -0.051968827103328841 -0.051870339916463871 -0.051817319438395099 -0.051766146714266763 -0.051713750917789958 -0.051714323587974433
leaf_weight=1.6098853200674077 1.6588455997407425 1.5178115516901018 2.7619500234723073 3.3321454375982285 1.3787775337696073 1.6307558491826055 0.7192906811833385 1.0388716980814936 0.70508249476551987 0.92237565293908108 1.4241056330502035 0.97201992943882931 1.0069769807159898 0.74194564670324303 0.65791735798120499 0.80102426186203946 0.73717282712459564
leaf_count=24 34 23 22 31 18 30 20 9 22 17 33 27 30 22 20 25 23
internal_value=-0.000952352 0.0222989 0.0507859 0.068452 0.0136185 -0.0368744 -0.0256063 -0.0404434 -0.046266 -0.05246 -0.0519394 -0.0522358 -0.0519704 -0.0517445 -0.0517933 -0.0517141 -0.0517143
internal_weight=23.617 14.337 8.99068 6.0941 2.89659 9.27991 5.34636 3.68752 7.64915 2.64864 6.03927 2.39613 1.72627 3.64314 1.39986 2.24328 1.44226
internal_count=430 204 94 53 41 226 110 76 196 67 172 60 50 112 42 70 45
cat_boundaries=0 1 2
cat_threshold=2 1
is_linear=0
shrinkage=0.05


Tree=13
num_leaves=19
num_cat=2
split_feature=18 20 20 10 18 20 21 7 10 1 20 1 20 8 4 4 18 18
split_gain=7.24393 6.8601 2.03132 2.89389 3.32346 2.93521 1.48801 1.03831 0.535927 0.377863 0.00011945 5.19176e-05 3.98731e-05 1.89863e-05 1.85164e-06 3.12836e-07 4.82023e-11 1.30451e-12
threshold=0.87409401350310023 0.0089548384798945769 0.56494158574746056 1.0000000180025095e-35 1.2546012611655517 0.20891783567134273 0.4059229690365736 -11.499999999999998 0.040673927842069448 0 0.04390184645286687 1 0.20891783567134273 6.0000000000000009 16.000000000000004 146.00000000000003 0.77203402217513795 0.53959062302381255
decision_type=2 2 2 2 2 2 2 2 2 1 2 1 2 2 2 2 2 2
left_child=6 7 3 4 5 -3 9 8 11 -1 14 13 -12 -2 16 -16 17 -11
right_child=1 2 -4 -5 -6 -7 -8 -9 -10 10 12 -13 -14 -15 15 -17 -18 -19
leaf_value=-0.024223772939904169 -0.052027483518685205 0.078824610824858185 0.084738248342755187 0.081118569165634494 -0.054059837772830292 -0.017710630657462582 0.0067753734649564391 0.0083590687148006326 -0.0093847800407613584 -0.051627825607473858 -0.052294686167783634 -0.052307605683323315 -0.051869215294056539 -0.051676549154595436 -0.051725574895145982 -0.051677058646968581 -0.051627379853048744 -0.051627923069849604
leaf_weight=1.5781290382146855 0.76106774434447289 1.8691495470702633 2.547665998339653 2.0918649137020111 1.4007919169962404 1.3606103695929048 1.6407815180718897 1.618482071906328 1.0314759239554407 0.67178928479552247 1.3577637914568188 1.0347028858959666 0.92634478583931912 0.78084900416433811 0.70698072761297204 0.62688201293349266 0.76320042833685864 0.70236436650156975
leaf_count=24 21 26 12 14 22 20 30 28 9 22 33 27 27 25 22 20 25 23
internal_value=-0.000963409 0.0208919 0.0467186 0.0323098 0.0102604 0.0381569 -0.0362677 -0.0249154 -0.0398412 -0.0458981 -0.0518413 -0.0520336 -0.0521221 -0.0518498 -0.0516565 -0.0517028 -0.0516277 -0.0516279
internal_weight=23.4709 14.4967 9.27008 6.72242 4.63055 3.22976 8.97424 5.22658 3.6081 7.33345 5.75533 2.57662 2.28411 1.54192 3.47122 1.33386 2.13735 1.37415
internal_count=430 204 94 82 68 46 226 110 82 196 172 73 60 46 112 42 70 45
cat_boundaries=0 1 2
cat_threshold=1 4
is_linear=0
shrinkage=0.05


Tree=14
num_leaves=19
num_cat=2
split_feature=18 1 20 10 20 20 21 18 4 21 10 20 8 21 1 8 4 18
split_gain=6.67484 7.55272 6.18036 2.63317 2.17047 1.88602 1.63876 1.35869 0.690034 0.627563 0.00458853 0.000472231 0.000142965 5.48986e-05 2.37892e-05 1.6884e-05 1.48284e-06 6.57541e-11
threshold=1.1152244606891373 0 0.0089548384798945769 1.0000000180025095e-35 0.059734626835027206 0.20891783567134273 0.20367892976588634 0.77203402217513795 16.000000000000004 0.1168561872909699 1.0000000180025095e-35 0.023297666112069366 1.0000000180025095e-35 0.24944444444444447 1 2.0000000000000004 16.000000000000004 0.65051499783199074
decision_type=2 1 2 2 2 2 2 2 2 2 2 2 2 2 1 2 2 2
left_child=4 -2 8 6 11 7 -4 -6 10 -7 12 13 -3 14 16 -16 17 -1
right_child=1 2 3 -5 5 9 -8 -9 -10 -11 -12 -13 -14 -15 15 -17 -18 -19
leaf_value=-0.051545928405306411 0.11280460864662836 -0.052474923116197163 -0.026312674478853101 0.068894905978706719 -0.013514188740676062 -0.055641522937891111 0.046045753626415414 0.058688873681043099 -0.0075697554948304276 -0.0058207696320179865 -0.055938388724914759 -0.052848999953814972 -0.051546612630323119 -0.05219589315583123 -0.051673052989349315 -0.052015172621092634 -0.051633274999661451 -0.051545219443669812
leaf_weight=0.64001963287591956 2.0025627836585027 0.79005874693393552 1.8070221394300463 3.2678108438849449 1.2813371345400812 1.6503673829138281 1.3801125325262544 1.325633469969034 1.1113874558359382 1.0244481768459079 1.3168355971574781 1.3208105228841303 0.87306840158998966 0.62241649255156506 0.72894597053528032 0.71372874267399311 0.76269660890102375 0.66882289201021194
leaf_count=22 18 18 29 18 29 30 14 21 26 21 15 30 30 16 24 21 25 23
internal_value=-0.000976404 0.0237869 0.0068839 0.0373568 -0.0299124 -0.00706358 0.00502041 0.0232008 -0.0411934 -0.0365603 -0.0537334 -0.0520259 -0.0519876 -0.0517631 -0.0516864 -0.0518423 -0.0515779 -0.0515456
internal_weight=23.2881 12.5489 10.5463 6.45495 10.7392 5.28179 3.18713 2.60697 4.09135 2.67482 2.97996 5.45744 1.66313 4.13663 3.51421 1.44267 2.07154 1.30884
internal_count=430 168 150 61 262 101 43 50 89 51 63 161 48 131 115 45 70 45
cat_boundaries=0 1 2
cat_threshold=1 4
is_linear=0
shrinkage=0.05


Tree=15
num_leaves=19
num_cat=2
split_feature=18 20 21 10 21 20 7 4 10 1 20 1 20 8 20 4 18 18
split_gain=6.12398 5.38312 1.80728 3.47756 1.45001 1.15678 1.00196 0.644727 0.552561 0.408025 0.00012736 9.20766e-05 5.59869e-05 1.54744e-05 3.05116e-06 7.49762e-07 6.01927e-11 1.11022e-15
threshold=0.87409401350310023 0.0089548384798945769 0.35241379310344834 1.0000000180025095e-35 0.4059229690365736 0.36719687875150064 -11.499999999999998 23.500000000000004 0.040673927842069448 0 0.05827817852804839 1 0.20891783567134273 6.0000000000000009 0.0089548384798945769 16.000000000000004 0.77203402217513795 0.53959062302381255
decision_type=2 2 2 2 2 2 2 2 2 1 2 1 2 2 2 2 2 2
left_child=4 6 3 5 9 7 8 -3 11 -1 14 13 -12 -2 15 16 17 -11
right_child=1 2 -4 -5 -6 -7 -8 -9 -10 10 12 -13 -14 -15 -16 -17 -18 -19
leaf_value=-0.02213793210564937 -0.051860945052427367 0.028282276815274406 0.00065041238479461052 0.097201973718193863 0.0074359582751480722 0.060710155544746597 0.0089861626728409607 -0.017413077672569267 -0.007716183027012039 -0.051468140021544775 -0.052253550970440425 -0.052322456731718758 -0.051713111606052381 -0.051530388270530636 -0.051604414836176428 -0.051526930992966236 -0.051467557190940018 -0.051468137123851378
leaf_weight=1.498326912522318 0.70025009103119373 1.7940560951828941 2.2241638712584972 2.7105231881141663 1.6230166666209696 1.6112282201647756 1.6013267822563646 1.3548747748136518 0.99911755323410023 0.60965355299413182 1.0934298001229761 0.98935785144567456 0.85310983657836903 0.71611678414046764 0.6584859900176524 0.74541237205266941 0.69252897426486004 0.63736383616924286
leaf_count=24 21 23 16 15 30 18 28 22 9 22 27 27 27 25 22 26 25 23
internal_value=-0.000994715 0.0184734 0.0402152 0.0519944 -0.0350204 0.0262524 -0.0236314 0.00862116 -0.0389717 -0.0451712 -0.0516952 -0.0519523 -0.0520167 -0.0516938 -0.051508 -0.0514843 -0.0514679 -0.0514681
internal_weight=23.1123 14.701 9.69485 7.47068 8.41133 4.76016 5.00617 3.14893 3.40484 6.78831 5.28998 2.40572 1.94654 1.41637 3.34344 2.68496 1.93955 1.24702
internal_count=430 204 94 78 226 63 110 45 82 196 172 73 54 46 118 96 70 45
cat_boundaries=0 1 2
cat_threshold=1 4
is_linear=0
shrinkage=0.05


Tree=16
num_leaves=19
num_cat=1
split_feature=18 20 21 10 21 8 19 10 1 21 8 20 20 8 20 4 18 18
split_gain=5.63695 4.77262 1.55022 2.90808 1.40184 1.11971 0.996181 0.558456 0.415183 0.404625 0.000436825 0.000109091 4.79134e-05 1.14091e-05 2.61528e-06 6.42744e-07 5.16454e-11 4.44089e-16
threshold=0.87409401350310023 0.0089548384798945769 0.35241379310344834 1.0000000180025095e-35 0.4059229690365736 6.0000000000000009 1.0000000180025095e-35 0.040673927842069448 0 0.009461166852471203 463.50000000000006 0.05827817852804839 0.20891783567134273 6.0000000000000009 0.0089548384798945769 16.000000000000004 0.77203402217513795 0.53959062302381255
decision_type=2 2 2 2 2 2 2 2 1 2 2 2 2 2 2 2 2 2
left_child=4 6 3 5 8 -3 -2 10 -1 -7 13 14 -13 -8 15 16 17 -10
right_child=1 2 -4 -5 -6 9 7 -9 11 -11 -12 12 -14 -15 -16 -17 -18 -19
leaf_value=-0.021422770441972418 0.0093317323769105346 0.057275057604487006 0.00061767741405785058 0.088262543512890188 0.0070183155255324264 0.021530691414078814 -0.051868407523598593 -0.0073731547665772529 -0.051394488937509281 -0.015026389063776817 -0.053134196794794891 -0.052138987711527474 -0.051626849399579039 -0.051585150338572583 -0.051523754323132789 -0.051450260962886574 -0.051393936278925835 -0.051394487142721004
leaf_weight=1.4716201275587102 1.6052071377634991 1.6932049505412559 2.2249203696846962 2.8324237912893295 1.6333447508513925 1.8859709538519385 0.61434293724596567 0.99346829205751408 0.58073048107326009 1.2643630690872667 0.84326029382646073 1.0423302836716173 0.81282487884163845 0.8437083326280117 0.62732708267867554 0.71008813567459572 0.65967377461493004 0.607126135379076
leaf_count=24 34 18 16 15 30 26 20 9 22 19 17 27 27 30 22 26 25 23
internal_value=-0.000992062 0.0173921 0.0373661 0.0480178 -0.0343989 0.0244833 -0.0229673 -0.0387033 -0.0447877 0.00685878 -0.0522284 -0.0516098 -0.0519146 -0.0517045 -0.0514323 -0.0514098 -0.0513943 -0.0513945
internal_weight=22.9459 14.8009 9.90088 7.67596 8.14507 4.84354 4.89999 3.29478 6.51172 3.15033 2.30131 5.0401 1.85516 1.45805 3.18495 2.55762 1.84753 1.18786
internal_count=430 204 94 78 226 63 110 76 196 45 67 172 54 50 118 96 70 45
cat_boundaries=0 1
cat_threshold=1
is_linear=0
shrinkage=0.05


Tree=17
num_leaves=18
num_cat=2
split_feature=18 20 20 20 21 21 7 10 1 20 1 20 8 20 4 18 18
split_gain=5.19124 4.24216 1.52283 2.33707 3.35064 1.35484 0.947283 0.547296 0.421977 9.34648e-05 6.54684e-05 4.10161e-05 1.78168e-05 2.24211e-06 5.51091e-07 4.42899e-11 1.55431e-15
threshold=0.87409401350310023 0.0089548384798945769 0.56494158574746056 0.086679804665228941 0.0050167224080267568 0.4059229690365736 -11.499999999999998 0.040673927842069448 0 0.05827817852804839 1 0.20891783567134273 6.0000000000000009 0.0089548384798945769 16.000000000000004 0.77203402217513795 0.53959062302381255
decision_type=2 2 2 2 2 2 2 2 1 2 1 2 2 2 2 2 2
left_child=5 6 3 -3 -5 8 7 10 -1 13 12 -11 -2 14 15 16 -10
right_child=1 2 -4 4 -6 -7 -8 -9 9 11 -12 -13 -14 -15 -16 -17 -18
leaf_value=-0.020719804143950971 -0.051749781365002773 0.069973778777620232 0.066511624631165833 -0.037491938311267119 0.04167944163388887 0.0066265952250736714 0.0091493055913872152 -0.0070436411040824855 -0.051324631878947528 -0.052030472833414533 -0.052118080965000105 -0.051545059346183912 -0.051380131395899031 -0.051447263229613051 -0.051377544743830529 -0.051324106401645676 -0.051324628071501656
leaf_weight=1.4461310990154763 0.65435384772717953 1.939661979675291 2.7525811195373535 2.4335929453372955 2.9640726186335087 1.6431431621313093 1.5974009223282335 0.98808776587247837 0.55314083024859584 0.99351087957620599 0.91092437133192983 0.77437883988022804 0.6495728325098753 0.59759680368006218 0.67638858966529358 0.62833331525325764 0.57828246429562569
leaf_count=24 21 22 12 30 30 30 28 9 22 27 27 27 25 22 26 25 23
internal_value=-0.000985505 0.0163897 0.0347976 0.0229002 0.00598421 -0.0337728 -0.0223022 -0.037988 -0.0443977 -0.0515289 -0.0517928 -0.0518178 -0.0515656 -0.0513605 -0.0513392 -0.0513244 -0.0513246
internal_weight=22.7812 14.8902 10.0899 7.33733 5.39767 7.89091 4.80034 3.20294 6.24776 4.80163 2.21485 1.76789 1.30393 3.03374 2.43615 1.75976 1.13142
internal_count=430 204 94 82 60 226 110 82 196 172 73 54 46 118 96 70 45
cat_boundaries=0 1 2
cat_threshold=1 4
is_linear=0
shrinkage=0.05


Tree=18
num_leaves=19
num_cat=2
split_feature=20 1 14 18 1 21 20 4 7 10 20 20 21 18 7 4 18 18
split_gain=4.8447 5.87183 2.52477 3.01322 3.52834 1.01295 0.895231 1.177 0.492758 0.00647688 0.00140894 0.000367473 2.34427e-05 3.9032e-06 5.07386e-06 5.80619e-07 3.26442e-10 6.21725e-15
threshold=0.05827817852804839 0 0.070719602977667509 0.65051499783199074 1 0.6246334310850441 0.51020408163265318 16.000000000000004 -11.499999999999998 0.040673927842069448 0.018345977134309226 0.25063580874872843 0.20903010033444819 1.1152244606891373 -13.499999999999998 16.000000000000004 0.77203402217513795 0.53959062302381255
decision_type=2 1 2 2 1 2 2 2 2 2 2 2 2 2 2 2 2 2
left_child=1 -1 3 11 -5 8 7 -6 9 10 12 -2 13 15 -15 16 17 -3
right_child=2 5 -4 4 6 -7 -8 -9 -10 -11 -12 -13 -14 14 -16 -17 -18 -19
leaf_value=0.082134380272973706 -0.052093081159451562 -0.051258435941335334 0.058310977428278246 -0.034197939268100989 -0.0023853483572591361 0.015079368236443305 0.066301467494053856 0.054268854437305225 -0.020610588233939568 -0.056565514671959506 -0.053170667155079565 -0.053563482171804282 -0.051669293686302756 -0.051493190627458024 -0.051279271143690325 -0.051309665090497981 -0.051257080612715195 -0.051258428238720892
leaf_weight=1.0851560086011904 1.0306482762098292 0.50290885567664989 3.1233342159539452 2.1983990278095007 1.8726004064083102 0.73140051960945118 2.0976634919643402 1.7959958985447881 1.5013018846511839 0.82071885466575611 1.4232408590614793 0.72296511754393566 0.5074163395911454 0.54990365169942379 0.55893151275813557 0.76908260397613037 0.78947485983371724 0.52685446850955486
leaf_count=15 28 21 27 32 28 15 10 21 26 8 33 20 17 20 23 31 33 22
internal_value=-0.00098123 -0.0275221 0.0192038 0.00663524 0.0196992 -0.0412292 0.0402476 0.0253503 -0.0464097 -0.052416 -0.0518109 -0.0526993 -0.0513506 -0.0513069 -0.0513854 -0.0512732 -0.0512578 -0.0512584
internal_weight=22.608 9.76639 12.8416 9.71827 7.96466 8.68123 5.76626 3.6686 7.94983 6.44853 5.62781 1.75361 4.20457 3.69716 1.10884 2.58832 1.81924 1.02976
internal_count=430 264 166 139 91 249 59 49 234 208 200 48 167 150 43 107 76 43
cat_boundaries=0 1 2
cat_threshold=1 2
is_linear=0
shrinkage=0.05


Tree=19
num_leaves=18
num_cat=2
split_feature=18 1 20 19 10 21 20 1 10 20 20 20 4 20 4 18 18
split_gain=4.54392 3.93085 4.86883 1.77856 1.48959 1.29652 0.547937 0.411815 0.00407704 0.00123384 9.44266e-05 3.94307e-05 1.75786e-06 1.58503e-06 4.05831e-07 3.49258e-11 2.22045e-16
threshold=0.87409401350310023 0 0.081567140130388446 1.0000000180025095e-35 1.0000000180025095e-35 0.4059229690365736 0.36719687875150064 1 1.0000000180025095e-35 0.018345977134309226 0.05827817852804839 0.20891783567134273 1.0000000180025095e-35 0.0089548384798945769 16.000000000000004 0.77203402217513795 0.53959062302381255
decision_type=2 1 2 2 2 2 2 1 2 2 2 2 2 2 2 2 2
left_child=5 -2 3 -3 6 7 -4 -1 9 12 13 -12 -5 14 15 16 -9
right_child=1 2 4 8 -6 -7 -8 10 -10 -11 11 -13 -14 -15 -16 -17 -18
leaf_value=-0.02059159254142142 0.071159424983053832 0.010071159775611531 -0.0087823536533880517 -0.05119426585566339 0.053126029308784822 0.0064523235893939922 0.02993909343403536 -0.051195461495703698 -0.055684479709093751 -0.05372116789827789 -0.051919329886627445 -0.05142645353424026 -0.051315709641642608 -0.051304025909293109 -0.051243131463090653 -0.051194972518948126 -0.051195459872541649
leaf_weight=1.4383597709238549 2.5740948095917684 1.5829691030085067 2.1437439396977429 0.75183353386819429 3.4969991073012352 1.6433196105062959 1.59218318387866 0.50172426551580585 1.4626655019819734 0.84104605019092549 0.93563348986208417 0.71656491048634052 0.49359564855694771 0.54145890101790417 0.61358587257564057 0.56991947256028641 0.52452928759157658
leaf_count=24 22 34 29 33 17 30 17 22 18 14 27 27 20 22 26 25 23
internal_value=-0.000985201 0.0149465 0.00324438 -0.0340028 0.0296731 -0.0327825 0.00772001 -0.0438195 -0.0536605 -0.0522416 -0.0514068 -0.0517056 -0.0512424 -0.0512274 -0.0512086 -0.0511953 -0.0511955
internal_weight=22.4242 14.9391 12.365 5.13211 7.23293 7.4851 3.73593 5.84178 3.54914 2.08648 4.40342 1.6522 1.24543 2.75122 2.20976 1.59617 1.02625
internal_count=430 204 182 119 63 226 46 196 85 67 172 54 53 118 96 70 45
cat_boundaries=0 1 2
cat_threshold=1 1
is_linear=0
shrinkage=0.05


Tree=20
num_leaves=17
num_cat=1
split_feature=20 18 1 4 20 20 8 21 7 17 21 18 8 4 18 18
split_gain=4.24671 3.48898 2.74902 1.6105 1.00524 1.89414 1.33798 0.71107 0.542458 0.00517687 0.000245968 6.40697e-06 9.35683e-06 3.79476e-07 2.41322e-10 1.55431e-15
threshold=0.0089548384798945769 1.1152244606891373 0 23.500000000000004 0.059734626835027206 0.20891783567134273 1.0000000180025095e-35 0.13563218390804602 -11.499999999999998 -1.0000000180025095e-35 0.25388888888888894 1.1152244606891373 6.0000000000000009 16.000000000000004 0.77203402217513795 0.53959062302381255
decision_type=2 2 1 2 2 2 2 2 2 2 2 2 2 2 2 2
left_child=2 4 -1 -3 -2 6 -6 -7 9 -4 11 13 -13 14 15 -11
right_child=1 3 8 -5 5 7 -8 -9 -10 10 -12 12 -14 -15 -16 -17
leaf_value=0.045649956023917665 -0.052550207223973439 0.056602848873435689 -0.055868404108846914 0.013535911458740293 0.062280789437772814 -0.055304265132180674 -0.01144292371162226 0.00067866283619226432 -0.016502092691655083 -0.051135801203937216 -0.052233979898495264 -0.051446122887910055 -0.051162102571921234 -0.051181206083270453 -0.051134610897786759 -0.051135797058722933
leaf_weight=0.98049176111817538 1.3409426156431425 4.287488076835869 0.75199665129184801 4.3969547189772129 1.2935033030807974 1.5543582905083897 1.1739846710115669 0.89311672188341606 1.3707501254975794 0.4777976572513587 0.67966540344059456 0.5289031211286781 0.64193299971520901 0.60697351023554791 0.75937200523912907 0.49951514787971973
leaf_count=13 38 32 8 39 26 32 24 19 26 22 17 20 29 27 35 23
internal_value=-0.000980108 0.0142904 -0.0322443 0.034798 -0.0141781 -0.00370907 0.0272044 -0.0348753 -0.0443348 -0.0520482 -0.0513633 -0.0511949 -0.0512904 -0.0511472 -0.0511353 -0.0511358
internal_weight=22.2377 14.9403 7.2974 8.68444 6.25591 4.91496 2.46749 2.44748 6.31691 4.94616 4.19416 3.51449 1.17084 2.34366 1.73668 0.977313
internal_count=430 210 220 71 139 101 50 51 207 181 173 156 49 107 80 45
cat_boundaries=0 1
cat_threshold=1
is_linear=0
shrinkage=0.05


Tree=21
num_leaves=18
num_cat=2
split_feature=18 1 20 19 21 21 21 20 10 20 1 20 20 4 4 18 18
split_gain=3.93733 3.08751 4.06577 1.75154 1.46743 3.15878 1.25695 0.43323 0.00305585 0.00109417 0.000442419 0.000141082 8.38327e-06 1.29115e-06 4.87982e-07 2.56943e-11 2.44249e-15
threshold=0.87409401350310023 0 0.081567140130388446 1.0000000180025095e-35 0.34176863181312572 0.0050167224080267568 0.4059229690365736 0.20220440881763532 1.0000000180025095e-35 0.018345977134309226 1 0.10769047189039967 0.032940663176265282 1.0000000180025095e-35 16.000000000000004 0.77203402217513795 0.53959062302381255
decision_type=2 1 2 2 2 2 2 2 2 2 1 2 2 2 2 2 2
left_child=6 -2 3 -3 5 -4 7 10 9 13 -1 12 14 -5 15 16 -12
right_child=1 2 4 8 -6 -7 -8 -9 -10 -11 11 -13 -14 -15 -16 -17 -18
leaf_value=-0.052671804594682785 0.061605373887514261 0.010878089734471373 -0.0036018217034773912 -0.051078024240068298 -0.0073943786945856009 0.075427116346713396 0.0068879079785755656 -0.019575138237274112 -0.055218248381200624 -0.053534994489179033 -0.051079181817234365 -0.051976967488523498 -0.051324254599967756 -0.051187318031405776 -0.051128199072557848 -0.051078739484328756 -0.051079176614109933
leaf_weight=0.70424875989556535 2.7333993390202505 1.5626105442643146 2.2439934574067593 0.68174787051975749 2.2626133523881435 2.8964464850723743 1.6305899471044538 1.4389412887394426 1.3600030541419981 0.80365728586912144 0.45498627237975753 0.61370837688446034 0.49204696901142586 0.44766473770141602 0.77430182881653298 0.51682867668569088 0.47566691599786282
leaf_count=15 22 34 24 33 13 26 30 38 18 14 22 17 20 20 36 25 23
internal_value=-0.00097393 0.0135531 0.00283862 -0.0327162 0.0261591 0.040928 -0.0316431 -0.0431275 -0.0534024 -0.0521248 -0.0515333 -0.0512923 -0.0511375 -0.0511213 -0.0510962 -0.051079 -0.0510792
internal_weight=22.0935 14.9921 12.2587 4.85568 7.40305 5.14044 7.10132 5.47073 3.29307 1.93307 4.03179 3.32754 2.71383 1.12941 2.22178 1.44748 0.930653
internal_count=430 204 182 119 63 50 226 196 85 67 158 143 126 53 106 70 45
cat_boundaries=0 1 2
cat_threshold=1 1
is_linear=0
shrinkage=0.05


Tree=22
num_leaves=17
num_cat=1
split_feature=20 18 1 4 20 20 8 21 7 10 21 18 8 4 18 18
split_gain=3.67338 2.83505 2.4265 1.27953 0.951413 1.77627 1.17282 0.690269 0.54756 0.00371031 0.000235505 7.23998e-06 1.07442e-05 2.79346e-07 1.79457e-10 2.22045e-16
threshold=0.0089548384798945769 1.1152244606891373 0 23.500000000000004 0.059734626835027206 0.20891783567134273 1.0000000180025095e-35 0.13563218390804602 -11.499999999999998 0.040673927842069448 0.25388888888888894 1.1152244606891373 6.0000000000000009 16.000000000000004 0.77203402217513795 0.53959062302381255
decision_type=2 2 1 2 2 2 2 2 2 2 2 2 2 2 2 2
left_child=2 4 -1 -3 -2 6 -6 -7 9 10 11 13 -13 14 15 -4
right_child=1 3 8 -5 5 7 -8 -9 -10 -11 -12 12 -14 -15 -16 -17
leaf_value=0.039331414108660805 -0.05241183839074276 0.049747385565302719 -0.051025440223708654 0.011915706198560408 0.057940447610700496 -0.05507681404470173 -0.010849158132428011 0.00046021225873479752 -0.015448354518654851 -0.05525141825566058 -0.052133243984192758 -0.051365928420305643 -0.051049131651055284 -0.051066348577799674 -0.051024363264147304 -0.051025438407255375
leaf_weight=1.0380612872540969 1.2417722288519133 4.4698348455131036 0.43324064277112684 4.4701797254383564 1.3398011680692437 1.4903117883950474 1.1527175381779668 0.89578601904213417 1.3355146199464796 0.68804582953453053 0.6497369036078452 0.49543939158320405 0.58209056220948696 0.55041207000613201 0.68855081684887409 0.45293286815285683
leaf_count=13 38 32 22 39 26 32 24 19 26 8 17 20 29 27 35 23
internal_value=-0.000970015 0.0128813 -0.0311415 0.0308308 -0.0133374 -0.00339168 0.0261273 -0.0342272 -0.0435914 -0.0518693 -0.0512653 -0.0510892 -0.0511948 -0.0510357 -0.051025 -0.0510254
internal_weight=21.9744 15.0604 6.91402 8.94001 6.12039 4.87862 2.49252 2.3861 5.87596 4.54045 3.8524 3.20267 1.07753 2.12514 1.57472 0.886174
internal_count=430 210 220 71 139 101 50 51 207 181 173 156 49 107 80 45
cat_boundaries=0 1
cat_threshold=1
is_linear=0
shrinkage=0.05


Tree=23
num_leaves=18
num_cat=2
split_feature=18 1 20 19 10 21 4 20 10 20 1 20 20 4 4 18 18
split_gain=3.40781 2.4668 3.38746 1.72178 1.3457 1.21496 0.52773 0.458416 0.00229589 0.000972485 0.00044377 0.000152751 8.44464e-06 9.4852e-07 3.53032e-07 1.86382e-11 1.22125e-15
threshold=0.87409401350310023 0 0.081567140130388446 1.0000000180025095e-35 1.0000000180025095e-35 0.4059229690365736 80.500000000000014 0.20220440881763532 1.0000000180025095e-35 0.018345977134309226 1 0.10769047189039967 0.032940663176265282 1.0000000180025095e-35 16.000000000000004 0.77203402217513795 0.53959062302381255
decision_type=2 1 2 2 2 2 2 2 2 2 1 2 2 2 2 2 2
left_child=5 -2 3 -3 6 7 -4 10 9 13 -1 12 14 -5 15 16 -12
right_child=1 2 4 8 -6 -7 -8 -9 -10 -11 11 -13 -14 -15 -16 -17 -18
leaf_value=-0.0526145871553656 0.053966221962086294 0.011599399085003799 -0.013364443418108491 -0.050973314882435498 0.044901933276676895 0.0072657269432572121 0.023324239754101424 -0.017729905960554324 -0.054803620964069238 -0.053366656250483493 -0.050974429909480472 -0.051923749447332551 -0.051228134541876053 -0.051071695316586854 -0.051018219882597741 -0.050974034679155268 -0.050974426075903072
leaf_weight=0.6853073909878753 2.8699658066034299 1.5446717645972947 2.2224403470754628 0.61805986240506194 3.6367858350276947 1.6192963495850561 1.7534363493323324 1.3763903751969335 1.2643199004232881 0.76727852597832669 0.4125132504850646 0.59873066842555989 0.45480098761618126 0.40590390563011169 0.70183316431939591 0.46858257241547108 0.43126335553824902
leaf_count=15 22 34 29 33 17 30 17 38 18 14 22 17 20 20 36 25 23
internal_value=-0.000960212 0.0122538 0.00245157 -0.0314232 0.0229216 -0.0304924 0.00281596 -0.0424122 -0.0531723 -0.0520208 -0.0514643 -0.0512073 -0.0510335 -0.0510123 -0.0509896 -0.0509743 -0.0509744
internal_weight=21.8316 15.0829 12.2129 4.60023 7.61266 6.74872 3.97588 5.12942 3.05556 1.79124 3.75303 3.06772 2.46899 1.02396 2.01419 1.31236 0.843777
internal_count=430 204 182 119 63 226 46 196 85 67 158 143 126 53 106 70 45
cat_boundaries=0 1 2
cat_threshold=1 1
is_linear=0
shrinkage=0.05


Tree=24
num_leaves=16
num_cat=1
split_feature=20 18 1 4 20 20 8 21 7 10 21 18 8 4 18
split_gain=3.19041 2.26374 2.15576 1.08164 0.913916 1.68208 1.01658 0.670399 0.551138 0.00265549 0.000223671 7.98331e-06 1.18968e-05 2.0576e-07 1.33914e-10
threshold=0.0089548384798945769 1.1152244606891373 0 23.500000000000004 0.059734626835027206 0.20891783567134273 1.0000000180025095e-35 0.13563218390804602 -11.499999999999998 0.040673927842069448 0.25388888888888894 1.1152244606891373 6.0000000000000009 16.000000000000004 0.77203402217513795
decision_type=2 2 1 2 2 2 2 2 2 2 2 2 2 2 2
left_child=2 4 -1 -3 -2 6 -6 -7 9 10 11 13 -13 14 -4
right_child=1 3 8 -5 5 7 -8 -9 -10 -11 -12 12 -14 -15 -16
leaf_value=0.034198941989070135 -0.052290221818894082 0.04445418866017628 -0.050926002429229178 0.010028055248018496 0.054496851109242142 -0.054808091236725323 -0.0096101237281217538 0.00046487766178827716 -0.014464717782892905 -0.05470414706356036 -0.052039234350554325 -0.051294298162451103 -0.050947352441121363 -0.05096287378774679 -0.050925026178772807
leaf_weight=1.0888206847012061 1.1502777040004719 4.5953872464597207 0.80336911603808558 4.531574085354805 1.3789337556809189 1.4175385329872372 1.1212298925966022 0.8949282057583331 1.303904768079519 0.6287347450852393 0.62149467132985581 0.46463161334395398 0.52771696820855141 0.49901571683585633 0.62420748174190521
leaf_count=13 38 32 45 39 26 32 24 19 26 8 17 20 29 27 35
internal_value=-0.000948473 0.0117082 -0.0300539 0.0273615 -0.0122511 -0.00268131 0.0257473 -0.0334174 -0.0428365 -0.0517097 -0.051178 -0.0509946 -0.0511098 -0.0509352 -0.0509256
internal_weight=21.6518 15.0899 6.5619 9.12696 5.96291 4.81263 2.50016 2.31247 5.47308 4.16917 3.54044 2.91894 0.992349 1.92659 1.42758
internal_count=430 210 220 71 139 101 50 51 207 181 173 156 49 107 80
cat_boundaries=0 1
cat_threshold=1
is_linear=0
shrinkage=0.05


Tree=25
num_leaves=18
num_cat=2
split_feature=18 1 20 19 21 10 21 20 10 20 20 1 20 20 4 4 18
split_gain=2.95672 1.98901 2.84209 1.68944 1.26816 2.90279 1.17091 0.482551 0.00172779 0.000865355 0.000677718 0.000438365 0.00016214 8.51431e-06 6.96982e-07 2.55589e-07 1.38103e-11
threshold=0.87409401350310023 0 0.081567140130388446 1.0000000180025095e-35 0.34176863181312572 1.0000000180025095e-35 0.4059229690365736 0.20220440881763532 1.0000000180025095e-35 0.018345977134309226 0.25523749322737949 1 0.10769047189039967 0.032940663176265282 1.0000000180025095e-35 16.000000000000004 0.77203402217513795
decision_type=2 1 2 2 2 2 2 2 2 2 2 1 2 2 2 2 2
left_child=6 -2 3 -3 5 10 7 11 9 14 -4 -1 13 15 -5 16 -13
right_child=1 2 4 8 -6 -7 -8 -9 -10 -11 -12 12 -14 -15 -16 -17 -18
leaf_value=-0.052559067742659352 0.047696103517782869 0.012242733928484548 0.0042980081232190026 -0.050878951152403734 -0.010591576038335561 0.07826290881737151 0.0075775587504502712 -0.015913481922386161 -0.054433263709873073 -0.053213320665430379 0.0028511780479053249 -0.050880024478762102 -0.051875510438736942 -0.051143078025312039 -0.050967528132310196 -0.050919162834153375 -0.050879668920353387
leaf_weight=0.66591178625822289 2.9875245541334134 1.5288550369441489 1.6587353721261027 0.56021064147353195 2.3195576071739197 2.1756620705127716 1.6095857322216032 1.3190434724092481 1.175234470516443 0.73192458227276802 1.5806745849549768 0.76486146636307395 0.58394593559205521 0.42073849961161602 0.36795393563807011 0.63601923547685135 0.4247578103095293
leaf_count=15 22 34 22 33 13 10 30 38 18 14 18 45 17 20 20 36 25
internal_value=-0.000936314 0.0111608 0.00213927 -0.0301223 0.0203425 0.0335932 -0.0293418 -0.0416827 -0.0529663 -0.0519278 0.00359203 -0.0514048 -0.0511333 -0.0509403 -0.0509141 -0.0508936 -0.0508799
internal_weight=21.5112 15.0863 12.0988 4.36418 7.73463 5.41507 6.42486 4.81528 2.83532 1.66009 3.23941 3.49623 2.83032 2.24638 0.928165 1.82564 1.18962
internal_count=430 204 182 119 63 50 226 196 85 67 40 158 143 126 53 106 70
cat_boundaries=0 1 2
cat_threshold=1 1
is_linear=0
shrinkage=0.05


Tree=26
num_leaves=17
num_cat=1
split_feature=20 1 18 20 20 21 4 21 7 10 21 18 8 4 18 18
split_gain=2.77647 1.92472 1.81508 0.875856 1.59986 0.987425 0.872472 0.740381 0.55315 0.00189687 0.000210868 8.62949e-06 1.28041e-05 1.51643e-07 9.94396e-11 2.22045e-16
threshold=0.0089548384798945769 0 1.1152244606891373 0.059734626835027206 0.20891783567134273 0.16064516129032261 23.500000000000004 0.24944444444444447 -11.499999999999998 0.040673927842069448 0.25388888888888894 1.1152244606891373 6.0000000000000009 16.000000000000004 0.77203402217513795 0.53959062302381255
decision_type=2 1 2 2 2 2 2 2 2 2 2 2 2 2 2 2
left_child=1 -1 3 -2 5 -5 -4 -6 9 10 11 13 -13 14 15 -3
right_child=2 8 6 4 7 -7 -8 -9 -10 -11 -12 12 -14 -15 -16 -17
leaf_value=0.029955216051117423 -0.052183095467795239 -0.050836369998775756 0.039507780128574546 0.053699395047585474 -0.054396924307639233 -0.0094155611559444321 0.0088390853855551555 0.0052455652862340892 -0.013551465032232949 -0.054217780165719535 -0.051951211314428029 -0.051230179549758725 -0.05085561746419559 -0.050869614569150616 -0.050835485419921923 -0.050836368138831217
leaf_weight=1.1335546262562293 1.0659209713339795 0.35599334165454111 4.707871772348879 1.3837339915335181 1.4283937253057959 1.12232394143939 4.5701781511306763 0.8184992093592881 1.2755984254181383 0.57388756424188603 0.59480118751525868 0.43624587729573239 0.47833279334008694 0.45233234763145436 0.56577301025390625 0.37217441946268082
leaf_count=13 38 22 32 29 35 21 39 16 26 8 17 20 29 27 35 23
internal_value=-0.000923674 -0.0289819 0.0106712 -0.0112206 -0.00203418 0.0254337 0.024401 -0.0326703 -0.0420685 -0.0515673 -0.0511001 -0.0509099 -0.0510343 -0.0508447 -0.050836 -0.0508364
internal_weight=21.3356 6.23869 15.0969 5.81887 4.75295 2.50606 9.27805 2.24689 5.10514 3.82954 3.25565 2.66085 0.914579 1.74627 1.29394 0.728168
internal_count=430 220 210 139 101 50 71 51 207 181 173 156 49 107 80 45
cat_boundaries=0 1
cat_threshold=1
is_linear=0
shrinkage=0.05


Tree=27
num_leaves=18
num_cat=1
split_feature=20 1 18 20 20 7 20 20 21 7 10 21 18 8 4 18 18
split_gain=2.56077 1.80803 1.62604 0.840332 1.45591 0.936765 0.775195 2.12094 0.75467 0.553988 0.00162109 0.000180818 7.41344e-06 1.09966e-05 1.30219e-07 8.52491e-11 1.11022e-16
threshold=0.0089548384798945769 0 1.1152244606891373 0.059734626835027206 0.20891783567134273 -13.499999999999998 0.56494158574746056 0.12259903961584635 0.25388888888888894 -11.499999999999998 0.040673927842069448 0.25388888888888894 1.1152244606891373 6.0000000000000009 16.000000000000004 0.77203402217513795 0.53959062302381255
decision_type=2 1 2 2 2 2 2 2 2 2 2 2 2 2 2 2 2
left_child=1 -1 3 -2 5 -5 7 -4 -6 10 11 12 14 -14 15 16 -3
right_child=2 9 6 4 8 -7 -8 -9 -10 -11 -12 -13 13 -15 -16 -17 -18
leaf_value=0.027826106388321583 -0.052076329748057218 -0.050794915058001433 0.054319957701928594 -0.01024781732377074 -0.054126750798988522 0.050625467067674068 0.044359938815045949 -0.0067285604145481516 0.006962165978698239 -0.013035395106409798 -0.053995193253497477 -0.051852616755792315 -0.051168926078234728 -0.05081319729754067 -0.050826489221496567 -0.050794075697145502 -0.050794913437208211
leaf_weight=1.1586014181375521 1.0159616880118836 0.33890074025839767 2.1167307160794717 1.1361128427088261 1.3921373523771765 1.4243307467550039 2.9129094779491425 4.3392403572797775 0.79384770058095444 1.2601952441036699 0.54809218645095814 0.56684104539453972 0.41545413807034481 0.45537450350821018 0.43062770832329977 0.53860762342810631 0.3543048994615674
leaf_count=13 38 22 21 23 36 27 12 38 15 26 8 17 20 29 27 35 23
internal_value=-0.000910254 -0.0283548 0.0100938 -0.0108059 -0.00197206 0.0236149 0.0229484 0.0132875 -0.0319421 -0.041616 -0.0514885 -0.0510454 -0.0508647 -0.0509829 -0.0508028 -0.0507945 -0.0507949
internal_weight=21.1983 6.067 15.1313 5.76239 4.74643 2.56044 9.36888 6.45597 2.18599 4.9084 3.6482 3.10011 2.53327 0.870829 1.66244 1.23181 0.693206
internal_count=430 220 210 139 101 50 71 59 51 207 181 173 156 49 107 80 45
cat_boundaries=0 1
cat_threshold=1
is_linear=0
shrinkage=0.05


Tree=28
num_leaves=17
num_cat=2
split_feature=18 19 20 21 21 21 10 20 20 1 1 20 8 20 4 18
split_gain=2.40141 1.78108 2.61546 1.12476 0.907588 2.19391 0.872513 0.533876 0.00100421 0.000647234 0.000472071 0.000191358 0.000124209 4.35393e-07 1.17437e-07 8.61355e-12
threshold=0.87409401350310023 1.0000000180025095e-35 0.05827817852804839 0.4059229690365736 0.34176863181312572 0.0050167224080267568 0.040673927842069448 0.20220440881763532 0.021040734917751696 0 1 0.081567140130388446 84.500000000000014 0.012120226491377171 16.000000000000004 0.77203402217513795
decision_type=2 2 2 2 2 2 2 2 2 1 1 2 2 2 2 2
left_child=3 -2 6 7 5 -4 8 10 9 12 -1 13 -3 14 15 -12
right_child=1 2 4 -5 -6 -7 -8 -9 -10 -11 11 -13 -14 -15 -16 -17
leaf_value=-0.05256401244350592 0.051049632885745058 -0.050800131451285362 -0.00094035420131588585 0.0085052470957387577 -0.012017639139716908 0.053589101721060989 0.0096829166838295344 -0.012483636476010192 -0.054771684180064853 -0.05336958443013412 -0.050755544583978351 -0.051726196619214959 -0.051986072525067484 -0.050829213616772666 -0.050786292521224199 -0.050755242270791368
leaf_weight=0.65471012704074605 2.2258985769003621 0.41454749740660191 4.0795088112354261 1.5830004625022409 2.3339706063270569 3.366968609392643 0.73147568106651295 1.2199519574642179 0.58422495797276486 0.83805063273757674 0.65989617258310429 0.75391756743192662 0.47235589101910591 0.31834547035396088 0.44080646336078633 0.3664664514362812
leaf_count=15 38 27 36 30 13 29 9 38 10 25 45 24 17 20 29 25
internal_value=-0.000898932 0.00976417 0.00259652 -0.0276532 0.0151882 0.0237155 -0.0379055 -0.0406205 -0.05298 -0.0523732 -0.0513669 -0.0510582 -0.0514318 -0.0507762 -0.0507647 -0.0507554
internal_weight=21.0441 15.047 12.8211 5.99709 9.78045 7.44648 3.04065 4.41409 2.30918 1.72495 3.19414 2.53943 0.886903 1.78551 1.46717 1.02636
internal_count=430 204 166 226 78 65 88 196 79 69 158 143 44 119 99 70
cat_boundaries=0 1 2
cat_threshold=4 1
is_linear=0
shrinkage=0.05


Tree=29
num_leaves=19
num_cat=3
split_feature=20 1 18 21 4 20 21 20 21 7 10 1 21 21 5 4 18 18
split_gain=2.27453 1.73179 1.39691 1.35789 1.32441 1.63556 1.57188 1.32371 1.21817 0.537862 0.00142842 0.000498679 0.000176679 1.41201e-05 9.77313e-06 1.58081e-07 2.97644e-10 5.77316e-12
threshold=0.0089548384798945769 0 0.65051499783199074 0.25388888888888894 23.500000000000004 0.51020408163265318 0.36730205278592382 0.20891783567134273 0.16064516129032261 -11.499999999999998 0.040673927842069448 1 0.25388888888888894 0.13563218390804602 2 16.000000000000004 0.87409401350310023 0.77203402217513795
decision_type=2 1 2 2 2 2 2 2 2 2 2 1 2 2 1 2 2 2
left_child=1 -1 3 11 5 7 8 -4 -6 10 12 -2 14 -13 -3 16 17 -16
right_child=2 9 4 -5 6 -7 -8 -9 -10 -11 -12 13 -14 -15 15 -17 -18 -19
leaf_value=0.02715921923732513 -0.053099179143327339 -0.050944487369163162 0.038740464431553628 0.040094160369466308 -0.012672564201483369 0.06665408536482352 -0.038183584506513712 -0.015010561030240708 0.04070298059701094 -0.013242511120826715 -0.053822025903720511 -0.051079766576448561 -0.051797282046863617 -0.051459710675898787 -0.050718136095792246 -0.050753803563884918 -0.050716219046159174 -0.050717866455630436
leaf_weight=1.1623037680983561 0.54522244818508547 0.77929904777556702 2.4823936671018583 0.53887382708489884 2.0033475961536169 2.1614712700247765 1.9646728374063966 2.126682810485363 2.2918741684406996 1.2657818160951135 0.52771469205617894 0.6257123714312911 0.54970484413206566 0.40140618570148945 0.46064282767474807 0.4085076181218027 0.32021027617156506 0.34884408488869667
leaf_count=13 13 47 29 14 24 10 22 26 23 26 8 33 17 16 33 28 23 25
internal_value=-0.000885565 -0.0274429 0.00932757 -0.028402 0.0154406 0.0307682 -0.00113735 0.0139391 0.0158079 -0.0410598 -0.0514314 -0.051877 -0.0509914 -0.0512283 -0.0508002 -0.0507271 -0.0507175 -0.050718
internal_weight=20.9647 5.82301 15.1417 2.11121 13.0304 6.77055 6.25989 4.60908 4.29522 4.66071 3.39492 1.57234 2.86721 1.02712 2.3175 1.5382 1.1297 0.809487
internal_count=430 220 210 76 134 65 69 55 47 207 181 62 173 49 156 109 81 58
cat_boundaries=0 1 2 3
cat_threshold=1 1 1
is_linear=0
shrinkage=0.05


Tree=30
num_leaves=19
num_cat=4
split_feature=20 1 18 21 4 20 21 5 21 7 10 1 21 21 5 4 18 18
split_gain=2.09831 1.62728 1.27553 1.27458 1.18004 1.47127 1.44138 1.24783 1.07426 0.538249 0.00122153 0.000429727 0.000151541 1.2115e-05 8.40577e-06 1.35777e-07 2.55966e-10 4.95148e-12
threshold=0.0089548384798945769 0 0.65051499783199074 0.25388888888888894 23.500000000000004 0.51020408163265318 0.36730205278592382 1 0.16064516129032261 -11.499999999999998 0.040673927842069448 2 0.25388888888888894 0.13563218390804602 3 16.000000000000004 0.87409401350310023 0.77203402217513795
decision_type=2 1 2 2 2 2 2 1 2 2 2 1 2 2 1 2 2 2
left_child=1 -1 3 11 5 7 8 -4 -6 10 12 -2 14 -13 15 16 17 -3
right_child=2 9 4 -5 6 -7 -8 -9 -10 -11 -12 13 -14 -15 -16 -17 -18 -19
leaf_value=0.025292416802621162 -0.052945918174856367 -0.050682622529534087 -0.012522060589822413 0.03670887625313634 -0.012139956310408619 0.06292582189275564 -0.037175167490830961 0.039273296312485807 0.037853084048111073 -0.012734622424830273 -0.053621757875133735 -0.051026213733274595 -0.051706713617099123 -0.051386834572648837 -0.050897762869095392 -0.050716502750094608 -0.050680800523078863 -0.050682366577978033
leaf_weight=1.1850771419703978 0.52009500376880091 0.43847630452364661 2.3501588106155396 0.55860433913767327 1.9871011348441241 2.1746928468346596 1.9182625412940977 2.301650755107401 2.3399130962789059 1.2508403807878492 0.50380513817071904 0.59580491762608301 0.52378818206489075 0.38235721364617348 0.74195551592856834 0.3888630522415043 0.30480093322694302 0.33205732703208923
leaf_count=13 13 33 39 14 24 10 22 16 23 26 8 33 17 16 47 28 23 25
internal_value=-0.00087381 -0.0268163 0.0088485 -0.0277515 0.0146076 0.0289766 -0.00109877 0.0131056 0.0148947 -0.0405864 -0.0513596 -0.0517846 -0.0509422 -0.0511672 -0.0507607 -0.0506912 -0.050682 -0.0506825
internal_weight=20.7983 5.66966 15.1286 2.05686 13.0718 6.8265 6.24528 4.65181 4.32701 4.48459 3.23375 1.49826 2.72994 0.978162 2.20615 1.4642 1.07533 0.770534
internal_count=430 220 210 76 134 65 69 55 47 207 181 62 173 49 156 109 81 58
cat_boundaries=0 1 2 3 4
cat_threshold=1 2 1 2
is_linear=0
shrinkage=0.05


Tree=31
num_leaves=19
num_cat=4
split_feature=18 19 20 14 20 1 14 1 21 20 10 21 1 20 4 20 4 1
split_gain=1.95468 1.63518 2.1763 1.11069 1.44558 0.97102 0.779064 1.72006 0.0069232 0.00138377 0.000700005 0.000495501 0.000374344 0.0001392 1.67546e-05 1.04296e-06 6.70365e-08 2.71572e-12
threshold=0.87409401350310023 1.0000000180025095e-35 0.05827817852804839 0.58333333333333348 0.20220440881763532 0 0.070719602977667509 1 0.02862903225806452 0.021040734917751696 1.0000000180025095e-35 0.4059229690365736 2 0.081567140130388446 1.0000000180025095e-35 0.0089548384798945769 16.000000000000004 3
decision_type=2 2 2 2 2 1 2 1 2 2 2 2 1 2 2 2 2 1
left_child=3 -2 5 4 11 -3 7 -4 -6 10 14 12 -1 15 -7 16 17 -14
right_child=1 2 6 -5 8 9 -8 -9 -10 -11 -12 -13 13 -15 -16 -17 -18 -19
leaf_value=-0.052399201116922936 0.047729737599219002 0.017287705275125732 0.027961029068392734 0.043403607899664021 0.0089356603628344879 -0.050646960971253402 0.034190627600583848 -0.021768079267076423 0.0024185912870966129 -0.054812693781833455 -0.052935184426594187 -0.0526975887153244 -0.050648827052195658 -0.051556320256554301 -0.051113134938344768 -0.050758408991829873 -0.050675489253865016 -0.050648644210228369
leaf_weight=0.56243142671883317 2.2611378617584696 0.63948100805282682 3.539499819278717 0.52168844640254963 0.78322058916091897 0.41613578237593063 2.9505553841590881 3.4180163256823999 0.84952627867460251 0.57036900334060181 0.85916308686137199 0.76122364029288281 0.4552630390971899 0.65212712064385403 0.35904077533632517 0.32016326766461123 0.32776037696748972 0.36663890350610173
leaf_count=14 38 6 29 18 22 33 15 34 19 10 17 18 36 23 22 22 25 29
internal_value=-0.000860889 0.00854259 0.00159421 -0.0260711 -0.0332081 -0.0369581 0.012661 0.00353063 0.0055448 -0.0526923 -0.0519523 -0.0515716 -0.0512523 -0.0509483 -0.0508629 -0.0506786 -0.0506564 -0.0506487
internal_weight=20.6134 15.0134 12.7523 5.60004 5.07835 2.84419 9.90807 6.95752 1.63275 2.20471 1.63434 3.44561 2.68438 2.12195 0.775177 1.46983 1.14966 0.821902
internal_count=430 204 166 226 208 88 78 63 41 82 72 167 149 135 55 112 90 65
cat_boundaries=0 1 2 3 4
cat_threshold=1 4 1 4
is_linear=0
shrinkage=0.05


Tree=32
num_leaves=19
num_cat=3
split_feature=20 1 20 20 7 20 4 8 1 7 20 18 10 21 5 4 19 18
split_gain=1.86408 1.48984 1.34024 1.83898 3.42053 1.65587 1.96565 1.91135 0.915302 0.518762 0.216814 0.102192 0.000872621 0.000128658 1.02684e-05 8.81265e-08 2.00758e-08 1.63933e-10
threshold=0.0089548384798945769 0 0.086679804665228941 0.059734626835027206 -13.499999999999998 0.16587342901762478 23.500000000000004 43.500000000000007 1 -11.499999999999998 0.49267813347957362 0.95154499349597188 0.040673927842069448 0.25388888888888894 2 16.000000000000004 1.0000000180025095e-35 0.87409401350310023
decision_type=2 1 2 2 2 2 2 2 1 2 2 2 2 2 1 2 2 2
left_child=1 -1 3 4 -2 -4 7 8 -7 12 -8 -10 13 14 -3 16 -16 -18
right_child=2 9 5 -5 -6 6 10 -9 11 -11 -12 -13 -14 -15 15 -17 17 -19
leaf_value=0.022996394127227534 0.075211400416677177 -0.050865366308930793 -0.036568001647441846 0.095838674295468204 -0.053471294319055666 0.038868096351922475 -0.0053379903427674905 0.063807086794478482 -0.002329642406125361 -0.01293966031102927 -0.029026192904413262 -0.023990350694884695 -0.053255685559152249 -0.051608781981654674 -0.050632342497727093 -0.050649511810102105 -0.050616697845260052 -0.050615147172820299
leaf_weight=1.2109934836626071 1.04520829115063 0.69307023473084017 2.3825513944029799 0.94496373645961274 1.0207128878682843 1.2705251350998878 1.8655632603913548 2.3002868629992008 0.97692744433879708 1.2560055702924726 2.003200851380825 1.2301995158195493 0.45912996307015408 0.49450604431331147 0.25856544636190093 0.35344375390559435 0.44530309271067381 0.27612194791436195
leaf_count=13 20 47 35 11 30 14 32 13 32 26 10 13 8 17 21 28 37 23
internal_value=-0.000849393 -0.0259106 0.0082271 0.0380608 0.0116329 0.000759805 0.00997906 0.0284476 0.00505918 -0.0398917 -0.0176035 -0.0144028 -0.0512508 -0.0508857 -0.0507093 -0.0506281 -0.0506204 -0.0506161
internal_weight=20.4873 5.44714 15.0401 3.01088 2.06592 12.0293 9.6467 5.77794 3.47765 4.23615 3.86876 2.20713 2.98014 2.52101 2.0265 1.33343 0.97999 0.721425
internal_count=430 220 210 61 50 149 114 72 59 207 42 45 181 173 156 109 81 60
cat_boundaries=0 1 2 3
cat_threshold=1 1 1
is_linear=0
shrinkage=0.05


Tree=33
num_leaves=19
num_cat=3
split_feature=18 19 20 21 10 21 21 18 20 20 1 8 8 1 20 1 20 7
split_gain=1.78701 1.38674 1.92708 1.04615 0.959253 0.727163 1.61719 0.49881 1.25649 0.00249069 0.000563853 0.000450126 0.000189644 0.000131794 9.72029e-05 6.81309e-05 6.69981e-07 6.67697e-09
threshold=0.87409401350310023 1.0000000180025095e-35 0.05827817852804839 0.4059229690365736 0.040673927842069448 0.0050167224080267568 0.26236559139784948 0.77203402217513795 0.19734513274336288 0.42279997105225076 0 463.50000000000006 6.0000000000000009 1 0.081567140130388446 2 0.001257950563530256 -13.499999999999998
decision_type=2 2 2 2 2 2 2 2 2 2 1 2 2 1 2 1 2 2
left_child=3 -2 4 7 10 -4 -7 9 15 13 -3 12 -12 -1 16 -9 17 -15
right_child=1 2 5 -5 -6 6 -8 8 -10 -11 11 -13 -14 14 -16 -17 -18 -19
leaf_value=-0.052010166542744075 0.043536443596571862 -0.051538074863764764 -0.0044590223125496207 0.0094605561282951594 0.016629436310192959 0.048364754373418334 -0.0043781064552868695 -0.050775631176568886 0.050987195299524168 -0.05531364832909208 -0.053493038782211316 -0.054526137727087268 -0.052059651692147706 -0.050588625573306678 -0.051361493940683484 -0.051699815086555662 -0.05068804193928475 -0.050599079125340278
leaf_weight=0.378138918429615 2.3291650284081689 0.51848146039992571 4.0791025795042497 1.5410630647093055 0.65465121343731869 3.0304514020681381 2.7926970534026623 0.34281973633915186 0.47360544465482235 0.43378739431500424 0.45058661606162764 0.59088808484375477 0.47298066504299641 0.25296025536954536 0.86846527829766273 0.47674104385077976 0.27706470713019371 0.38560950756072998
leaf_count=11 38 25 36 30 9 25 17 26 11 10 16 13 25 22 38 24 21 33
internal_value=-0.000843856 0.00809536 0.00153863 -0.0254033 -0.0360101 0.0117298 0.02307 -0.0392179 -0.013847 -0.0518559 -0.0529612 -0.0534485 -0.052759 -0.0511623 -0.0509825 -0.0513132 -0.0506231 -0.0505949
internal_weight=20.3493 14.919 12.5898 5.43026 2.68759 9.90225 5.82315 3.88919 1.29317 2.59603 2.03294 1.51446 0.923567 2.16224 1.7841 0.819561 0.915634 0.63857
internal_count=430 204 166 226 88 78 42 196 61 135 79 54 41 125 114 50 76 55
cat_boundaries=0 1 2 3
cat_threshold=2 1 4
is_linear=0
shrinkage=0.05


Tree=34
num_leaves=19
num_cat=3
split_feature=20 1 20 20 4 8 21 21 1 7 20 18 10 21 5 4 19 18
split_gain=1.65961 1.42892 1.19834 1.5212 1.74585 1.73646 1.4944 2.83458 0.828287 0.503852 0.191509 0.103213 0.000784527 0.000123971 1.23122e-05 6.47554e-08 1.56705e-08 2.80488e-10
threshold=0.0089548384798945769 0 0.086679804665228941 0.16587342901762478 23.500000000000004 43.500000000000007 0.067816091954023008 0.36730205278592382 1 -11.499999999999998 0.49267813347957362 0.95154499349597188 0.040673927842069448 0.25388888888888894 2 16.000000000000004 1.0000000180025095e-35 0.87409401350310023
decision_type=2 1 2 2 2 2 2 2 1 2 2 2 2 2 1 2 2 2
left_child=1 -1 6 -4 5 8 -2 -8 -5 12 -6 -10 13 14 -3 16 -16 -18
right_child=2 9 3 4 10 -7 7 -9 11 -11 -12 -13 -14 -15 15 -17 17 -19
leaf_value=0.022624418371163166 0.074909975192954656 -0.050837526414982508 -0.035895878731239984 0.03602641134178524 -0.0053744497019372678 0.059980571861001156 -0.054291923777995993 0.075492677445214429 -0.0022959026088875188 -0.013086458919175684 -0.027693525735031473 -0.024105670296491483 -0.053138601616247408 -0.051563778903802863 -0.050571399066889337 -0.050586541268747745 -0.050557139115063002 -0.050555006752315328
leaf_weight=1.2098867259919661 1.3488155733793967 0.64737670961767479 2.3157511241734019 1.2889983635395765 1.8615194931626322 2.3257759734988213 0.93009343743324258 0.76818357966840267 0.97317249048501109 1.2592664957046507 1.9870435297489164 1.2256834171712396 0.44457066431641568 0.4791706483811139 0.23420625086873881 0.31997071206569672 0.40324690006673336 0.24971919599920511
leaf_count=13 18 47 35 14 32 13 29 14 32 26 10 13 8 17 21 28 37 23
internal_value=-0.000831438 -0.0250392 0.00762299 0.000500948 0.00922422 0.0265168 0.0356193 0.00441369 0.00420251 -0.0393221 -0.016898 -0.0144531 -0.0512136 -0.0508468 -0.0506616 -0.0505673 -0.0505603 -0.0505563
internal_weight=20.2725 5.24741 15.025 11.9779 9.66219 5.81363 3.04709 1.69828 3.48785 4.03753 3.84856 2.19886 2.77826 2.33369 1.85452 1.20714 0.887172 0.652966
internal_count=430 220 210 149 114 72 61 43 59 207 42 45 181 173 156 109 81 60
cat_boundaries=0 1 2 3
cat_threshold=1 1 1
is_linear=0
shrinkage=0.05


Tree=35
num_leaves=19
num_cat=2
split_feature=18 19 20 14 20 10 21 21 21 21 1 8 1 4 20 20 4 18
split_gain=1.65276 1.20892 1.71931 1.03802 1.30983 0.951464 0.701733 1.38917 0.00901298 0.000652687 0.000494642 0.000315593 0.000292704 0.000170719 0.000120913 1.55679e-06 3.66395e-08 9.26981e-12
threshold=0.87409401350310023 1.0000000180025095e-35 0.05827817852804839 0.58333333333333348 0.20220440881763532 0.040673927842069448 0.0050167224080267568 0.26236559139784948 0.25388888888888894 0.4059229690365736 0 463.50000000000006 1 1.0000000180025095e-35 0.081567140130388446 0.0089548384798945769 16.000000000000004 0.77203402217513795
decision_type=2 2 2 2 2 2 2 2 2 2 1 2 1 2 2 2 2 2
left_child=3 -2 5 4 9 10 -4 -8 -6 12 -3 13 -1 -12 15 16 17 -14
right_child=1 2 6 -5 8 -7 7 -9 -10 -11 11 -13 14 -15 -16 -17 -18 -19
leaf_value=-0.05219846648563034 0.040390497925836377 -0.051434528505537647 -0.005080788425058329 0.041545001796375901 4.9007300436491766e-05 0.017467986412060741 0.045019155198642663 -0.0037196432004801966 0.0074219108286705665 -0.052848666826632584 -0.05341288907853238 -0.054216957523632883 -0.050529828596395349 -0.052012166765771965 -0.051435215877291676 -0.050669582890586984 -0.050551510643680346 -0.050529447484516592
leaf_weight=0.51713273860514375 2.3782503604888907 0.48093895707279444 4.0564581826329213 0.52979660127311934 0.9077341593801973 0.64376967027783383 3.0910992845892906 2.7740365602076054 0.76285651512444019 0.74423067085444916 0.42361522559076481 0.5577809251844883 0.41502094175666682 0.44713728781789541 0.59540067985653866 0.28319953754544258 0.26891044620424509 0.25920548103749752
leaf_count=14 38 25 36 18 27 9 25 17 14 18 19 13 40 22 23 22 25 25
internal_value=-0.000822963 0.00772049 0.00149216 -0.0248406 -0.0322392 -0.0350988 0.0109086 0.0219671 0.00341576 -0.051559 -0.0528215 -0.0532884 -0.0511486 -0.0526936 -0.0508506 -0.0505668 -0.0505359 -0.0505297
internal_weight=20.1366 14.8531 12.4748 5.28349 4.75369 2.55324 9.92159 5.86514 1.67059 3.0831 1.90947 1.42853 2.33887 0.870753 1.82174 1.22634 0.943137 0.674226
internal_count=430 204 166 226 208 88 78 42 41 167 79 54 149 41 135 112 90 65
cat_boundaries=0 1 2
cat_threshold=2 1
is_linear=0
shrinkage=0.05


Tree=36
num_leaves=18
num_cat=2
split_feature=18 20 20 16 14 1 20 8 20 7 20 19 1 21 20 18 4
split_gain=1.52055 1.12389 2.55421 3.13561 2.07291 1.88495 1.86598 4.5612 0.978308 1.18836 1.07619 0.473872 0.000220887 0.000180409 1.25197e-06 2.78338e-08 2.04969e-08
threshold=0.87409401350310023 0.56494158574746056 0.47566220877128412 -1.0000000180025095e-35 1.0000000180025095e-35 0 0.16587342901762478 12.500000000000002 0.059734626835027206 -13.499999999999998 0.21309640557711171 0.58804562952784079 1 0.43404682274247497 0.0089548384798945769 0.53959062302381255 1.0000000180025095e-35
decision_type=2 2 2 2 2 1 2 2 2 2 2 2 1 2 2 2 2
left_child=8 2 3 -2 5 11 7 -7 12 -10 -11 -5 -1 14 15 -14 -17
right_child=1 -3 -4 4 -6 6 -8 -9 9 10 -12 -13 13 -15 -16 16 -18
leaf_value=-0.052264437416395373 0.072144887867772914 0.035389388902533417 -0.067295847989195023 -0.052985123902574129 -0.054838670479231771 0.052299651226875743 0.070728726397977615 -0.056680059985144839 -0.052093504096131907 0.055098695942693343 -0.016559141069062651 -0.0054529375478061526 -0.050528731940540778 -0.051700841489847951 -0.050636365042813984 -0.050503566870725908 -0.050521760062968796
leaf_weight=0.33204691670835196 1.6365902125835372 2.873067468404769 1.2427304610609997 1.1864835415035488 1.5927180135622618 2.2281532119959615 1.5125020220875738 1.6871105628088114 0.98218852654099498 0.92156203836202655 1.2144651710987089 0.93960512150079001 0.31916435901075713 0.46093752235174168 0.28190783318132162 0.3948593121021986 0.25465848576277494
leaf_count=9 13 12 9 29 37 34 14 39 36 22 25 17 31 15 23 40 25
internal_value=-0.000808808 0.00729369 0.000581441 0.00840412 -0.00300098 0.00792891 0.023561 0.00533964 -0.0241958 -0.00657404 0.0143567 -0.0319787 -0.0510842 -0.0508553 -0.0505436 -0.0505166 -0.0505107
internal_weight=20.0608 14.899 12.0259 10.7832 9.14657 7.55385 5.42777 3.91526 5.16179 3.11822 2.13603 2.12609 2.04357 1.71153 1.25059 0.968682 0.649518
internal_count=430 204 192 183 170 133 87 73 226 83 47 46 143 134 119 96 65
cat_boundaries=0 1 2
cat_threshold=2 1
is_linear=0
shrinkage=0.05


Tree=37
num_leaves=19
num_cat=4
split_feature=20 1 20 20 21 8 1 21 19 4 4 21 8 5 10 7 1 8
split_gain=1.43344 1.36032 1.07825 1.34661 1.13397 2.5589 1.35474 1.13008 2.65218 0.494947 1.54268 0.297678 0.0138671 0.000671926 0.000119148 0.000442658 3.42017e-07 1.82776e-08
threshold=0.0089548384798945769 0 0.086679804665228941 0.79784914983287314 0.0050167224080267568 12.500000000000002 1 0.067816091954023008 1.0000000180025095e-35 16.000000000000004 30.500000000000004 0.24109099296505596 25.500000000000004 2 1.0000000180025095e-35 -11.499999999999998 3 2.0000000000000004
decision_type=2 1 2 2 2 2 1 2 2 2 2 2 2 1 2 2 1 2
left_child=1 -1 7 4 6 11 -4 -2 -9 13 -11 -6 -8 16 15 -15 17 -3
right_child=2 9 3 -5 5 -7 12 8 -10 10 -12 -13 -14 14 -16 -17 -18 -19
leaf_value=0.022559076438224478 0.066776293741312651 -0.050498403497432953 -0.00021461706967535523 0.03605054841902431 -0.016165122158918088 0.034440384573497101 -0.052697614867092929 0.073960883087675316 -0.052979592747853389 0.063440216399888796 -0.051917394858021153 -0.05382825311363864 -0.060972345296980757 -0.050874046690163856 -0.05276979114769547 -0.053000205294937097 -0.050553864726036346 -0.050477436266119335
leaf_weight=1.1938340924680251 1.3878602990880602 0.2334179962053895 2.2295863963663578 2.1389244496822348 1.000648374669254 3.3526155073195696 1.0498995687812551 0.7641218267381189 0.89158670511096716 0.43326663319021441 0.87534159887582064 1.102840509265661 0.97790008038282383 0.50017651170492172 0.69727461040019989 0.47947283461690104 0.39461880456656218 0.18737385701388121
leaf_count=13 18 24 25 9 21 26 33 16 27 21 41 22 13 38 15 9 39 20
internal_value=-0.000820241 -0.0240001 0.00695221 0.000135383 -0.00777319 0.00731764 -0.027113 0.0334986 0.00560438 -0.0386238 -0.0137237 -0.0359116 -0.0566881 -0.0516977 -0.0522702 -0.0519147 -0.0505204 -0.0504891
internal_weight=19.8908 4.99478 14.896 11.8524 9.71349 5.4561 4.25739 3.04357 1.65571 3.80094 1.30861 2.10349 2.0278 2.49233 1.67692 0.979649 0.815411 0.420792
internal_count=430 220 210 149 140 69 71 61 43 207 62 43 46 145 62 47 83 44
cat_boundaries=0 1 2 3 4
cat_threshold=1 1 2 4
is_linear=0
shrinkage=0.05


Tree=38
num_leaves=19
num_cat=2
split_feature=18 1 20 20 7 20 4 21 21 1 21 10 7 19 20 4 18 18
split_gain=1.34189 0.990452 1.38585 0.967301 1.10551 0.88253 0.771015 0.745299 0.978934 0.000210684 0.000154839 0.000143578 0.000440537 2.67498e-05 1.8218e-06 1.09441e-07 3.2677e-08 9.23828e-12
threshold=0.87409401350310023 0 0.0089548384798945769 0.059734626835027206 -13.499999999999998 0.21309640557711171 16.000000000000004 0.0050167224080267568 0.19090909090909094 1 0.43404682274247497 1.0000000180025095e-35 -11.499999999999998 0.38907562519182187 0.0089548384798945769 16.000000000000004 0.53959062302381255 0.77203402217513795
decision_type=2 1 2 2 2 2 2 2 2 1 2 2 2 2 2 2 2 2
left_child=3 -2 6 9 -5 -6 11 -4 -9 -1 14 12 13 -3 15 16 -11 -18
right_child=1 2 7 4 5 -7 -8 8 -10 10 -12 -13 -14 -15 -16 -17 17 -19
leaf_value=-0.052202803473867666 0.031352472261350406 -0.051136648256537 -0.015581910352641405 -0.051960994788751005 0.048999638321105612 -0.015364267816847589 0.0062184872575042375 0.040351836446133167 0.0015551178084845284 -0.050479457520767795 -0.051616331866846638 -0.052628231381632563 -0.052845376481442989 -0.050453444385160376 -0.050621660689439088 -0.050501927486364874 -0.050455457110921323 -0.050454992749896559
leaf_weight=0.32701483741402804 3.2045314610004407 0.26521967444568606 2.2724843136966211 0.91071866359561715 0.97298374585807357 1.1766265239566562 0.85235087014734734 2.766212584450841 3.9443786051124334 0.20560626499354906 0.43333960138261307 0.66500712186098088 0.45739117637276849 0.31159508321434259 0.27388053294271231 0.25355756562203169 0.20574505347758532 0.22341147065162659
leaf_count=9 22 14 26 36 22 25 29 23 31 22 15 15 9 35 23 26 23 25
internal_value=-0.000821428 0.00676183 -6.98965e-05 -0.0232524 -0.00579153 0.0137689 -0.0325888 0.0091668 0.0175477 -0.0510466 -0.0508097 -0.0520551 -0.0516865 -0.0507676 -0.0505089 -0.0504742 -0.0504631 -0.0504552
internal_weight=19.7221 14.7392 11.5346 4.98288 3.06033 2.14961 2.55156 8.98308 6.71059 1.92256 1.59554 1.69921 1.03421 0.576815 1.1622 0.88832 0.634763 0.429157
internal_count=430 204 182 226 83 47 102 80 54 143 134 73 58 49 119 96 70 48
cat_boundaries=0 1 2
cat_threshold=1 1
is_linear=0
shrinkage=0.05


Tree=39
num_leaves=19
num_cat=3
split_feature=10 20 21 18 20 1 4 4 18 20 4 20 18 20 5 20 18 1
split_gain=1.25739 2.09186 1.44913 1.55073 1.60614 2.40901 0.988529 1.95422 0.94072 0.751255 0.458018 0.000856927 0.000805106 0.000558721 0.000227087 6.30017e-05 5.21689e-05 3.14894e-07
threshold=0.040673927842069448 0.79784914983287314 0.6246334310850441 1.3550586825559083 0.43028092400044726 0 16.000000000000004 23.500000000000004 0.53959062302381255 0.13162211787369818 84797.000000000015 0.059734626835027206 0.87409401350310023 0.099599198396793612 1 0.099599198396793612 0.87409401350310023 2
decision_type=2 2 2 2 2 1 2 2 2 2 2 2 2 2 1 2 2 1
left_child=1 2 3 4 5 -1 12 -8 -9 -5 11 14 15 -14 16 17 -10 -7
right_child=-2 -3 -4 9 -6 6 7 8 10 -11 -12 -13 13 -15 -16 -17 -18 -19
leaf_value=0.032190219814291876 0.028988635116097495 0.058067253802231683 0.050868072571643677 -0.017855879044953015 0.037387640798040078 -0.050511040634913996 0.051336725106622641 0.026373171431723158 -0.050794550070382673 -0.068080045992065893 -0.012837326676559905 -0.053765079888419054 -0.051723856395294865 -0.053633706396798236 -0.05268793758249584 -0.051215878176511437 -0.051670596851885089 -0.050440962472177914
leaf_weight=2.1583476867526779 2.999820575118064 1.1772160232067097 0.88978270720690567 1.3004397433251154 1.7668539807200421 0.30572351347655058 0.92248468194156874 0.6328144529834393 0.3318692771717906 1.7418639324605463 1.0491726668551566 1.1336856503039596 0.89211851824074961 0.67095443978905678 0.45318458694964669 0.5165943494066596 0.34828993398696184 0.33700790069997422
leaf_count=29 19 5 17 32 18 33 18 32 28 15 14 21 47 11 11 26 15 39
internal_value=-0.000806229 -0.00618132 -0.0110764 -0.0148615 -0.00647604 -0.014423 -0.0276715 -0.0141857 -0.0294916 -0.0466116 -0.040152 -0.0527931 -0.0518032 -0.0525437 -0.0518209 -0.0508047 -0.0512431 -0.0504743
internal_weight=19.6282 16.6284 15.4512 14.5614 11.5191 9.75225 7.5939 4.8715 3.94902 3.0423 3.3162 2.26703 2.7224 1.56307 1.13334 1.15933 0.680159 0.642731
internal_count=430 411 406 389 342 324 295 139 121 47 89 75 156 58 54 98 43 72
cat_boundaries=0 1 2 3
cat_threshold=1 2 2
is_linear=0
shrinkage=0.05


Tree=40
num_leaves=22
num_cat=2
split_feature=18 19 21 20 21 1 20 21 18 18 20 20 10 1 21 4 8 20 4 18 18
split_gain=1.22571 1.05966 1.47857 3.48523 2.18868 1.42764 0.93698 1.06335 0.649582 0.405645 0.0231909 0.000447772 0.000367779 0.000200779 0.000145177 5.30096e-05 3.64264e-05 2.0075e-06 1.80292e-07 2.41747e-08 6.95555e-12
threshold=0.87409401350310023 1.0000000180025095e-35 0.36730205278592382 0.56494158574746056 0.0050167224080267568 0 0.059734626835027206 0.4059229690365736 0.65051499783199074 1.4682568712394468 0.36719687875150064 0.099599198396793612 0.040673927842069448 1 0.43404682274247497 16.000000000000004 84.500000000000014 0.0089548384798945769 16.000000000000004 0.53959062302381255 0.77203402217513795
decision_type=2 2 2 2 2 1 2 2 2 2 2 2 2 1 2 2 2 2 2 2 2
left_child=6 -2 3 4 5 -3 13 8 15 -6 11 12 16 -1 17 -8 -7 18 19 -15 -21
right_child=1 2 -4 -5 9 10 7 -9 -10 -11 -12 -13 -14 14 -16 -17 -18 -19 -20 20 -22
leaf_value=-0.052159419485483721 0.036766050777333963 -1.2665339273346333e-05 -0.043403211653240736 0.068413136848263376 0.0070557977356065921 -0.050649170316883922 -0.052101568104208157 0.034094132449260066 0.0067277943592097475 0.039216557478142705 -0.063178202220548138 -0.053364852259312603 -0.053004586513612756 -0.050433424853277654 -0.051569313802524309 -0.051415598890021355 -0.051394820211839332 -0.050593349915771184 -0.050470420839513808 -0.050411734410453268 -0.050411310995406793
leaf_weight=0.32107053883373915 2.404177099466323 2.1872883290052423 1.6607308601960529 1.913393810391425 2.2590154446661477 0.3118001669645285 0.65216850861907028 1.084656238555908 0.80738918669521798 1.7323485147207973 0.69965187087655056 0.74123747460544098 0.37430507689714432 0.18620323110371895 0.4198026731610297 0.49569771718233824 0.34504046570509672 0.26013215817511082 0.23721342720091343 0.18631612788885832 0.202313382178545
leaf_count=9 38 17 15 8 30 33 27 15 19 16 7 14 7 22 15 22 19 23 26 23 25
internal_value=-0.000802197 0.00642123 0.000453508 0.00734802 -0.00615861 -0.0294361 -0.0225768 -0.00560978 -0.0276351 0.0210143 -0.0554702 -0.0524275 -0.0517537 -0.0510252 -0.0507811 -0.0518053 -0.0510409 -0.0504725 -0.0504337 -0.0504186 -0.0504115
internal_weight=19.482 14.629 12.2248 10.5641 8.65069 4.65932 4.85296 3.03991 1.95526 3.99136 2.47204 1.77238 1.03115 1.81305 1.49198 1.14787 0.656841 1.07218 0.812046 0.574833 0.38863
internal_count=430 204 166 151 143 97 226 83 68 46 80 73 59 143 134 49 52 119 96 70 48
cat_boundaries=0 1 2
cat_threshold=1 1
is_linear=0
shrinkage=0.05


Tree=41
num_leaves=22
num_cat=2
split_feature=18 19 21 20 16 4 20 20 20 7 20 1 20 1 21 8 4 20 4 18 18
split_gain=1.12963 0.928748 1.35717 3.17111 2.17161 1.27716 1.27603 4.24429 0.912401 1.01046 0.818373 0.00326974 0.00074987 0.000172257 0.000124657 6.54368e-05 7.69724e-06 1.72549e-06 1.54992e-07 2.07916e-08 5.93797e-12
threshold=0.87409401350310023 1.0000000180025095e-35 0.36730205278592382 0.56494158574746056 -1.0000000180025095e-35 932.50000000000011 0.19734513274336288 0.10260521042084171 0.059734626835027206 -13.499999999999998 0.21309640557711171 0 0.04390184645286687 1 0.43404682274247497 52251.000000000007 1.0000000180025095e-35 0.0089548384798945769 16.000000000000004 0.53959062302381255 0.77203402217513795
decision_type=2 2 2 2 2 2 2 2 2 2 2 1 2 1 2 2 2 2 2 2 2
left_child=8 -2 3 4 -3 6 7 11 13 -10 -11 -6 15 -1 17 16 -13 18 19 -15 -21
right_child=1 2 -4 -5 5 -7 -8 -9 9 10 -12 12 -14 14 -16 -17 -18 -19 -20 20 -22
leaf_value=-0.052050294835550896 0.034119423142254982 0.039294247472876784 -0.042014030642830068 0.065475644699949556 -0.056188296006371423 0.029191045922728975 -0.057493982391053258 0.067781964558366575 -0.051844742612145348 0.045828981279985158 -0.015712321213916799 -0.050399865908808399 -0.053479454130159323 -0.050412112966506863 -0.051490701364596374 -0.051600708396854378 -0.050812918831355684 -0.050564090907104731 -0.050447272662636461 -0.05039149159693164 -0.05039109055301022
leaf_weight=0.30603587627411066 2.4596445783972731 2.0279906839132273 1.6306360661983479 1.8996173739433277 0.75636535137892258 1.1015288382768629 2.3627887573093176 1.1431495584547517 0.84368717391043935 1.0011273957788946 1.1733246780931947 0.25914693670347044 0.49109368398785591 0.17719498556107349 0.39992292970418919 0.23845119029283524 0.19970612321048975 0.24758493667468429 0.22574531799182296 0.17729878006502986 0.19252171879634261
leaf_count=9 38 15 15 8 8 12 31 9 36 22 25 33 9 22 15 8 18 23 26 23 25
internal_value=-0.000791914 0.00610822 0.000419128 0.00702162 -0.00591981 -0.0199141 -0.0298377 -0.00867584 -0.0219821 -0.00539927 0.0126216 -0.0536184 -0.0519828 -0.0509743 -0.0507425 -0.0509288 -0.0505796 -0.0504492 -0.0504124 -0.050398 -0.0503913
internal_weight=19.3146 14.5701 12.1105 10.4798 8.58022 6.55223 5.4507 3.08791 4.74444 3.01814 2.17445 1.94476 1.1884 1.7263 1.42027 0.697304 0.458853 1.02035 0.772761 0.547015 0.36982
internal_count=430 204 166 151 143 128 116 85 226 83 47 76 68 143 134 59 51 119 96 70 48
cat_boundaries=0 1 2
cat_threshold=1 1
is_linear=0
shrinkage=0.05


Tree=42
num_leaves=19
num_cat=3
split_feature=20 1 20 20 4 8 14 4 1 7 20 18 10 21 5 4 14 18
split_gain=1.1025 1.13906 0.926528 1.24616 1.5684 1.32841 0.99376 0.565706 0.563425 0.50518 0.209478 0.115195 0.000702542 0.000117713 1.66193e-05 2.08057e-07 1.76179e-08 8.0298e-10
threshold=0.0089548384798945769 0 0.086679804665228941 0.16587342901762478 23.500000000000004 43.500000000000007 1.0000000180025095e-35 496.00000000000006 1 -11.499999999999998 0.49267813347957362 0.95154499349597188 0.040673927842069448 0.25388888888888894 2 16.000000000000004 0.09401709401709403 0.77203402217513795
decision_type=2 1 2 2 2 2 2 2 1 2 2 2 2 2 1 2 2 2
left_child=1 -1 6 -4 5 8 7 -2 -5 12 -6 -10 13 14 -3 16 17 -16
right_child=2 9 3 4 10 -7 -8 -9 11 -11 -12 -13 -14 -15 15 -17 -18 -19
leaf_value=0.019422562392864079 -0.014297774014316911 -0.05075711005334578 -0.034664687383316857 0.029835624897806935 -0.0053131115462624178 0.053535426964394284 0.072519941785841618 0.037884644042782967 0.00075643145588000238 -0.010735603552177453 -0.028999788064981897 -0.023331351431469562 -0.053015870628761709 -0.051487603545657901 -0.050372225846025645 -0.050434723982923646 -0.050394473744315077 -0.05037643833809638
leaf_weight=1.2147125005722064 1.0687464918009935 0.50857203966006637 2.1691721817478529 1.2786964029073715 1.7948761507868769 2.2825584653764963 0.96210316568613041 1.0103982393629847 0.89387969952076529 1.187837563455105 1.9447583369910715 1.116038456559181 0.42854163795709599 0.42291103303432453 0.20537764718756191 0.23628880316391587 0.14643549174070358 0.25185504090040922
leaf_count=13 28 47 35 14 32 13 14 19 32 26 10 13 8 17 28 28 19 34
internal_value=-0.000793197 -0.0221176 0.0059656 -0.000534993 0.00741632 0.0242294 0.0305038 0.0110612 0.00388862 -0.0370119 -0.0176311 -0.0126187 -0.0511993 -0.0507598 -0.0505315 -0.0503949 -0.0503794 -0.0503745
internal_weight=19.1238 4.60253 14.5212 11.48 9.31081 5.57117 3.04125 2.07914 3.28861 3.38782 3.73963 2.00992 2.19998 1.77144 1.34853 0.839957 0.603668 0.457233
internal_count=430 220 210 149 114 72 61 47 59 207 42 45 181 173 156 109 81 62
cat_boundaries=0 1 2 3
cat_threshold=1 1 1
is_linear=0
shrinkage=0.05


Tree=43
num_leaves=21
num_cat=3
split_feature=18 21 19 21 20 21 1 21 18 20 20 20 20 10 20 7 8 1 1 4
split_gain=1.03754 0.863542 0.831718 1.24583 2.88044 1.9468 1.33426 0.657587 0.586356 1.57812 0.0251663 0.00339611 0.000285609 0.000292894 9.17389e-05 3.47472e-05 2.58673e-05 2.21748e-05 9.18624e-06 4.83316e-07
threshold=0.87409401350310023 0.4059229690365736 1.0000000180025095e-35 0.36730205278592382 0.56494158574746056 0.0050167224080267568 0 0.080322580645161304 0.77203402217513795 0.20220440881763532 0.49267813347957362 0.47566220877128412 0.099599198396793612 0.040673927842069448 0.081567140130388446 -13.499999999999998 84.500000000000014 1 2 16.000000000000004
decision_type=2 2 2 2 2 2 1 2 2 2 2 2 2 2 2 2 2 1 1 2
left_child=1 8 -2 4 5 6 -4 -7 11 17 12 14 13 16 18 -16 -8 -10 19 -1
right_child=2 -3 3 -5 -6 7 10 -9 9 -11 -12 -13 -14 -15 15 -17 -18 -19 -20 -21
leaf_value=-0.050363637730618541 0.032113031609880147 0.0098355894996039611 -0.00041230076099212022 -0.04081587897723235 0.062888574552308063 0.043701952337438683 -0.05063423993333005 0.002506436936072453 -0.050885295295355008 0.076096736279548466 -0.064396506581666277 -0.056596217606907639 -0.052974070686549329 -0.052810643242920598 -0.051017654133834182 -0.051602708822937875 -0.051299552233123893 -0.05145244708429958 -0.050779425436264083 -0.050478359241389416
leaf_weight=0.18562277033925056 2.4922741502523413 1.4982702191919086 2.1593768447637567 1.5921285292133678 1.8677087873220433 1.6547039411962035 0.27522468939423317 2.3366458234377205 0.33695546584203839 0.37652299366891384 0.56963606178760517 0.32539501041173924 0.76351551711559296 0.35272062197327614 0.47011218219995499 0.5515155643224714 0.31139247631654143 0.35279240971431158 0.34594484465197028 0.18165292032063007
leaf_count=26 38 30 17 15 8 15 33 31 30 7 5 5 16 7 27 23 19 24 34 20
internal_value=-0.000775418 -0.0213749 0.00585179 0.000343932 0.00671184 -0.00574442 -0.0285561 0.019585 -0.0363315 -0.00623288 -0.0552991 -0.0519089 -0.0522558 -0.051672 -0.0510297 -0.0513335 -0.0509874 -0.0511754 -0.0505945 -0.0504204
internal_weight=19.0001 4.62478 14.3753 11.8831 10.2909 8.42322 4.43187 3.99135 3.12651 1.06627 2.27249 2.06024 1.70285 0.939338 1.73485 1.02163 0.586617 0.689748 0.713221 0.367276
internal_count=430 226 204 166 151 143 97 46 196 61 80 135 75 59 130 50 52 54 80 46
cat_boundaries=0 1 2 3
cat_threshold=1 4 4
is_linear=0
shrinkage=0.05


Tree=44
num_leaves=17
num_cat=4
split_feature=20 1 20 20 4 8 8 4 4 1 18 5 7 10 1 8
split_gain=0.991187 1.05837 0.802039 1.11546 1.37709 1.21654 0.911961 0.493285 1.48947 0.478637 0.092614 0.000461044 5.99088e-05 0.000301839 1.763e-07 6.35355e-09
threshold=0.0089548384798945769 0 0.086679804665228941 0.16587342901762478 23.500000000000004 43.500000000000007 1.0000000180025095e-35 16.000000000000004 30.500000000000004 1 1.4682568712394468 2 -11.499999999999998 0.040673927842069448 3 2.0000000000000004
decision_type=2 1 2 2 2 2 2 2 2 1 2 1 2 2 1 2
left_child=1 -1 6 -4 5 9 -2 11 -9 -5 -6 14 13 -13 15 -3
right_child=2 7 3 4 10 -7 -8 8 -10 -11 -12 12 -14 -15 -16 -17
leaf_value=0.018222868132133318 0.052501578055700854 -0.050349921909455621 -0.033573024061618675 -0.019478264735070146 -0.0089325452040494562 0.050859416036214466 -0.00233713867191624 0.063425823640035309 -0.051977330258235671 0.019337091076623111 -0.024790885430216902 -0.050792155916453419 -0.052403318148285229 -0.052739589328474779 -0.050398561893570504 -0.050335210775119689
leaf_weight=1.2256620042026061 1.7157006170600646 0.16484229126945138 2.0837437752634278 1.3602792778983712 1.8663847558200362 2.2654819246381521 1.3583463369868694 0.43168680462986209 0.79361772211268544 1.9085426665842515 1.8169340714812277 0.40339859900996089 0.6369126439094559 0.39263109490275383 0.28205613698810339 0.13230002392083406
leaf_count=13 32 24 35 33 33 13 29 21 41 26 9 38 16 8 39 20
internal_value=-0.000765543 -0.0213489 0.00562493 -0.000534597 0.0069341 0.0227004 0.0282697 -0.0363303 -0.0113197 0.00318457 -0.0167553 -0.0515607 -0.0520419 -0.0517527 -0.0503702 -0.0503434
internal_weight=18.8385 4.46311 14.3754 11.3014 9.21762 5.5343 3.07405 3.23745 1.2253 3.26882 3.68332 2.01214 1.43294 0.79603 0.579198 0.297142
internal_count=430 220 210 149 114 72 61 207 62 59 42 145 62 46 83 44
cat_boundaries=0 1 2 3 4
cat_threshold=1 4 2 4
is_linear=0
shrinkage=0.05


Tree=45
num_leaves=19
num_cat=2
split_feature=10 20 21 18 20 1 4 4 20 8 20 20 21 18 20 8 20 1
split_gain=0.987694 1.4852 1.35699 1.3982 1.22619 2.03343 0.894208 1.79831 0.71332 0.627527 1.26627 0.00255198 0.00064402 0.000497389 0.000171541 9.96847e-05 5.54961e-05 1.74052e-07
threshold=0.040673927842069448 0.79784914983287314 0.6246334310850441 1.3550586825559083 0.43028092400044726 0 16.000000000000004 23.500000000000004 0.13162211787369818 1.0000000180025095e-35 0.059734626835027206 0.10769047189039967 0.058333333333333341 0.87409401350310023 0.099599198396793612 12.500000000000002 0.099599198396793612 1
decision_type=2 2 2 2 2 1 2 2 2 2 2 2 2 2 2 2 2 1
left_child=1 2 3 4 5 -1 13 -8 -5 10 12 15 -9 16 -15 -11 17 -7
right_child=-2 -3 -4 8 -6 6 7 9 -10 11 -12 -13 -14 14 -16 -17 -18 -19
leaf_value=0.029194600487110797 0.026063552763973798 0.050257365948002342 0.050100218008133739 -0.016524413967527844 0.032404418422357514 -0.050325806532089991 0.048103073766908387 -0.052715172966893743 -0.066934658621076434 -0.050897400351728496 0.021401917986410848 -0.055648181624015469 -0.055244987102281706 -0.051767052539073523 -0.052909295642692991 -0.052102303232212314 -0.051125773031973479 -0.0503861634400131
leaf_weight=2.1835295232012877 2.9019217081367961 1.1043227165937413 0.88670092727989036 1.2467995793558668 1.7782299630343903 0.25013377843424678 0.94464361574500788 0.49971616640687055 1.6052904929965732 0.3223308087326584 1.2472999300807712 0.83589399792253971 0.50661881500855088 0.81492642592638709 0.55088922008872032 0.36722479294985533 0.45508887991309166 0.22860966715961462
leaf_count=29 19 5 17 32 18 39 18 18 15 29 25 14 22 47 11 13 26 33
internal_value=-0.000751832 -0.00566811 -0.00986263 -0.0137051 -0.00560652 -0.012948 -0.0260499 -0.0136017 -0.0448977 -0.0290259 -0.0122629 -0.0537907 -0.0539888 -0.0516197 -0.0522278 -0.0515391 -0.0507304 -0.0503546
internal_weight=18.7302 15.8282 14.7239 13.8372 10.9851 9.20691 7.02338 4.72373 2.85209 3.77908 2.25363 1.52545 1.00633 2.29965 1.36582 0.689556 0.933832 0.478743
internal_count=430 411 406 389 342 324 295 139 47 121 65 56 40 156 58 42 98 72
cat_boundaries=0 1 2
cat_threshold=1 4
is_linear=0
shrinkage=0.05


Tree=46
num_leaves=19
num_cat=2
split_feature=18 14 20 19 21 20 17 21 19 20 20 19 21 1 20 20 4 1
split_gain=0.977861 0.830129 1.19766 0.769428 1.15512 2.41788 1.88498 1.20077 0.346648 0.6508 0.0434764 0.0287627 0.00102631 0.000176714 7.30357e-05 2.37232e-06 2.2352e-07 5.69295e-12
threshold=0.87409401350310023 0.58333333333333348 0.20220440881763532 1.0000000180025095e-35 0.36730205278592382 0.56494158574746056 -1.0000000180025095e-35 0.0050167224080267568 0.58804562952784079 0.16587342901762478 0.426395695056138 0.58804562952784079 0.4059229690365736 0 0.081567140130388446 0.0089548384798945769 16.000000000000004 1
decision_type=2 2 2 2 2 2 2 2 2 2 2 2 2 1 2 2 2 1
left_child=1 2 12 -2 5 6 -5 8 9 -8 -4 -9 13 -1 15 16 17 -15
right_child=3 -3 10 4 -6 -7 7 11 -10 -11 -12 -13 -14 14 -16 -17 -18 -19
leaf_value=-0.051841102935417251 0.031035574387977535 0.036604807346095274 0.013022276941081058 0.037536316306469503 -0.039778963180951615 0.058727137163463727 -0.053682400276658077 0.0084148958820096237 -0.05789975566073962 0.010698879118191989 -0.003466843904138157 -0.0011637968994164239 -0.053291349249855804 -0.050304126521313122 -0.05116605165924884 -0.0505195415897466 -0.050371610128788026 -0.050303742382634964
leaf_weight=0.43754816427827092 2.4780362062156192 0.54928139876574267 0.76197421737015225 1.9788116849958859 1.5536750787869085 1.8181951642036427 0.86157945124432644 1.4349225894548001 1.4995442298240957 0.72100958414375782 0.84095571655780077 1.7268918193876741 0.66685453429818142 0.21633118018507957 0.47171247564256191 0.21675918065011501 0.17763654328882694 0.17404939094558469
leaf_count=14 38 18 30 15 15 8 37 18 39 10 11 24 18 36 23 22 25 29
internal_value=-0.000748763 -0.0210008 -0.0289834 0.00574607 0.000341122 0.00654906 -0.00498843 -0.0184652 -0.0406734 -0.024351 0.00437148 0.00318329 -0.0516298 -0.0509757 -0.0506744 -0.0503788 -0.0503251 -0.050304
internal_weight=18.5858 4.5131 3.96382 14.0727 11.5946 10.041 8.22276 6.24395 3.08213 1.58259 1.60293 3.16181 2.36089 1.69404 1.25649 0.784776 0.568017 0.390381
internal_count=430 226 208 204 166 151 143 128 86 47 41 42 167 149 135 112 90 65
cat_boundaries=0 1 2
cat_threshold=1 4
is_linear=0
shrinkage=0.05


Tree=47
num_leaves=23
num_cat=2
split_feature=18 20 4 21 20 19 20 10 20 20 1 20 1 21 7 20 21 20 4 18 18 18
split_gain=0.899187 0.809542 0.91034 1.93591 1.04803 0.677948 1.09775 0.800902 0.625824 0.64053 0.000834796 0.00107817 0.000123464 0.000121795 2.94696e-05 4.31003e-05 3.83525e-06 8.57808e-07 1.70226e-07 4.36856e-08 2.37121e-08 5.14322e-12
threshold=0.87409401350310023 0.059734626835027206 80.500000000000014 0.4059229690365736 0.20891783567134273 1.0000000180025095e-35 0.05827817852804839 0.040673927842069448 0.19734513274336288 0.56494158574746056 0 0.025988862261434122 1 0.50777777777777788 -11.499999999999998 1.0000000180025095e-35 0.21906354515050169 0.0072692021890228649 16.000000000000004 1.2546012611655517 0.53959062302381255 0.77203402217513795
decision_type=2 2 2 2 2 2 2 2 2 2 1 2 1 2 2 2 2 2 2 2 2 2
left_child=1 12 3 4 -3 -2 7 10 -8 -10 -7 14 -1 16 15 19 17 18 20 -12 -14 -22
right_child=5 2 -4 -5 -6 6 8 -9 9 -11 11 -13 13 -15 -16 -17 -18 -19 -20 -21 21 -23
leaf_value=-0.051877212347168626 0.028937885141944737 0.029690951445172972 -0.052714692129777654 0.079517076129124606 -0.055183865768075692 -0.054727317704872949 0.026010436757034669 0.014456067256733169 -0.01442270726933228 0.018224163023480372 -0.050309088105573753 -0.054267389868950182 -0.050315425276330351 -0.051538975762316419 -0.05137228338827713 -0.051314861438050641 -0.050606294735939833 -0.050459258473800284 -0.050358658299493535 -0.050346719801591777 -0.050289374909985522 -0.050288927668624563
leaf_weight=0.28018433600664316 2.523566083982586 0.60852889530360765 0.75774090271443117 0.70024729147553433 0.90404525212943554 0.39364680647850137 3.0997913815081102 0.63600119575858105 3.7811115812510252 2.4930662512779236 0.15008700732141556 0.35878642462193966 0.1288322773762054 0.32129319384694099 0.22802117466926575 0.17266861442476511 0.17408252833411098 0.12911015655845404 0.16447564167901874 0.15863208333030343 0.12586408108472824 0.13138376688584685
leaf_count=9 38 24 21 7 31 5 28 9 39 11 25 7 21 12 9 9 17 15 24 24 22 23
internal_value=-0.000737278 -0.0203814 -0.00541425 0.0107829 -0.0210376 0.00547484 0.000313444 -0.0323815 0.0076304 -0.00145036 -0.0527591 -0.0520337 -0.0509341 -0.0507092 -0.050904 -0.0506822 -0.0503969 -0.0503433 -0.0503161 -0.0503284 -0.0502979 -0.0502891
internal_weight=18.4212 4.42579 2.97056 2.21282 1.51257 13.9954 11.4718 2.09784 9.37397 6.27418 1.46184 1.0682 1.45523 1.17504 0.709409 0.481388 0.853748 0.679666 0.550556 0.308719 0.38608 0.257248
internal_count=430 226 83 62 55 204 166 88 78 50 79 74 143 134 67 58 122 105 90 49 66 45
cat_boundaries=0 1 2
cat_threshold=1 1
is_linear=0
shrinkage=0.05


Tree=48
num_leaves=18
num_cat=2
split_feature=20 1 20 20 4 20 20 21 21 7 21 10 21 5 4 14 18
split_gain=0.836192 0.96462 0.729415 0.947843 1.22878 1.51614 1.83983 0.814467 2.19716 0.498921 0.103892 0.000522615 0.000144383 1.76665e-05 2.32269e-07 2.3981e-08 4.22357e-10
threshold=0.0089548384798945769 0 0.086679804665228941 0.16587342901762478 23.500000000000004 0.27010804321728693 0.51020408163265318 0.067816091954023008 0.4059229690365736 -11.499999999999998 0.34176863181312572 0.040673927842069448 0.25388888888888894 1 16.000000000000004 0.09401709401709403 0.77203402217513795
decision_type=2 1 2 2 2 2 2 2 2 2 2 2 2 1 2 2 2
left_child=1 -1 7 -4 5 -5 -7 -2 -9 11 -6 12 13 -3 15 16 -15
right_child=2 9 3 4 10 6 -8 8 -10 -11 -12 -13 -14 14 -16 -17 -18
leaf_value=0.017444449002031445 0.05501397996339074 -0.050718304597298071 -0.03208548830143821 0.064117291503898569 -0.0080091951971079083 -0.031781391645246841 0.036630458037767842 -0.05519652660239377 0.059787549273810275 -0.009354462263636348 -0.02499786742047801 -0.052809798518818576 -0.051576609949213231 -0.050275126914143903 -0.050349877047852015 -0.050303755174276266 -0.05027867329024626
leaf_weight=1.2139941342175025 1.3897347766906016 0.42770478874444962 1.9908305071294297 1.4843236654996852 1.7737667514011266 1.8355502896010878 2.1153700947761536 0.81878111511468865 0.84341257251799107 1.1476122941821814 1.8266779854893682 0.40162768587470066 0.40684805624186982 0.15238929353654451 0.18776218313723803 0.11209100252017379 0.186954524833709
leaf_count=13 18 47 35 22 27 39 11 30 13 26 15 8 17 28 28 19 34
internal_value=-0.000728125 -0.0202025 0.00513279 -0.000854741 0.00602632 0.0210334 0.00484713 0.0267655 0.00314747 -0.035321 -0.0166284 -0.0512109 -0.0507752 -0.0504696 -0.0503031 -0.0502837 -0.0502771
internal_weight=18.3154 4.23698 14.0784 11.0265 9.03569 5.43524 3.95092 3.05193 1.66219 3.02299 3.60044 1.87538 1.47375 1.0669 0.639197 0.451435 0.339344
internal_count=430 220 210 149 114 72 50 61 43 207 42 181 173 156 109 81 62
cat_boundaries=0 1 2
cat_threshold=1 1
is_linear=0
shrinkage=0.05


Tree=49
num_leaves=21
num_cat=2
split_feature=18 20 7 20 19 21 20 4 20 20 10 20 1 1 21 8 20 7 19 8
split_gain=0.840889 0.75965 0.843125 0.757062 0.60008 1.04636 2.11553 1.81112 1.32316 1.84757 1.84443 0.00431135 0.0010317 0.000111721 0.000113124 2.08391e-05 3.4058e-06 5.67698e-08 4.6533e-08 6.23812e-08
threshold=0.87409401350310023 0.059734626835027206 -13.499999999999998 0.21309640557711171 1.0000000180025095e-35 0.36730205278592382 0.56494158574746056 80.500000000000014 0.25523749322737949 0.16587342901762478 0.040673927842069448 0.05827817852804839 0 1 0.50777777777777788 12.500000000000002 0.0089548384798945769 -13.499999999999998 1.0000000180025095e-35 9.5000000000000018
decision_type=2 2 2 2 2 2 2 2 2 2 2 2 1 1 2 2 2 2 2 2
left_child=1 13 -3 -4 -2 6 7 8 9 10 11 12 -6 -1 16 -14 17 -15 -19 -20
right_child=4 2 3 -5 5 -7 -8 -9 -10 -11 -12 -13 15 14 -16 -17 -18 18 19 -21
leaf_value=-0.051817331678203099 0.027242235022937256 -0.051716964040271596 0.040814438911829294 -0.017772984901937305 -0.054554388637584321 -0.038330482590100468 0.055749931963711079 0.030902346407419512 -0.060373739148370457 0.045122112971073824 0.03290180399956863 -0.057333292320859978 -0.051511835274772155 -0.050275945731738263 -0.051500214138820381 -0.050849870287179202 -0.050532128994756509 -0.050336489275506081 -0.050274346906100734 -0.050322499607414028
leaf_weight=0.27415912691503941 2.5408455915749064 0.74665523692965541 1.039084676653147 1.1748153707012532 0.3816493526101129 1.5141867073252786 1.7736612409353245 2.4838174656033516 1.5114054698497055 1.2451592739671467 0.85810120776295651 1.0514537468552587 0.193495753686872 0.16213405691087313 0.30719375051558018 0.30835846392437816 0.22310571605339646 0.12374142603948712 0.12900490732863545 0.14052490750327706
leaf_count=9 38 36 22 25 5 15 8 31 17 13 10 13 23 30 12 31 24 20 24 24
internal_value=-0.000719934 -0.0199803 -0.0057709 0.00972478 0.00528295 0.000354607 0.00632747 -0.00458426 -0.0204668 -0.00553065 -0.0281119 -0.0551698 -0.0525951 -0.0509155 -0.0506877 -0.0511051 -0.0503671 -0.0503008 -0.0503111 -0.0502995
internal_weight=18.1826 4.32042 2.96056 2.2139 13.8621 11.3213 9.8071 8.03344 5.54962 4.03822 2.79306 1.93496 0.883504 1.35986 1.0857 0.501854 0.778511 0.555405 0.393271 0.26953
internal_count=430 226 83 47 204 166 151 143 112 95 82 72 59 143 134 54 122 98 68 48
cat_boundaries=0 1 2
cat_threshold=1 1
is_linear=0
shrinkage=0.05


Tree=50
num_leaves=21
num_cat=2
split_feature=18 20 4 21 18 1 20 19 20 18 20 20 10 1 21 8 20 7 19 8
split_gain=0.772619 0.739208 0.841953 1.56196 1.10031 0.547503 1.05316 0.997554 0.675817 1.16887 0.00135506 0.000977644 0.000347104 9.58732e-05 9.71905e-05 2.19554e-05 2.93e-06 4.88608e-08 4.00286e-08 5.36989e-08
threshold=0.87409401350310023 0.059734626835027206 80.500000000000014 0.4059229690365736 0.77203402217513795 0 0.081567140130388446 1.0000000180025095e-35 0.49267813347957362 1.4682568712394468 0.36719687875150064 0.025988862261434122 0.040673927842069448 1 0.50777777777777788 25.500000000000004 0.0089548384798945769 -13.499999999999998 1.0000000180025095e-35 9.5000000000000018
decision_type=2 2 2 2 2 1 2 2 2 2 2 2 2 1 2 2 2 2 2 2
left_child=1 13 3 4 10 -2 7 -7 9 -8 -3 12 15 -1 16 -9 17 -15 -19 -20
right_child=5 2 -4 -5 -6 6 8 11 -10 -11 -12 -13 -14 14 -16 -17 -18 18 19 -21
leaf_value=-0.051725989813070528 0.023238507636152692 -0.051183536942594067 -0.052674926604644456 0.068265075310056669 0.036839374313394839 0.002577971640764295 0.00056995223568534318 -0.050500105483562069 -0.0079351231544572218 0.053425935930781203 -0.055003695319488094 -0.054199093957004334 -0.052754441854859419 -0.05026241661563699 -0.051425378836232973 -0.051101157065101668 -0.050506001212375917 -0.050319991577732343 -0.05026089663951723 -0.050306697384794943
leaf_weight=0.26123711932450711 3.1756206154823285 0.52059074770659275 0.71685256157070387 0.75220360979437817 0.53694770112633705 1.7103301528841242 2.4734137691557407 0.24691840354353167 3.0281805470585823 1.8124050758779047 0.41893669124692678 0.54762087948620308 0.39453807473182678 0.1542671523056931 0.29262623749673367 0.39496810082346201 0.21233174344524741 0.11774410028010607 0.12274527363479137 0.13371235504746437
leaf_count=9 22 29 21 7 12 34 33 35 17 13 14 10 8 30 12 32 24 20 24 24
internal_value=-0.000716235 -0.0193809 -0.0055402 0.00962064 -0.0202563 0.00502533 -0.000426791 -0.0239007 0.0101463 0.0229219 -0.052887 -0.0524902 -0.0515873 -0.0508702 -0.0506539 -0.0508699 -0.0503491 -0.0502861 -0.0502959 -0.0502848
internal_weight=18.0242 4.2402 2.94553 2.22868 1.47648 13.784 10.6084 3.29438 7.314 4.28582 0.939527 1.58405 1.03642 1.29466 1.03343 0.641887 0.740801 0.528469 0.374202 0.256458
internal_count=430 226 83 62 55 204 182 119 63 46 43 85 75 143 134 67 122 98 68 48
cat_boundaries=0 1 2
cat_threshold=1 1
is_linear=0
shrinkage=0.05


Tree=51
num_leaves=23
num_cat=2
split_feature=18 20 4 21 18 19 21 20 21 1 18 20 20 20 10 1 21 19 20 7 19 8
split_gain=0.713194 0.715806 0.79462 1.3641 1.02836 0.518131 0.962299 1.97263 1.66329 1.15285 0.265805 0.0186098 0.00117229 0.000147711 0.000225472 8.22862e-05 8.35089e-05 3.31534e-06 2.52071e-06 4.20593e-08 3.44381e-08 4.62257e-08
threshold=0.87409401350310023 0.059734626835027206 80.500000000000014 0.4059229690365736 0.77203402217513795 1.0000000180025095e-35 0.36730205278592382 0.56494158574746056 0.0050167224080267568 0 1.4682568712394468 0.49267813347957362 0.36719687875150064 0.099599198396793612 0.040673927842069448 1 0.50777777777777788 0.58804562952784079 0.0089548384798945769 -13.499999999999998 1.0000000180025095e-35 9.5000000000000018
decision_type=2 2 2 2 2 2 2 2 2 1 2 2 2 2 2 1 2 2 2 2 2 2
left_child=1 15 3 4 12 -2 7 8 9 -7 -10 13 -3 14 17 -1 18 -11 19 -17 -21 -22
right_child=5 2 -4 -5 -6 6 -8 -9 10 11 -12 -13 -14 -15 -16 16 -18 -19 -20 20 21 -23
leaf_value=-0.051639370491088125 0.024935561274090211 -0.051125223869075948 -0.052542348476318085 0.062258280989424153 0.033971220985039317 -0.0017152633297673322 -0.037293153536069414 0.053900882646207897 0.0072381908287215942 -0.050612536010497415 0.033661295669918968 -0.063039521718872171 -0.054763172842729503 -0.052572326092578718 -0.052542776932226948 -0.050249553151128459 -0.051354356821905228 -0.050899628086049892 -0.050481164350226218 -0.050304309138635511 -0.050248109387436207 -0.050291673675354587
leaf_weight=0.24890273902565418 2.5865387227386227 0.49575180839747257 0.6835684124380349 0.78270446509122837 0.55274093896150589 2.1315147280693054 1.4908745409920801 1.7505567371845243 2.1931322412565355 0.1631495701149086 1.6815326819196341 0.52743904665112484 0.4002109607681632 0.65882096439599991 0.32236674800515175 0.14678007038310237 0.27872992679476738 0.26212604437023401 0.20207306742668152 0.11203568987548351 0.11678788019344211 0.12722816597670317
leaf_count=9 38 29 21 7 12 17 15 8 30 27 16 5 14 16 7 30 12 25 24 20 24 24
internal_value=-0.000706983 -0.0188831 -0.00537617 0.00907269 -0.0196624 0.00476842 0.000103302 0.00585663 -0.00473573 -0.0270769 0.0187053 -0.0550301 -0.0527502 -0.0520265 -0.0515455 -0.0508272 -0.0506217 -0.0507895 -0.050332 -0.0502721 -0.0502814 -0.0502708
internal_weight=17.9156 4.14751 2.91498 2.23141 1.4487 13.7681 11.1815 9.69064 7.94008 4.06542 3.87466 1.9339 0.895963 1.40646 0.747642 1.23254 0.983635 0.425276 0.704905 0.502832 0.356052 0.244016
internal_count=430 226 83 62 55 204 166 151 143 97 46 80 43 75 59 143 134 52 122 98 68 48
cat_boundaries=0 1 2
cat_threshold=1 1
is_linear=0
shrinkage=0.05


Tree=52
num_leaves=18
num_cat=3
split_feature=20 1 20 20 4 20 20 14 7 4 4 20 5 7 10 1 8
split_gain=0.691471 0.866955 0.649875 0.812294 1.02988 1.13549 1.51217 0.740751 0.86017 0.506696 1.43218 0.247189 0.000375939 6.38786e-05 0.000207874 5.55906e-08 4.0352e-09
threshold=0.0089548384798945769 0 0.086679804665228941 0.16587342901762478 23.500000000000004 0.27010804321728693 0.51020408163265318 1.0000000180025095e-35 -13.499999999999998 16.000000000000004 30.500000000000004 0.49267813347957362 1 -11.499999999999998 0.040673927842069448 2 2.0000000000000004
decision_type=2 1 2 2 2 2 2 2 2 2 2 2 1 2 2 1 2
left_child=1 -1 7 -4 5 -5 -7 8 -2 12 -11 -6 15 14 -14 16 -3
right_child=2 9 3 4 11 6 -8 -9 -10 10 -12 -13 13 -15 -16 -17 -18
leaf_value=0.016528917992126784 0.04727003749785344 -0.050237890291908019 -0.030859562247248715 0.05486391771316082 -0.0018034861515115715 -0.030005302848018545 0.033403276941751534 0.06130719443132511 -0.018723057339667504 0.063894512078488119 -0.052075576515312395 -0.028466747423878475 -0.050795013804019233 -0.05240223185032658 -0.052523384617904817 -0.0502692517979062 -0.050223610883524887
leaf_weight=1.205231577157976 0.83278664387762602 0.11197144584730268 1.8916854606941331 1.5639721602201442 1.6447872174903753 1.7421306902542713 2.0427481457591057 0.96384727582335461 1.2129526133649042 0.42747368058189728 0.70575874485075474 1.8435195833444593 0.33412837143987417 0.58882695809006802 0.36292821913957596 0.19133872911334038 0.088641267269849777
leaf_count=13 19 24 35 22 32 39 11 14 28 21 41 10 38 16 8 39 20
internal_value=-0.000699115 -0.0189488 0.00463601 -0.0011236 0.00524169 0.0190259 0.00421713 0.0251684 0.00814164 -0.0341597 -0.00832978 -0.0158946 -0.0516056 -0.0520188 -0.0516949 -0.05025 -0.0502316
internal_weight=17.7547 4.0163 13.7384 10.7288 8.83716 5.34885 3.78488 3.00959 2.04574 2.81107 1.13323 3.48831 1.67783 1.28588 0.697057 0.391951 0.200613
internal_count=430 220 210 149 114 72 50 61 47 207 62 42 145 62 46 83 44
cat_boundaries=0 1 2 3
cat_threshold=1 2 4
is_linear=0
shrinkage=0.05


Tree=53
num_leaves=19
num_cat=2
split_feature=18 14 20 19 21 20 17 21 19 20 19 21 21 1 20 20 4 1
split_gain=0.672558 0.683495 1.1379 0.456618 0.856003 1.79836 1.56278 1.08109 0.325983 0.533015 0.0147142 0.00909281 0.00138679 7.27344e-05 7.66762e-05 1.37588e-06 1.64338e-07 1.98186e-12
threshold=0.87409401350310023 0.58333333333333348 0.20220440881763532 1.0000000180025095e-35 0.36730205278592382 0.56494158574746056 -1.0000000180025095e-35 0.0050167224080267568 0.58804562952784079 0.16587342901762478 0.58804562952784079 0.0050167224080267568 0.4059229690365736 0 0.081567140130388446 0.0089548384798945769 16.000000000000004 1
decision_type=2 2 2 2 2 2 2 2 2 2 2 2 2 1 2 2 2 1
left_child=1 2 12 -2 5 6 -5 8 9 -8 -9 -4 13 -1 15 16 17 -15
right_child=3 -3 11 4 -6 -7 7 10 -10 -11 -12 -13 -14 14 -16 -17 -18 -19
leaf_value=-0.051491912991410815 0.023506058214876606 0.032887525043933594 0.0097309857307786383 0.035210421663013441 -0.035604120318232589 0.052045998092066531 -0.053467173215174302 0.0069214417460101265 -0.057357830326733777 0.0064468656260977357 3.1943043642422313e-05 0.0019928973118280035 -0.053761402426067209 -0.050213849658978273 -0.051161265609299227 -0.050405580218437433 -0.05028152176540162 -0.050213579856843077
leaf_weight=0.36018369998783095 2.595475820824503 0.55682129599153984 0.74486825522035338 1.8799893967807264 1.4500011932104815 1.7121781557798383 0.73850221419707052 1.4358766493387523 1.3412115341052411 0.74638846144080162 1.6838385649025438 0.7742566205561161 0.59999625850468863 0.15266245696693659 0.44112237635999918 0.1684843790717423 0.13233963819220662 0.12282473314553566
leaf_count=14 38 18 20 15 15 8 37 18 39 10 24 21 18 36 23 22 25 29
internal_value=-0.000689901 -0.0185634 -0.0267564 0.00464388 0.000188443 0.00562977 -0.00452546 -0.0170894 -0.03949 -0.0233511 0.0032029 0.00578709 -0.0517551 -0.0508813 -0.0506651 -0.0502854 -0.0502357 -0.0502137
internal_weight=17.637 4.05356 3.49674 13.5835 10.988 9.53798 7.82581 5.94582 2.8261 1.48489 3.11972 1.51912 1.97761 1.37762 1.01743 0.576311 0.407827 0.275487
internal_count=430 226 208 204 166 151 143 128 86 47 42 41 167 149 135 112 90 65
cat_boundaries=0 1 2
cat_threshold=1 4
is_linear=0
shrinkage=0.05


Tree=54
num_leaves=18
num_cat=3
split_feature=20 1 20 21 21 20 4 8 20 4 4 20 5 7 10 19 1
split_gain=0.633288 0.826278 0.594568 0.735781 1.9017 0.69176 0.950945 1.11383 0.617248 0.498242 1.29362 0.239576 0.000341409 5.31622e-05 0.000193235 4.2069e-08 2.13194e-08
threshold=0.0089548384798945769 0 0.086679804665228941 0.067816091954023008 0.4059229690365736 0.16587342901762478 23.500000000000004 43.500000000000007 0.27010804321728693 16.000000000000004 30.500000000000004 0.49267813347957362 1 -11.499999999999998 0.040673927842069448 1.0000000180025095e-35 2
decision_type=2 1 2 2 2 2 2 2 2 2 2 2 1 2 2 2 1
left_child=1 -1 3 -2 -5 -4 7 8 -7 12 -11 -8 15 14 -14 -3 -17
right_child=2 9 5 4 -6 6 11 -9 -10 10 -12 -13 13 -15 -16 16 -18
leaf_value=0.01623981822190158 0.051690778748156391 -0.050255346639611592 -0.029318448193964716 -0.055616774369218219 0.051847783824585991 0.028544907369367489 -0.0018270634583806098 0.0460125190626983 -0.017322511554852357 0.057335696827866225 -0.052037760764935985 -0.028168189155214848 -0.050783459237577704 -0.052341111249962227 -0.052480111836385381 -0.050203668862859402 -0.050232660635924846
leaf_weight=1.1965057551860827 1.337532369885593 0.1030064164660871 1.8051696801558126 0.77022962272167184 0.88432740606367588 1.1483322978019699 1.6380929201841357 2.1240883525460958 2.0303462296724319 0.45160061540082075 0.67358489148318768 1.8247918188571928 0.31645925156772137 0.56413176655769459 0.35728767141699791 0.13321675080806017 0.12101386161521077
leaf_count=13 18 22 35 30 13 20 32 13 39 21 41 10 38 16 8 33 28
internal_value=-0.000677644 -0.0183875 0.00443674 0.0241139 0.00182087 -0.00113291 0.00467153 0.0179799 -0.000752406 -0.033618 -0.00814 -0.0157077 -0.0515901 -0.051983 -0.0516832 -0.0502284 -0.0502175
internal_weight=17.4797 3.91681 13.5629 2.99209 1.65456 10.5708 8.76565 5.30277 3.17868 2.7203 1.12519 3.46288 1.59512 1.23788 0.673747 0.357237 0.254231
internal_count=430 220 210 61 43 149 114 72 59 207 62 42 145 62 46 83 61
cat_boundaries=0 1 2 3
cat_threshold=1 2 4
is_linear=0
shrinkage=0.05


Tree=55
num_leaves=22
num_cat=4
split_feature=18 20 21 18 19 21 20 4 20 20 10 20 20 1 1 21 8 1 20 4 1
split_gain=0.641972 0.652001 0.564025 0.977574 0.422992 0.790861 1.66374 1.53918 1.20245 1.33558 1.69443 0.00262387 0.00163316 0.000829458 6.09926e-05 8.4302e-05 2.51492e-05 1.83003e-05 2.48919e-06 1.22348e-07 3.43246e-08
threshold=0.87409401350310023 0.059734626835027206 0.4059229690365736 0.77203402217513795 1.0000000180025095e-35 0.36730205278592382 0.56494158574746056 80.500000000000014 0.25523749322737949 0.16587342901762478 0.040673927842069448 0.05827817852804839 0.40212765957446817 0 1 0.50777777777777788 12.500000000000002 2 0.0089548384798945769 16.000000000000004 3
decision_type=2 2 2 2 2 2 2 2 2 2 2 2 2 1 1 2 2 1 2 2 1
left_child=1 14 3 12 -2 6 7 8 9 10 11 13 17 -6 -1 18 -15 -3 19 20 -16
right_child=4 2 -4 -5 5 -7 -8 -9 -10 -11 -12 -13 -14 16 15 -17 -18 -19 -20 -21 -22
leaf_value=-0.051531166601481965 0.022696484016387117 -0.050908570640874409 0.020582760074110404 0.027195969089080365 -0.054310713432032587 -0.03457982288544844 0.050595834908748007 0.028056793956094162 -0.059363930109235907 0.035935336627036997 0.033195076723224005 -0.05653010553339477 -0.055236305712315505 -0.051494316286871344 -0.050236331165920634 -0.051372766777467195 -0.050685928332688514 -0.051414167010867907 -0.050455872827032892 -0.05027633304412274 -0.050202193241210127
leaf_weight=0.23519488703459679 2.5962386392056933 0.38398227281868458 1.1931186113506553 0.59457335248589505 0.36440799385309275 1.4182594041340042 1.6778704822063444 2.4817152572795749 1.4025713354349134 1.2994496691972015 0.8066774234175681 0.94050105474889278 0.36888858489692211 0.16137055354192686 0.14062017784453928 0.26312996074557304 0.23827003641054034 0.33522197697311662 0.1850634878501296 0.13220347021706402 0.15456999675370864
leaf_count=9 38 28 15 13 5 15 8 31 17 13 10 13 11 23 33 12 31 16 24 26 39
internal_value=-0.000667987 -0.0182807 -0.00571375 -0.0243597 0.00457685 0.000217431 0.00548281 -0.00435399 -0.0197828 -0.00521446 -0.0265077 -0.054762 -0.0525315 -0.0525855 -0.0508163 -0.0506243 -0.0510123 -0.0511442 -0.0503027 -0.0502364 -0.0502185
internal_weight=17.3739 3.98657 2.87578 1.68267 13.3873 10.7911 9.37283 7.69496 5.21325 3.81068 2.51123 1.70455 1.08809 0.764049 1.11078 0.875587 0.399641 0.719204 0.612457 0.427394 0.29519
internal_count=430 226 83 68 204 166 151 143 112 95 82 72 55 59 143 134 54 44 122 98 72
cat_boundaries=0 1 2 3 4
cat_threshold=1 1 4 2
is_linear=0
shrinkage=0.05


Tree=56
num_leaves=21
num_cat=2
split_feature=18 4 21 18 8 1 14 18 4 20 4 20 19 20 21 1 20 20 20 4
split_gain=0.59038 0.64781 1.31922 0.578453 1.31134 0.412475 1.99862 0.829607 0.890004 0.607514 0.60498 0.581284 0.465175 0.00240969 0.000252909 5.47483e-05 3.52176e-05 1.64436e-05 9.42854e-06 1.85769e-07
threshold=0.87409401350310023 80.500000000000014 0.4059229690365736 0.77203402217513795 1.0000000180025095e-35 0 0.070719602977667509 1.2546012611655517 23.500000000000004 0.14832924320170551 16.000000000000004 0.19734513274336288 1.0000000180025095e-35 0.47566220877128412 0.45141065830721011 1 0.16587342901762478 0.05827817852804839 0.099599198396793612 1.0000000180025095e-35
decision_type=2 2 2 2 2 1 2 2 2 2 2 2 2 2 2 1 2 2 2 2
left_child=1 2 3 13 -5 6 9 10 11 -2 12 -9 -7 15 16 -1 -3 -6 19 -17
right_child=5 14 -4 4 17 7 -8 8 -10 -11 -12 -13 -14 -15 -16 18 -18 -19 -20 -21
leaf_value=-0.051359769990869331 -0.01148040242358604 -0.050552322412855066 0.044792163788132722 0.072669271846064934 -0.050995429656033334 0.027940733922868655 0.039972264789792836 -0.0091582208668927485 -0.030971874853391829 -0.062428511009126879 0.042653744561385154 0.035097033346838558 -0.016084924129929363 -0.056092658755382267 -0.052512888959089926 -0.050195774858782231 -0.051452440650307976 -0.051572654918232375 -0.050640681280467816 -0.050284635280793688
leaf_weight=0.24839735589921708 1.1439632112160332 0.25874846824444808 0.89560911804437626 0.37581449793651689 0.24403675086796284 1.2612628787755951 1.2896674931980667 1.5123139787465336 1.9429597305133937 1.1977252252399919 2.3534151697531343 1.4566937536001203 1.1443784420844165 0.28030307404696941 0.58161474484950304 0.13760303938761453 0.18734965100884438 0.24954664893448353 0.34916807897388935 0.10272386902943254
leaf_count=11 39 36 11 9 31 15 13 31 20 17 30 11 28 5 18 36 9 9 31 20
internal_value=-0.0006638 -0.0177415 -0.00559215 -0.0282953 0.00229541 0.00435706 -0.0100113 0.0097522 -0.00466241 -0.0375393 0.02463 0.0125549 0.00699746 -0.0520796 -0.051826 -0.0507371 -0.0509303 -0.0512873 -0.0504748 -0.0502338
internal_weight=17.2133 3.91092 2.8832 1.98759 0.869398 13.3024 3.63136 9.67102 4.91197 2.34169 4.75906 2.96901 2.40564 1.1182 1.02771 0.837892 0.446098 0.493583 0.589495 0.240327
internal_count=430 226 163 152 49 204 69 135 62 56 73 42 43 103 63 98 45 40 87 56
cat_boundaries=0 1 2
cat_threshold=2 1
is_linear=0
shrinkage=0.05


Tree=57
num_leaves=18
num_cat=5
split_feature=20 1 20 19 8 18 1 21 4 4 4 5 5 7 10 1 8
split_gain=0.586862 0.792537 0.517572 1.07238 1.89935 0.879059 0.725222 0.598185 0.481209 1.14707 0.148356 0.0823214 0.000312707 4.63629e-05 0.000178581 4.20444e-08 5.10618e-09
threshold=0.0089548384798945769 0 0.20891783567134273 1.0000000180025095e-35 59.000000000000007 1.1152244606891373 1 0.2851612903225807 16.000000000000004 30.500000000000004 30.500000000000004 2 3 -11.499999999999998 0.040673927842069448 4 2.0000000000000004
decision_type=2 1 2 2 2 2 1 2 2 2 2 1 1 2 2 1 2
left_child=1 -1 3 11 6 7 -5 -4 12 -10 -7 -2 15 14 -14 16 -3
right_child=2 8 5 4 -6 10 -8 -9 9 -11 -12 -13 13 -15 -16 -17 -18
leaf_value=0.0161050884904918 0.059674250602883228 -0.050193388640714057 -0.055526207912905572 -0.0013625742427831912 0.04828174658173142 0.013782415207796224 -0.053317649580405573 0.0014548915534073213 0.049959872489668926 -0.052060041895628933 -0.0028143302066744144 0.037809761105725134 -0.050792124582413271 -0.052314372614669369 -0.052452330665101347 -0.050222097070820808 -0.050175386733087426
leaf_weight=1.1811316870152968 0.84339434746652842 0.090647774515673518 1.1885041389614341 1.6602556970901787 1.4431447796523569 2.7989325653761625 1.1280160786118358 0.75202753301709879 0.48143986007198669 0.64418878732249141 2.5947078596800566 0.87935953354462781 0.29969448642805219 0.54456424154341332 0.35248403996229172 0.15483421040698886 0.069663777481764555
leaf_count=13 19 24 38 35 10 22 34 13 21 41 18 21 38 16 8 39 20
internal_value=-0.000658102 -0.0179336 0.00430634 0.0152581 0.00171861 -0.00458475 -0.0223814 -0.0334439 -0.0331768 -0.00842536 0.00579825 0.0485138 -0.0516048 -0.0519738 -0.0516894 -0.0502035 -0.0501856
internal_weight=17.107 3.81865 13.2883 5.95417 4.23142 7.33417 2.78827 1.94053 2.63752 1.12563 5.39364 1.72275 1.51189 1.19674 0.652179 0.315146 0.160312
internal_count=430 220 210 119 79 91 69 51 207 62 40 40 145 62 46 83 44
cat_boundaries=0 1 2 3 4 5
cat_threshold=1 4 2 2 4
is_linear=0
shrinkage=0.05


Tree=58
num_leaves=19
num_cat=4
split_feature=20 1 4 4 20 21 21 8 1 21 20 18 5 21 7 10 1 8
split_gain=0.539503 0.740883 0.473762 1.04813 0.46734 0.68458 1.63234 0.619708 1.35976 0.832005 0.344447 0.000945224 0.000268315 0.00016713 3.9774e-05 0.000152896 3.61958e-08 4.39305e-09
threshold=0.0089548384798945769 0 16.000000000000004 30.500000000000004 0.086679804665228941 0.067816091954023008 0.4059229690365736 12.500000000000002 1 0.0050167224080267568 0.36719687875150064 0.95154499349597188 2 0.25388888888888894 -11.499999999999998 0.040673927842069448 3 2.0000000000000004
decision_type=2 1 2 2 2 2 2 2 1 2 2 2 1 2 2 2 1 2
left_child=1 -1 12 -4 5 -2 -7 8 -6 -9 11 13 16 -10 15 -14 17 -3
right_child=4 2 3 -5 7 6 -8 9 10 -11 -12 -13 14 -15 -16 -17 -18 -19
leaf_value=0.015168591643512121 0.048404640743648475 -0.050183923060051983 0.045420137116796891 -0.051958492399204886 0.026088030945318575 -0.055953754754877572 0.043964023328564146 -0.015823774488094074 -0.05099912425063477 0.020651540442958499 -0.0098403807843204585 -0.054089554759946194 -0.050753273656919319 -0.052378912562609695 -0.052197474129280143 -0.052327180931010332 -0.050211234096997882 -0.050166804273525691
leaf_weight=1.1910870410501975 1.3192709302529686 0.086242683930322528 0.50250590965151765 0.61393873579800129 1.1496104635298243 0.72792573017068185 0.9322454035282135 2.4202611539512873 0.44434035755693846 4.4158587399870157 0.65263062249869097 0.7594531811773777 0.28529093856923282 0.43365797214210033 0.51913633383810631 0.33607485890388489 0.14731391775421798 0.066277285572141409
leaf_count=13 18 24 21 41 17 30 13 29 31 31 17 12 38 12 16 8 39 20
internal_value=-0.000652555 -0.0174022 -0.0325754 -0.00812888 0.00408332 0.0215188 0.000153647 -0.000972033 -0.0182822 0.00773781 -0.0405558 -0.0527979 -0.0515245 -0.0516806 -0.0518744 -0.0516045 -0.0501936 -0.0501765
internal_weight=17.0031 3.74787 2.55678 1.11644 13.2553 2.97944 1.66017 10.2758 3.43969 6.83612 2.29008 1.63745 1.44034 0.877998 1.1405 0.621366 0.299834 0.15252
internal_count=430 220 207 62 210 61 43 149 89 60 72 55 145 43 62 46 83 44
cat_boundaries=0 1 2 3 4
cat_threshold=1 1 2 4
is_linear=0
shrinkage=0.05


Tree=59
num_leaves=24
num_cat=2
split_feature=18 4 21 18 8 1 4 20 20 10 8 20 20 21 20 1 7 10 20 8 20 20 4
split_gain=0.537305 0.622696 1.08517 0.559366 1.14751 0.354734 0.884537 1.60285 1.22753 1.57479 0.610144 1.52739 0.00169996 0.000249626 0.000158887 5.59602e-05 4.03633e-05 0.000109113 2.89847e-05 2.6449e-05 7.77653e-06 6.99491e-06 2.57515e-07
threshold=0.87409401350310023 80.500000000000014 0.4059229690365736 0.77203402217513795 1.0000000180025095e-35 0 16.000000000000004 0.56494158574746056 0.49267813347957362 1.0000000180025095e-35 1.0000000180025095e-35 0.17652016558835926 0.47566220877128412 0.45141065830721011 0.19734513274336288 1 -11.499999999999998 0.040673927842069448 0.16587342901762478 1.0000000180025095e-35 0.05827817852804839 0.099599198396793612 1.0000000180025095e-35
decision_type=2 2 2 2 2 1 2 2 2 2 2 2 2 2 2 1 2 2 2 2 2 2 2
left_child=1 2 3 12 -5 -2 7 14 9 10 -8 -12 15 18 16 -1 17 19 -3 -7 -6 22 -17
right_child=5 13 -4 4 20 6 8 -9 -10 -11 11 -13 -14 -15 -16 21 -18 -19 -20 -21 -22 -23 -24
leaf_value=-0.051350909994870957 0.018931020229020844 -0.0505520912822933 0.038667209016010555 0.065237213519672446 -0.051001769550329194 -0.051301654621508555 0.026450760669893408 0.027895880584814493 -0.027266656521521923 0.063258382351522119 -0.054517795046969159 0.028324700443132067 -0.055409216801280803 -0.052526212300667223 -0.052748223626141316 -0.050168367698480654 -0.05208667065196957 -0.052208681515393429 -0.051396604343282054 -0.050505010250757612 -0.051414812714765959 -0.05058725257086686 -0.050278224278209688
leaf_weight=0.24494126439094732 3.0991875156760198 0.24304023152217258 0.93565448094159354 0.39481056388467539 0.23048722883686423 0.27159445662982584 1.6723806271329524 0.95784263312816609 1.7795948088169096 1.5465757176280019 1.1241943929344418 1.101619131863117 0.25814280100166798 0.5505273025482893 0.5594324804842471 0.11846238537691678 0.49484171345829986 0.32039156183600426 0.1745838625356555 0.16903288406319916 0.22539126873016357 0.31609413679689169 0.097044541034847498
leaf_count=11 22 36 11 9 31 16 24 5 10 10 31 13 5 18 12 36 16 8 9 37 9 31 20
internal_value=-0.000646027 -0.0172276 -0.00535347 -0.0271996 0.00283609 0.00415142 -0.000430196 -0.0244349 0.00878423 0.0205673 0.00362993 -0.0135167 -0.0518941 -0.0518269 -0.0520474 -0.0507256 -0.0517351 -0.0515066 -0.0509051 -0.050996 -0.051206 -0.0504375 -0.0502178
internal_weight=16.8859 3.78918 2.82103 1.88537 0.850689 13.0967 9.9975 2.77314 7.22436 5.44477 3.89819 2.22581 1.03469 0.968151 1.81529 0.776542 1.25586 0.761019 0.417624 0.440627 0.455878 0.531601 0.215507
internal_count=430 226 163 152 49 204 182 94 88 78 68 44 103 63 89 98 77 61 45 53 40 87 56
cat_boundaries=0 1 2
cat_threshold=1 1
is_linear=0
shrinkage=0.05


Tree=60
num_leaves=21
num_cat=3
split_feature=18 20 20 19 19 4 8 20 20 20 1 20 20 21 1 20 4 4 19 1
split_gain=0.495749 0.600444 0.492779 0.604676 0.342363 0.767054 0.876737 0.941853 0.884096 0.719919 0.0010215 0.000373674 5.43453e-05 4.4536e-05 7.02679e-05 2.90673e-06 4.46639e-07 2.35915e-07 1.05841e-07 3.99743e-08
threshold=0.87409401350310023 0.059734626835027206 0.20891783567134273 1.0000000180025095e-35 1.0000000180025095e-35 84797.000000000015 59.000000000000007 0.36719687875150064 0.10260521042084171 0.17652016558835926 0 0.04390184645286687 0.018345977134309226 0.52112068965517255 1 0.039505802320928381 16.000000000000004 1.0000000180025095e-35 1.0000000180025095e-35 2
decision_type=2 2 2 2 2 2 2 2 2 2 1 2 2 2 1 2 2 2 2 1
left_child=1 13 -3 -4 -2 6 9 8 -8 10 -6 12 17 14 -1 16 19 -12 -18 -16
right_child=4 2 3 -5 5 -7 7 -9 -10 -11 11 -13 -14 -15 15 -17 18 -19 -20 -21
leaf_value=-0.051360695923743718 0.020224755085081737 0.016666701816871302 -0.055481697485790828 0.010631122012820328 -0.055196889236669579 0.036634316215594813 -0.0020464082547149236 -0.012250091785191481 0.054712012768103002 -0.0057424928380962852 -0.050168250051273594 -0.052954641405478786 -0.051503539070808985 -0.051391947054040814 -0.050201954948698224 -0.050542443245627212 -0.050320574940831579 -0.050289303483931028 -0.050247719255467053 -0.050160842856795729
leaf_weight=0.2107950961217302 2.5882476959377518 1.3503877911716702 0.76751425769180037 0.62952660955488682 0.41851449757814252 1.2512767119333155 1.3048415486700835 3.1475765816867352 1.4468317888677118 1.8928085435181854 0.078791872365398419 0.63575416244566441 0.17459527868777514 0.22618002258241177 0.11403372348286211 0.087756934575736523 0.094427069649100304 0.082274300511926413 0.10559707856737077 0.12279644096270326
leaf_count=9 38 39 28 16 5 9 36 20 12 22 24 15 7 11 33 10 17 16 24 39
internal_value=-0.000646335 -0.0167731 -0.00487143 -0.0256903 0.00394717 -9.09119e-05 -0.00509565 0.00642976 0.0277972 -0.0258074 -0.0531318 -0.0522421 -0.0508925 -0.0507784 -0.0505897 -0.0502799 -0.0502271 -0.0502301 -0.0502821 -0.0501806
internal_weight=16.7305 3.70902 2.74743 1.39704 13.0215 10.4333 9.18199 5.89925 2.75167 3.28274 1.38993 0.971416 0.335661 0.961586 0.735406 0.524611 0.436854 0.161066 0.200024 0.23683
internal_count=430 226 83 44 204 166 157 68 48 89 67 62 47 143 132 123 113 40 41 72
cat_boundaries=0 1 2 3
cat_threshold=1 1 2
is_linear=0
shrinkage=0.05


Tree=61
num_leaves=21
num_cat=2
split_feature=10 20 21 18 20 20 20 8 4 20 4 7 1 18 4 18 21 1 20 4
split_gain=0.479383 0.95036 1.14127 1.1107 0.822911 1.53276 2.69922 1.45665 0.571405 0.356679 1.25609 0.412113 0.545288 0.00310717 0.00249935 0.000450555 0.000214708 2.55857e-05 1.97813e-05 1.56695e-07
threshold=0.040673927842069448 0.79784914983287314 0.6246334310850441 1.3550586825559083 0.43028092400044726 0.20891783567134273 0.16587342901762478 1.0000000180025095e-35 30.500000000000004 0.059734626835027206 23.500000000000004 -11.499999999999998 0 1.1152244606891373 84797.000000000015 1.1152244606891373 0.36730205278592382 1 0.025988862261434122 16.000000000000004
decision_type=2 2 2 2 2 2 2 2 2 2 2 2 1 2 2 2 2 1 2 2
left_child=1 2 3 4 5 6 7 9 -5 10 11 12 -1 -7 15 16 17 -9 19 -19
right_child=-2 -3 -4 8 -6 13 -8 14 -10 -11 -12 -13 -14 -15 -16 -17 -18 18 -20 -21
leaf_value=0.031763521674714454 0.01896844161128465 0.044048189532995892 0.047631155820034826 -0.062710958289820817 0.027842954775994817 -0.0528296137676392 0.071560703156919522 -0.05132699708823249 -0.014156445594534143 0.027458762948573297 -0.055004926340969318 0.039772122750895388 -0.051076740725211289 -0.057308215813099687 -0.057445926487551015 -0.053104314953945901 -0.052766787019809469 -0.050143228743936813 -0.050918414963992832 -0.050240069834604911
leaf_weight=0.40485535934567407 2.6275775022804728 0.94775705039501268 0.86705559398979026 1.4000089394394302 1.6664310004562128 0.92838482419028856 1.0963957346975801 0.16120429057627905 1.068301126360893 1.0638398658484218 0.89549750043079246 0.96183471381664509 0.39001170522533057 0.66445015743374825 0.27050450723618258 0.69825002527795732 0.18878412526100874 0.1025324563961475 0.19357069418765604 0.070487254066392779
leaf_count=5 19 5 17 32 18 39 20 7 15 17 40 12 57 9 5 38 7 36 15 17
internal_value=-0.000632694 -0.00430099 -0.00780099 -0.0117324 -0.00415221 -0.0107423 3.2792e-05 -0.0144863 -0.0416962 0.00300004 -0.00681075 0.0177567 -0.00888311 -0.0546979 -0.0530423 -0.0522004 -0.0513196 -0.050802 -0.0505712 -0.0501827
internal_weight=16.6677 14.0402 13.0924 12.2253 9.75703 8.0906 6.49777 5.40137 2.46831 3.71604 2.6522 1.7567 0.794867 1.59283 1.68533 1.41483 0.716579 0.527795 0.36659 0.17302
internal_count=430 411 406 389 342 324 276 256 47 131 114 74 62 48 125 120 82 75 68 53
cat_boundaries=0 1 2
cat_threshold=1 1
is_linear=0
shrinkage=0.05


Tree=62
num_leaves=24
num_cat=3
split_feature=18 4 21 18 8 1 4 20 20 10 21 5 20 20 20 1 7 10 21 18 20 20 4
split_gain=0.465756 0.597282 0.964206 0.541506 0.997286 0.323017 0.797095 1.52047 1.14481 1.26276 0.559397 0.951549 0.00211986 0.000208047 0.000105139 5.16344e-05 5.11682e-05 0.000102045 2.46868e-05 1.93236e-05 1.57268e-05 6.57121e-06 1.61864e-07
threshold=0.87409401350310023 80.500000000000014 0.4059229690365736 0.77203402217513795 1.0000000180025095e-35 0 16.000000000000004 0.56494158574746056 0.49267813347957362 1.0000000180025095e-35 0.19090909090909094 1 0.67810125067320937 0.059734626835027206 0.19734513274336288 2 -11.499999999999998 0.040673927842069448 0.52112068965517255 1.1152244606891373 0.10769047189039967 0.099599198396793612 1.0000000180025095e-35
decision_type=2 2 2 2 2 1 2 2 2 2 2 1 2 2 2 1 2 2 2 2 2 2 2
left_child=1 2 3 12 -5 -2 7 14 9 10 11 -8 15 18 16 -1 17 19 -3 -7 -6 22 -17
right_child=5 13 -4 4 20 6 8 -9 -10 -11 -12 -13 -14 -15 -16 21 -18 -19 -20 -21 -22 -23 -24
leaf_value=-0.051260983854374845 0.018009960814787191 -0.050350258040562958 0.036018227397621207 0.058193366392942369 -0.050853179463312775 -0.051381240730235034 0.04804992176636097 0.027206873789951642 -0.026759149674140816 0.057396912256671241 -0.022101685375135245 -0.013771683263698084 -0.056660973994383294 -0.052363284072908634 -0.052576415455820029 -0.050144740057505022 -0.052117890015305347 -0.052132192762732413 -0.051220987338107329 -0.050657022302552729 -0.051465241088110153 -0.05056699008968784 -0.050238664769749912
leaf_weight=0.29480684548616609 3.0604331865906698 0.16461137495934952 0.94622036442160595 0.41418699501082301 0.21343341842293739 0.14520557573996307 1.2824684353545308 0.93728870153427113 1.7740245349705217 1.5640844423323867 1.3311644541099665 1.2093948256224398 0.18782180547714233 0.57348346384242177 0.51956502534449089 0.10193478851579263 0.48892392218112968 0.31019192188978195 0.16103889886289835 0.25187318632379174 0.20648791268467903 0.29468214232474566 0.083400014089420438
leaf_count=14 22 33 11 9 32 14 19 5 10 10 26 23 2 21 12 36 16 8 9 39 8 31 20
internal_value=-0.000638257 -0.0164245 -0.00483178 -0.0263445 0.00314374 0.00382752 -0.000595105 -0.0240059 0.0080781 0.0195503 0.00406644 0.0180456 -0.0518954 -0.0517902 -0.0519825 -0.0507402 -0.0517246 -0.0514527 -0.0507808 -0.0509219 -0.0511541 -0.0504203 -0.050187
internal_weight=16.5167 3.64211 2.74297 1.79675 0.834108 12.8746 9.81419 2.65305 7.16114 5.38711 3.82303 2.49186 0.962646 0.899134 1.71576 0.774824 1.19619 0.707271 0.32565 0.397079 0.419921 0.480017 0.185335
internal_count=430 226 163 152 49 204 182 94 88 78 68 42 103 63 89 101 77 61 42 53 40 87 56
cat_boundaries=0 1 2 3
cat_threshold=1 2 1
is_linear=0
shrinkage=0.05


Tree=63
num_leaves=23
num_cat=2
split_feature=10 20 21 18 20 20 20 8 4 20 4 7 1 18 4 7 18 21 1 18 20 4
split_gain=0.433974 0.876508 1.00153 1.06657 0.704895 1.45912 2.36309 1.41193 0.57495 0.294392 1.18811 0.366435 0.495669 0.00249718 0.00247917 0.000696331 0.000396001 0.000212333 1.82645e-05 1.57548e-05 3.25635e-06 1.1598e-07
threshold=0.040673927842069448 0.79784914983287314 0.6246334310850441 1.3550586825559083 0.43028092400044726 0.20891783567134273 0.16587342901762478 1.0000000180025095e-35 80.500000000000014 0.059734626835027206 23.500000000000004 -11.499999999999998 0 0.95154499349597188 84797.000000000015 -12.499999999999998 1.1152244606891373 0.36730205278592382 1 0.87409401350310023 0.04390184645286687 16.000000000000004
decision_type=2 2 2 2 2 2 2 2 2 2 2 2 1 2 2 2 2 2 1 2 2 2
left_child=1 2 3 4 5 6 7 9 -5 10 11 12 -1 -7 16 -12 17 18 -9 20 21 -20
right_child=-2 -3 -4 8 -6 13 -8 14 -10 -11 15 -13 -14 -15 -16 -17 -18 -19 19 -21 -22 -23
leaf_value=0.029740593655155009 0.018120224862418891 0.042714429265317634 0.043631930896888681 -0.062054717411610644 0.025549610800904621 -0.05246785605779334 0.065904336163908714 -0.051198360667355051 -0.012523425032237512 0.025320587088667881 -0.056149736142736495 0.038239056540119103 -0.050997619302824274 -0.056546985138971807 -0.05744088788663148 -0.053267187771040503 -0.053004559945993103 -0.05274821534490988 -0.050129213751218794 -0.051053024038557542 -0.050566243315930882 -0.050215597020510219
leaf_weight=0.4056918546557422 2.5953208319842807 0.92959384620189744 0.88913910277187902 1.3884719859343015 1.6771892700344322 0.75134893087670185 1.1292216973379252 0.14626716915518034 1.0135725182481108 1.0745975114405153 0.42095261323265731 0.96789360791444923 0.35770846880040852 0.74942428804934025 0.26557253440842021 0.41710089822299767 0.67205783515237272 0.17938586790114641 0.079700150992721208 0.10022911499254405 0.078570219222456217 0.075822843704372644
leaf_count=5 19 5 17 34 18 37 20 7 13 17 27 12 57 11 5 13 38 7 31 9 8 20
internal_value=-0.000634461 -0.0041694 -0.00756373 -0.0113727 -0.00388093 -0.0101517 0.000296648 -0.0138376 -0.0411544 0.00334523 -0.00584568 0.0178101 -0.00809112 -0.0545048 -0.0530297 -0.0547151 -0.0521502 -0.0512803 -0.0507324 -0.0505285 -0.0503039 -0.0501713
internal_weight=16.3648 13.7695 12.8399 11.9508 9.54873 7.87155 6.37077 5.24155 2.40204 3.64394 2.56935 1.73129 0.7634 1.50077 1.59761 0.838054 1.33203 0.659975 0.480589 0.334322 0.234093 0.155523
internal_count=430 411 406 389 342 324 276 256 47 131 114 74 62 48 125 40 120 82 75 68 59 51
cat_boundaries=0 1 2
cat_threshold=1 1
is_linear=0
shrinkage=0.05


Tree=64
num_leaves=23
num_cat=2
split_feature=18 4 21 18 8 19 21 20 4 16 20 20 20 20 1 20 1 4 21 20 8 4
split_gain=0.441752 0.566308 0.869753 0.509277 0.85422 0.309829 0.762518 1.33091 1.56459 1.23435 1.22241 3.20071 0.0019283 0.000578561 0.000624398 0.000191833 4.65864e-05 2.64212e-05 2.07214e-05 5.97721e-06 1.94951e-06 1.1813e-07
threshold=0.87409401350310023 80.500000000000014 0.4059229690365736 0.77203402217513795 1.0000000180025095e-35 1.0000000180025095e-35 0.36730205278592382 0.56494158574746056 84797.000000000015 -1.0000000180025095e-35 0.19734513274336288 0.10260521042084171 0.67810125067320937 0.025988862261434122 0 0.059734626835027206 1 23.500000000000004 0.52112068965517255 0.099599198396793612 463.50000000000006 1.0000000180025095e-35
decision_type=2 2 2 2 2 2 2 2 2 2 2 2 2 2 1 2 1 2 2 2 2 2
left_child=1 2 3 12 -5 -2 7 8 9 -7 11 13 16 14 -11 18 -1 20 -3 21 -16 -18
right_child=5 15 -4 4 -6 6 -8 -9 -10 10 -12 -13 -14 -15 17 -17 19 -19 -20 -21 -22 -23
leaf_value=-0.051224014777884408 0.019302591980092241 -0.050315777528890028 0.033139048803809544 0.050286753648876595 -0.051119649372811132 0.025320571053260861 -0.03461361545334473 0.046810319349033583 0.053021173387728361 -0.053768955568631704 -0.056618692893819905 0.057904038287471732 -0.056460991224082019 -0.054173298875444822 -0.050133907682525437 -0.052304425910163023 -0.050130842782053181 -0.051151927493530806 -0.051142336515057278 -0.050547283896931076 -0.050472874955313565 -0.050215248397381035
leaf_weight=0.28453695401549539 2.5527251269668332 0.14852872421033669 0.96277488907799114 0.43797643366269767 0.39493780466727912 1.5309914350509624 1.3879776317626227 1.5800056755542753 1.0323157710954545 0.32521663606167128 1.9433098286390302 1.156951332464814 0.18337378650903702 0.7894964162260294 0.092044722521674949 0.54873310029506683 0.092199348146097204 0.18564327177591622 0.15490428917109966 0.27645723568275571 0.078674362041056156 0.075315189547836781
leaf_count=14 38 33 11 9 40 14 15 8 7 5 31 9 2 16 35 21 36 15 9 31 11 20
internal_value=-0.000637913 -0.0161986 -0.00501039 -0.0260612 0.00220351 0.00373904 -0.000193551 0.00528852 -0.00390671 -0.0135371 -0.0265509 -0.00431713 -0.0518781 -0.053252 -0.0521848 -0.0517466 -0.0507246 -0.0507391 -0.0507377 -0.0504045 -0.0502901 -0.0501688
internal_weight=16.2151 3.55974 2.70757 1.7448 0.832914 12.6554 10.1026 8.71465 7.13464 6.10233 4.57134 2.62803 0.911883 1.47108 0.681579 0.852166 0.728509 0.356362 0.303433 0.443972 0.170719 0.167515
internal_count=430 226 163 152 49 204 166 151 143 136 122 91 103 82 66 63 101 61 42 87 46 56
cat_boundaries=0 1 2
cat_threshold=1 1
is_linear=0
shrinkage=0.05


Tree=65
num_leaves=23
num_cat=2
split_feature=18 4 21 18 8 1 4 20 20 10 8 20 20 20 20 7 10 1 21 20 4 19
split_gain=0.4074 0.545699 0.792044 0.491336 0.778735 0.30659 0.742374 1.37486 1.13332 1.08423 0.498942 1.37833 0.00164808 0.000165342 4.4171e-05 5.67676e-05 0.000104686 4.00436e-05 1.78153e-05 5.14136e-06 1.01642e-07 7.29515e-09
threshold=0.87409401350310023 80.500000000000014 0.4059229690365736 0.77203402217513795 1.0000000180025095e-35 0 16.000000000000004 0.56494158574746056 0.49267813347957362 1.0000000180025095e-35 1.0000000180025095e-35 0.17652016558835926 0.67810125067320937 0.059734626835027206 0.19734513274336288 -11.499999999999998 0.040673927842069448 1 0.52112068965517255 0.099599198396793612 1.0000000180025095e-35 1.0000000180025095e-35
decision_type=2 2 2 2 2 1 2 2 2 2 2 2 2 2 2 2 2 1 2 2 2 2
left_child=1 2 3 12 -5 -2 7 14 9 10 -8 -12 17 18 15 16 21 -1 -3 20 -19 -7
right_child=5 13 -4 4 -6 6 8 -9 -10 -11 11 -13 -14 -15 -16 -17 -18 19 -20 -21 -22 -23
leaf_value=-0.051163367443777058 0.017549695256297747 -0.050300353608462384 0.030958301786342204 0.046381706186852813 -0.051064483235324865 -0.050863306561009174 0.024855250790492292 0.025441632904480684 -0.027302635908604656 0.054129688152890626 -0.054335529532051841 0.027268507253908281 -0.056113011585952111 -0.052191954766567877 -0.052317012079543083 -0.05215210445480576 -0.052113761580152497 -0.050124445872956759 -0.051085897741642072 -0.050520401775820192 -0.050204715098983416 -0.050848808751738472
leaf_weight=0.27097265981137952 2.985412158071993 0.14132712292484928 0.97864006180316199 0.45076232217252254 0.37607207545079291 0.14936405140906395 1.6618184521794321 0.89487610757350911 1.7564863786101339 1.5551938619464634 0.9954975300934169 1.0775626990944145 0.17548485100269318 0.52306750090792775 0.46148593723773945 0.47944409400224708 0.30772526934742928 0.087713645305485866 0.14750820025801659 0.26311065955087543 0.071656676707789302 0.20705336378887296
leaf_count=14 22 33 11 9 40 9 24 5 10 10 31 13 2 21 12 16 8 36 9 31 20 44
internal_value=-0.00064103 -0.0157592 -0.00485983 -0.0255307 0.0020599 0.00356476 -0.000808647 -0.0242176 0.00749628 0.0190507 0.00444393 -0.0119183 -0.0517843 -0.0516617 -0.0519041 -0.0517375 -0.0514382 -0.0506889 -0.0507015 -0.0503847 -0.0501605 -0.0508549
internal_weight=16.0182 3.48632 2.67441 1.69577 0.826834 12.5319 9.54651 2.49995 7.04656 5.29007 3.73488 2.07306 0.868938 0.811903 1.60507 1.14359 0.664143 0.693454 0.288835 0.422481 0.15937 0.356417
internal_count=430 226 163 152 49 204 182 94 88 78 68 44 103 63 89 77 61 101 42 87 56 53
cat_boundaries=0 1 2
cat_threshold=1 1
is_linear=0
shrinkage=0.05


Tree=66
num_leaves=22
num_cat=2
split_feature=18 14 20 4 4 21 21 1 20 20 21 20 7 10 20 1 20 4 20 18 19
split_gain=0.375568 0.528151 0.999754 0.306512 1.54422 1.02896 0.880742 0.875187 1.3039 0.0275741 0.00296724 3.7819e-05 4.86706e-05 8.96247e-05 2.47635e-05 3.00711e-05 1.02034e-05 2.96577e-07 5.49358e-08 8.40306e-09 5.32899e-09
threshold=0.87409401350310023 0.58333333333333348 0.20220440881763532 23.500000000000004 16.000000000000004 0.02862903225806452 0.35241379310344834 0 0.56494158574746056 0.49267813347957362 0.4059229690365736 0.19734513274336288 -11.499999999999998 0.040673927842069448 0.17652016558835926 1 0.081567140130388446 16.000000000000004 0.0089548384798945769 0.77203402217513795 1.0000000180025095e-35
decision_type=2 2 2 2 2 2 2 1 2 2 2 2 2 2 2 1 2 2 2 2 2
left_child=1 2 10 4 7 -5 -7 -2 11 -4 14 12 13 20 15 -1 17 19 -19 -17 -9
right_child=3 -3 9 5 -6 6 -8 8 -10 -11 -12 -13 -14 -15 -16 16 -18 18 -20 -21 -22
leaf_value=-0.051003221507774726 0.016593924726208971 0.029843400097458197 0.013391423813781559 -0.040514234871403182 0.057930799085851109 0.027374568915370726 -0.019200883186771225 -0.050820499786546194 0.024395227039407927 -0.00071089001046523344 -0.055302666506414737 -0.052199725567267298 -0.052043644336311423 -0.052006551078157617 -0.051207721769724268 -0.050111141875464539 -0.050662123248162418 -0.050185661216981703 -0.050241407559122299 -0.050135020857873726 -0.050807800190520461
leaf_weight=0.25193638633936855 2.9991337656974775 0.54407860012724985 0.72046610945835687 1.5119526418857274 1.3724098242819307 2.3971570138819516 1.7604344007559118 0.14219613838940837 0.88680779933929432 0.66801697760820389 0.55984485615044832 0.43994041718542565 0.45698778517544314 0.29330553486943245 0.18419963028281927 0.088519296608864706 0.15702822338789701 0.080696369986981153 0.097700163256376982 0.063108222559094429 0.19711021729744971
leaf_count=14 22 18 35 30 11 28 19 9 5 6 18 12 16 8 9 40 14 25 22 25 44
internal_value=-0.000637527 -0.0153256 -0.023884 0.00338967 0.0105575 -0.00519202 0.00765329 -0.00144804 -0.0238414 0.00660662 -0.0524307 -0.0518085 -0.0516505 -0.0513664 -0.050689 -0.0505597 -0.0503304 -0.0501725 -0.0502162 -0.0501211 -0.0508131
internal_weight=15.873 3.41559 2.87152 12.4574 6.78789 5.66954 4.15759 5.41548 2.41635 1.38848 1.48303 1.52954 1.0896 0.632612 0.923188 0.738989 0.487052 0.330024 0.178397 0.151628 0.339306
internal_count=430 226 208 204 127 77 47 116 94 41 167 89 77 61 149 140 126 112 47 65 53
cat_boundaries=0 1 2
cat_threshold=1 1
is_linear=0
shrinkage=0.05


Tree=67
num_leaves=23
num_cat=2
split_feature=17 20 21 18 20 20 20 20 8 20 4 7 1 18 4 7 18 21 1 18 20 4
split_gain=0.349442 0.771181 0.868395 1.02396 0.72573 0.559292 1.39719 2.05394 1.29632 0.270729 1.13156 0.300411 0.451196 0.00225006 0.00215284 0.00094257 0.000327043 0.000221538 7.8173e-06 1.35192e-05 1.77799e-06 6.34138e-08
threshold=-1.0000000180025095e-35 0.79784914983287314 0.6246334310850441 1.3550586825559083 0.13162211787369818 0.43028092400044726 0.20891783567134273 0.16587342901762478 1.0000000180025095e-35 0.059734626835027206 23.500000000000004 -11.499999999999998 0 0.95154499349597188 84797.000000000015 -12.499999999999998 1.1152244606891373 0.4059229690365736 1 0.87409401350310023 0.04390184645286687 16.000000000000004
decision_type=2 2 2 2 2 2 2 2 2 2 2 2 1 2 2 2 2 2 1 2 2 2
left_child=-1 2 3 5 -5 6 7 8 9 10 11 12 -2 -8 16 -12 17 18 -10 20 21 -20
right_child=1 -3 -4 4 -6 -7 13 -9 14 -11 15 -13 -14 -15 -16 -17 -18 -19 19 -21 -22 -23
leaf_value=0.016418878391157497 0.028717803199706262 0.041131471432694466 0.04013109376234042 -0.0075688227335424215 -0.064438975251668876 0.022860825888343192 -0.052373865246405131 0.062013945328980961 -0.050977253310682993 0.024798016526646635 -0.056591554348671746 0.035625321276893253 -0.051054840896514325 -0.056399018984793783 -0.057199761302275977 -0.053138780331429991 -0.052880953190550618 -0.052942328068904337 -0.050105606327054908 -0.050949451113566607 -0.050462447708137043 -0.050176213855879337
leaf_weight=2.5244315713644019 0.39590483438223556 0.88776551187038499 0.90155139053240496 0.9652213405352098 1.3394618537276981 1.6668744720518587 0.68414618540555217 1.1292629893869159 0.12026209384202946 1.0507627176120875 0.39532619365490973 0.97653136774897542 0.32095060241408258 0.70493019931018353 0.24968188675120462 0.39531090483069409 0.61632131016813219 0.13866961095482111 0.065199367236345895 0.10723127843812108 0.064400937873870134 0.062075670110061765
leaf_count=19 5 5 17 32 15 18 37 20 7 17 27 12 57 11 5 13 38 6 31 10 8 20
internal_value=-0.000629179 -0.00388021 -0.0071158 -0.0108364 -0.0406213 -0.00332922 -0.00916788 0.00115652 -0.012703 0.00352243 -0.00547732 0.0175817 -0.00699801 -0.0544166 -0.0529836 -0.0548652 -0.0520871 -0.0512099 -0.0506368 -0.0504999 -0.0502484 -0.05014
internal_weight=15.7623 13.2378 12.3501 11.4485 2.30468 9.14384 7.47697 6.08789 4.95863 3.53479 2.48402 1.69339 0.716855 1.38908 1.42384 0.790637 1.17416 0.557839 0.419169 0.298907 0.191676 0.127275
internal_count=430 411 406 389 47 342 324 276 256 131 114 74 62 48 125 40 120 82 76 69 59 51
cat_boundaries=0 1 2
cat_threshold=1 1
is_linear=0
shrinkage=0.05


Tree=68
num_leaves=24
num_cat=2
split_feature=18 4 21 20 20 19 21 20 4 10 20 20 20 1 20 20 1 4 21 8 20 4 19
split_gain=0.356854 0.517448 0.709823 0.48458 3.37676 0.28025 0.704701 1.1585 1.41941 1.10839 1.13022 2.76399 0.000559223 0.000516778 0.000136635 3.54029e-05 2.69606e-05 1.90404e-05 1.44814e-05 1.2126e-06 4.45752e-07 5.93297e-08 8.98612e-09
threshold=0.87409401350310023 80.500000000000014 0.4059229690365736 0.20891783567134273 0.20220440881763532 1.0000000180025095e-35 0.36730205278592382 0.56494158574746056 84797.000000000015 0.040673927842069448 0.19734513274336288 0.10260521042084171 0.025988862261434122 0 0.059734626835027206 0.10769047189039967 1 23.500000000000004 0.52112068965517255 463.50000000000006 0.021040734917751696 1.0000000180025095e-35 1.0000000180025095e-35
decision_type=2 2 2 2 2 2 2 2 2 2 2 2 2 1 2 2 1 2 2 2 2 2 2
left_child=1 2 3 4 15 -2 7 8 9 10 11 12 13 -7 18 16 -1 19 -3 -15 21 22 -18
right_child=5 14 -4 -5 -6 6 -8 -9 -10 -11 -12 -13 -14 17 -16 -17 20 -19 -20 -21 -22 -23 -24
leaf_value=-0.050930385092046317 0.018158020885533251 -0.050257998923077155 0.028898198335343857 -0.057257769720684075 0.18046759873158774 -0.053561909236988531 -0.034048408304040767 0.044391524981812057 0.050413828024530843 0.023902426556422413 -0.056378091438576652 0.05116837704022096 -0.054156031592602773 -0.050110226859039542 -0.05207272679523265 -0.05123502265397082 -0.050127351444793015 -0.051035965641100717 -0.051007404522577383 -0.050402107635535078 -0.050298445934691918 -0.050170355959348913 -0.050100440278287917
leaf_weight=0.21674935799092254 2.5280841356143346 0.12188491411507119 0.98714313656091679 0.67470032209530473 0.20029687881469727 0.31014762818813435 1.3503020908683527 1.5185725837945936 1.0244800895452497 1.4853451736271379 1.8058363851159809 1.1852758601307867 0.74505068175494671 0.075744144385677892 0.49399228999391198 0.27682184753939509 0.062058398034423146 0.16487591457553208 0.13683400582522154 0.067111362470313907 0.05286954203620553 0.074462471064180136 0.062023208709433675
leaf_count=13 38 33 11 31 1 5 15 8 7 14 31 9 16 35 21 15 26 15 9 11 10 25 31
internal_value=-0.000630226 -0.0150669 -0.00452355 -0.0248892 -0.00178601 0.00332585 -0.000526813 0.00487308 -0.00387004 -0.0133938 -0.0261171 -0.00467198 -0.0532337 -0.0521215 -0.0515852 -0.0507868 -0.0505217 -0.0506699 -0.0506544 -0.0502473 -0.0501694 -0.0501351 -0.0501139
internal_weight=15.6207 3.35984 2.60713 1.61998 0.945282 12.2608 9.73274 8.38244 6.86387 5.83939 4.35404 2.54821 1.36293 0.617879 0.752711 0.744985 0.468163 0.307731 0.258719 0.142856 0.251414 0.198544 0.124082
internal_count=430 226 163 152 121 204 166 151 143 136 122 91 82 66 63 120 105 61 42 46 92 82 57
cat_boundaries=0 1 2
cat_threshold=1 1
is_linear=0
shrinkage=0.05


Tree=69
num_leaves=22
num_cat=2
split_feature=18 4 21 20 20 4 4 21 21 1 20 20 14 7 20 20 1 21 20 4 19
split_gain=0.330224 0.497185 0.650126 0.46123 2.90777 0.28337 1.36503 0.947691 0.837162 0.826624 1.18917 0.00011771 3.84232e-05 7.28511e-05 5.74486e-05 3.04449e-05 2.31725e-05 1.24524e-05 3.83473e-07 5.10523e-08 7.73408e-09
threshold=0.87409401350310023 80.500000000000014 0.4059229690365736 0.20891783567134273 0.20220440881763532 23.500000000000004 16.000000000000004 0.02862903225806452 0.35241379310344834 0 0.56494158574746056 0.059734626835027206 0.070719602977667509 -11.499999999999998 0.099599198396793612 0.10769047189039967 1 0.52112068965517255 0.021040734917751696 1.0000000180025095e-35 1.0000000180025095e-35
decision_type=2 2 2 2 2 2 2 2 2 1 2 2 2 2 2 2 1 2 2 2 2
left_child=1 2 3 4 15 6 9 -7 -9 -2 12 17 13 14 -11 16 -1 -3 19 20 -18
right_child=5 11 -4 -5 -6 7 -8 8 -10 10 -12 -13 -14 -15 -16 -17 18 -19 -20 -21 -22
leaf_value=-0.050884278967027845 0.016063575572565145 -0.050245400089034477 0.027072304445665735 -0.056939204690499956 0.15892475537681669 -0.040009648255471764 0.054424131484439787 0.026383687812277318 -0.019349844966223734 -0.050530558544023163 0.022948883915954593 -0.051971361362797508 -0.052158883163398131 -0.052062323833372427 -0.051577905375170555 -0.051173961933684453 -0.050121128670898553 -0.050957713701996837 -0.050283818751592317 -0.050162026195167575 -0.05009553193384373
leaf_weight=0.20636047236621591 2.9282408356666547 0.11596885498147447 1.0006741578690705 0.64529493032023311 0.21563214063644409 1.4429951037745921 1.3786331787705419 2.3730932073667645 1.7302098805084822 0.20056803792249389 0.84651114046573628 0.4707933790050447 0.40915784309618164 0.45089283213019415 0.37709635496139526 0.26362735545262694 0.059038919978774529 0.13028425164520741 0.050305323675274849 0.070842359098605812 0.059003935195505619
leaf_count=13 22 33 11 31 1 30 11 28 19 42 5 21 17 16 14 15 26 9 10 25 31
internal_value=-0.000636158 -0.0146923 -0.00442363 -0.0244969 -0.00186 0.00317143 0.0101796 -0.00515697 0.00709956 -0.00152248 -0.0240668 -0.051508 -0.0517491 -0.051586 -0.0512143 -0.0507481 -0.0504961 -0.0506223 -0.0501611 -0.0501285 -0.0501083
internal_weight=15.4252 3.28783 2.57078 1.57011 0.924811 12.1374 6.5911 5.5463 4.1033 5.21247 2.28423 0.717046 1.43772 1.02856 0.577664 0.709178 0.445551 0.246253 0.239191 0.188885 0.118043
internal_count=430 226 163 152 121 204 127 77 47 116 94 63 89 72 56 120 105 42 92 82 57
cat_boundaries=0 1 2
cat_threshold=1 1
is_linear=0
shrinkage=0.05


Tree=70
num_leaves=24
num_cat=2
split_feature=18 4 21 20 20 19 21 20 4 10 20 20 20 1 20 20 1 4 21 8 20 4 19
split_gain=0.30544 0.477647 0.596349 0.438953 2.55148 0.271809 0.640401 1.06702 1.29687 1.05779 1.06639 2.45071 0.00047964 0.000457957 0.000101403 2.61824e-05 1.99179e-05 1.56234e-05 1.07083e-05 8.92519e-07 3.29911e-07 4.39322e-08 6.65541e-09
threshold=0.87409401350310023 80.500000000000014 0.4059229690365736 0.20891783567134273 0.20220440881763532 1.0000000180025095e-35 0.36730205278592382 0.56494158574746056 84797.000000000015 0.040673927842069448 0.19734513274336288 0.10260521042084171 0.025988862261434122 0 0.059734626835027206 0.10769047189039967 1 23.500000000000004 0.52112068965517255 463.50000000000006 0.021040734917751696 1.0000000180025095e-35 1.0000000180025095e-35
decision_type=2 2 2 2 2 2 2 2 2 2 2 2 2 1 2 2 1 2 2 2 2 2 2
left_child=1 2 3 4 15 -2 7 8 9 10 11 12 13 -7 18 16 -1 19 -3 -15 21 22 -18
right_child=5 14 -4 -5 -6 6 -8 -9 -10 -11 -12 -13 -14 17 -16 -17 20 -19 -20 -21 -22 -23 -24
leaf_value=-0.050840490600959999 0.017617743143706455 -0.050233417182448385 0.025388005382560214 -0.056632571974262275 0.14291941369983746 -0.053430832012855305 -0.033159766618380458 0.042726668314804872 0.047336395620478797 0.023256334599880617 -0.056261681521401721 0.045501537256241502 -0.054001323003642354 -0.050099641626176521 -0.051874972120515186 -0.051115959568937441 -0.050115208960510818 -0.050968428434052339 -0.050910502269610594 -0.050362969824082421 -0.050269913414473157 -0.050154105265257536 -0.050090864356680503
leaf_weight=0.19646095437929245 2.5207380065694442 0.11033863876946259 1.0133697069250045 0.61706320196390152 0.22745423018932343 0.30020056664943806 1.3208389757201064 1.4843253195285795 1.0373869403265414 1.4620750248432157 1.7311668591573832 1.2227829536423085 0.71465119067579508 0.068498853826892692 0.44864362990483642 0.2510474706068635 0.056166024063713293 0.15449926047585905 0.12404224276542664 0.06068670772947371 0.047864806372672319 0.067397711332887411 0.056131377583369613
leaf_count=13 38 33 11 31 1 5 15 8 7 14 31 9 16 35 21 15 26 15 9 11 10 25 31
internal_value=-0.000633603 -0.0143271 -0.0043208 -0.0241328 -0.00191236 0.00301256 -0.000839628 0.0043435 -0.00409452 -0.013431 -0.0260447 -0.00529734 -0.0531327 -0.0520696 -0.0514346 -0.0507113 -0.0504717 -0.0506291 -0.0505918 -0.0502233 -0.0501533 -0.0501222 -0.050103
internal_weight=15.2938 3.21598 2.53296 1.51959 0.902523 12.0779 9.55711 8.23627 6.75195 5.71456 4.25249 2.52132 1.29854 0.583885 0.683025 0.675068 0.424021 0.283685 0.234381 0.129186 0.22756 0.179695 0.112297
internal_count=430 226 163 152 121 204 166 151 143 136 122 91 82 66 63 120 105 61 42 46 92 82 57
cat_boundaries=0 1 2
cat_threshold=1 1
is_linear=0
shrinkage=0.05


Tree=71
num_leaves=20
num_cat=3
split_feature=20 4 4 1 20 5 4 4 21 18 20 19 1 4 7 10 19 8 18
split_gain=0.295309 0.637006 1.17666 0.864327 0.51105 0.729553 0.658106 0.446671 0.401404 0.273656 0.712953 0.223962 0.551287 0.000150271 7.54073e-05 0.00013746 4.84164e-06 4.41223e-08 8.17005e-10
threshold=0.0089548384798945769 23.500000000000004 1.0000000180025095e-35 0 0.10769047189039967 1 23.500000000000004 16.000000000000004 0.35241379310344834 1.1152244606891373 0.29243573535608941 1.0000000180025095e-35 2 30.500000000000004 -11.499999999999998 0.040673927842069448 1.0000000180025095e-35 25.500000000000004 0.87409401350310023
decision_type=2 2 2 1 2 1 2 2 2 2 2 2 1 2 2 2 2 2 2
left_child=1 2 3 -1 5 11 7 9 -8 10 -6 -2 -13 -3 15 16 -5 18 -18
right_child=4 13 -4 14 6 -7 8 -9 -10 -11 -12 12 -14 -15 -16 -17 17 -19 -20
leaf_value=0.013978212659508549 0.020795994122360949 -0.05318836338404595 0.082026974724940749 -0.050521396080220854 0.018602358070642196 0.042519623997613304 -0.006777229037351915 0.02991232004443525 -0.041411468122748776 0.0088886719162274766 -0.056347395700142536 0.019119282207615863 -0.053341422706395053 -0.051787521964315075 -0.051990737781592661 -0.051942616584442082 -0.050086361594542661 -0.050153173330601875 -0.050096489728458309
leaf_weight=1.1060302443802374 0.57355976337566983 0.3081375267356633 0.36137932853307564 0.17363345168996591 0.60945108346640908 1.7009742897935203 2.2035682122223084 1.6091482024639843 1.348573852330446 2.132887726649642 0.66188334254547954 0.51170316687785089 0.53896450693719067 0.50550848536659032 0.38152586808428191 0.24878498166799545 0.044752480229362845 0.043879649369046092 0.03587204241193831
leaf_count=13 14 18 27 35 15 23 37 17 14 21 25 20 24 41 14 7 26 20 19
internal_value=-0.000635421 -0.0140941 -0.00111302 -0.015881 0.0029973 0.0196339 -0.00346118 0.0082048 -0.0199261 -0.00205616 -0.0204181 -0.00433313 -0.0180511 -0.052318 -0.0514512 -0.0510749 -0.0503508 -0.0501128 -0.0500909
internal_weight=15.1002 3.2095 2.39586 2.03448 11.8907 3.3252 8.56551 5.01337 3.55214 3.40422 1.27133 1.62423 1.05067 0.813646 0.928448 0.546923 0.298138 0.124504 0.0806245
internal_count=430 220 161 134 210 81 129 78 51 61 40 58 44 59 121 107 100 65 45
cat_boundaries=0 1 2 3
cat_threshold=1 2 4
is_linear=0
shrinkage=0.05


Tree=72
num_leaves=23
num_cat=2
split_feature=18 4 14 20 4 4 21 1 20 21 21 20 14 7 20 20 1 21 20 20 4 18
split_gain=0.271831 0.457103 0.548376 0.905827 0.241646 1.10114 0.896648 0.74559 1.06951 0.257855 0.00502376 8.63638e-05 2.98423e-05 6.4536e-05 4.13458e-05 1.52276e-05 1.44011e-05 9.71697e-06 4.37805e-06 3.21096e-07 7.50305e-08 3.58606e-09
threshold=0.87409401350310023 80.500000000000014 0.58333333333333348 0.20220440881763532 23.500000000000004 16.000000000000004 0.02862903225806452 0 0.56494158574746056 0.34176863181312572 0.4059229690365736 0.059734626835027206 0.070719602977667509 -11.499999999999998 0.099599198396793612 0.19734513274336288 1 0.52112068965517255 0.10769047189039967 0.021040734917751696 16.000000000000004 0.77203402217513795
decision_type=2 2 2 2 2 2 2 1 2 2 2 2 2 2 2 2 1 2 2 2 2 2
left_child=1 2 3 10 5 7 -6 -2 12 -8 15 17 13 14 -9 16 -1 -3 19 20 21 -18
right_child=4 11 -4 -5 6 -7 9 8 -10 -11 -12 -13 -14 -15 -16 -17 18 -19 -20 -21 -22 -23
leaf_value=-0.050821618661123981 0.014991592907610466 -0.050218433392286814 0.046817323491036733 0.014109042016691574 -0.039743722433406029 0.048248473835541428 0.01900562905746089 -0.050504138487801421 0.021011454445744242 -0.0062018230277422412 -0.058728631768627228 -0.05179159794269126 -0.052000301211119884 -0.051940045420909402 -0.051432742851389851 -0.051148145123710111 -0.050084783018925688 -0.050883275816263666 -0.050597064397215646 -0.050262590827586599 -0.05017306886836409 -0.050102681857613567
leaf_weight=0.20693452982232197 2.8860291540622693 0.10380287596490223 0.43680116347968567 1.1582438973709939 1.3812762936577199 1.4198569692671297 2.1102571347728372 0.18408507970161725 0.8193095177412032 1.9538101856596766 0.28229148639366031 0.42128858575597405 0.38176709332037717 0.41883292328566346 0.34362916089594364 0.11461931280791759 0.067394697689451166 0.11679556127637625 0.07414641696959734 0.046286925673484802 0.038204748998396099 0.047853903961367905
leaf_count=14 22 33 13 31 30 11 26 42 5 21 5 21 17 16 14 6 40 9 7 10 12 25
internal_value=-0.000626558 -0.0137765 -0.00401748 -0.0149237 0.0028156 0.00936079 -0.00494137 -0.00160837 -0.0239158 0.00688709 -0.0532348 -0.0513719 -0.0516271 -0.0514766 -0.0511088 -0.0506303 -0.0505068 -0.0505704 -0.050269 -0.0501472 -0.0501123 -0.0500922
internal_weight=15.0135 3.11466 2.47278 2.03598 11.8989 6.45351 5.44534 5.03365 2.14762 4.06407 0.877732 0.641887 1.32831 0.946547 0.527714 0.595441 0.480821 0.220598 0.273887 0.19974 0.153453 0.115249
internal_count=430 226 163 150 204 127 77 116 94 47 119 63 89 72 56 114 108 42 94 87 77 65
cat_boundaries=0 1 2
cat_threshold=1 1
is_linear=0
shrinkage=0.05


Tree=73
num_leaves=19
num_cat=3
split_feature=16 20 20 5 4 4 1 4 4 19 20 21 21 4 7 17 18 1
split_gain=0.261068 0.289475 0.728687 0.991908 0.612201 0.992154 0.778739 0.545274 0.494865 0.340597 0.612223 0.166895 0.0293635 0.000135992 5.12976e-05 9.66817e-05 3.82434e-06 3.38446e-08
threshold=1.0000000180025095e-35 0.0089548384798945769 0.10769047189039967 0 23.500000000000004 1.0000000180025095e-35 1 23.500000000000004 16.000000000000004 0.58804562952784079 0.25063580874872843 0.32935483870967747 0.4059229690365736 30.500000000000004 -11.499999999999998 -1.0000000180025095e-35 1.1152244606891373 2
decision_type=2 2 2 1 2 2 1 2 2 2 2 2 2 2 2 2 2 1
left_child=1 4 3 12 5 6 -1 8 9 10 -4 -9 -3 -6 15 -8 17 -17
right_child=-2 2 7 -5 13 -7 14 11 -10 -11 -12 -13 -14 -15 -16 16 -18 -19
leaf_value=0.012712738775797053 -0.030445005620274097 -0.0089499005778268543 0.04007640391892827 0.054784915286085346 -0.053057871278107099 0.073544986435337578 -0.051751043609754799 -0.030057683396146364 0.031093202518284527 -0.025066983828505043 -0.015960971315768031 -0.0080001825367929033 0.0048641455557706433 -0.051664478240918577 -0.051795550353012414 -0.050091159634209494 -0.050511330324275017 -0.050145474613462332
leaf_weight=1.1129433382302532 0.69917174556758332 0.82205903704743832 0.88235216028988217 1.4804844954051068 0.28142569866031397 0.3820981595199554 0.22588823363184718 1.6090161669999363 1.5427666362375019 1.1555004548281429 1.0889353416860101 1.8362693600356577 0.72303095925599337 0.46351901709567755 0.3464704207144681 0.048462222563102841 0.1365131966304034 0.07026430568657871
leaf_count=13 37 37 17 18 16 25 7 32 15 11 27 17 14 39 14 28 28 35
internal_value=-0.000617016 0.000850811 0.00459585 0.0255382 -0.0127499 -9.99058e-05 -0.0146008 -0.0032124 0.0079206 -0.00351283 0.00912147 -0.0183015 -0.00248556 -0.0521909 -0.0513317 -0.0509976 -0.0503308 -0.0501233
internal_weight=14.9072 14.208 11.1404 3.02557 3.06758 2.32264 1.94054 8.11484 4.66955 3.12679 1.97129 3.44529 1.54509 0.744945 0.827598 0.481128 0.25524 0.118727
internal_count=430 393 188 69 205 150 125 119 70 55 44 49 51 55 112 98 91 63
cat_boundaries=0 1 2 3
cat_threshold=2 1 4
is_linear=0
shrinkage=0.05


Tree=74
num_leaves=23
num_cat=2
split_feature=17 20 21 18 20 20 20 20 8 20 4 7 1 22 4 18 18 21 18 1 20 4
split_gain=0.260248 0.689914 0.807961 0.948622 0.613947 0.562567 1.2258 1.49298 1.17008 0.239819 1.00201 0.231101 0.396407 0.00361369 0.00232032 0.0017245 0.000286413 0.000189854 3.59285e-06 7.67135e-06 7.6576e-07 3.11792e-08
threshold=-1.0000000180025095e-35 0.79784914983287314 0.6246334310850441 1.3550586825559083 0.13162211787369818 0.43028092400044726 0.20891783567134273 0.16587342901762478 1.0000000180025095e-35 0.059734626835027206 23.500000000000004 -11.499999999999998 0 1.0000000180025095e-35 84797.000000000015 0.95154499349597188 1.1152244606891373 0.4059229690365736 0.87409401350310023 1 0.04390184645286687 16.000000000000004
decision_type=2 2 2 2 2 2 2 2 2 2 2 2 1 2 2 2 2 2 2 1 2 2
left_child=-1 2 3 5 -5 6 7 8 9 10 11 12 -2 -12 16 -8 17 18 19 -10 21 -21
right_child=1 -3 -4 4 -6 -7 15 -9 14 -11 13 -13 -14 -15 -16 -17 -18 -19 -20 20 -22 -23
leaf_value=0.014459912788879502 0.027046887550867444 0.040339389973948217 0.039454463226587119 -0.01005559181002366 -0.06347232401323237 0.024118345405059086 -0.052383584269814466 0.052153427228838714 -0.050771834554611463 0.023751330938752355 -0.051970066233499992 0.031213878780492456 -0.051482887264621836 -0.05917123737917665 -0.057539966673548215 -0.056131902987592519 -0.052844762382914127 -0.052846313124633552 -0.050794491711389139 -0.050078449114874884 -0.050350124735745419 -0.050136115816114137
leaf_weight=2.4029518067836753 0.36957570817321495 0.83649836480617601 0.87730472907424051 0.96341224317439023 1.2179640447720883 1.5685561979189513 0.58987686084583379 1.1311388965696094 0.094007996376603731 1.014893115032464 0.34653048322070379 0.98868014290928807 0.28433174535166084 0.3503497214987874 0.24289078381843854 0.6395416297018528 0.565618418273516 0.12040912546217442 0.088396446080878377 0.048052171943709143 0.049202596768736839 0.045763181755319238
leaf_count=19 5 5 17 32 15 18 37 20 7 17 28 12 57 12 5 11 38 6 10 31 8 20
internal_value=-0.000603426 -0.00351475 -0.00667811 -0.0104538 -0.0398806 -0.00293536 -0.00902428 0.000680503 -0.0119528 0.00345324 -0.00535235 0.0159615 -0.00709939 -0.0555904 -0.0531516 -0.0543335 -0.0520978 -0.0511501 -0.0505224 -0.050421 -0.0501904 -0.0501066
internal_weight=14.8359 12.433 11.5965 10.7192 2.18138 8.53782 6.96926 5.73984 4.6087 3.35436 2.33947 1.64259 0.653907 0.69688 1.25434 1.22942 1.01145 0.445832 0.325422 0.237026 0.143018 0.0938154
internal_count=430 411 406 389 47 342 324 276 256 131 114 74 62 40 125 48 120 82 76 66 59 51
cat_boundaries=0 1 2
cat_threshold=1 1
is_linear=0
shrinkage=0.05


Tree=75
num_leaves=20
num_cat=3
split_feature=18 14 20 19 4 4 10 20 1 21 8 1 8 20 1 20 20 4 19
split_gain=0.27283 0.420976 0.836583 0.231623 0.602234 0.606015 1.12189 0.932031 0.0138889 0.00291808 0.000885698 0.000388447 5.29654e-05 2.13981e-05 1.40857e-05 5.02791e-06 1.25626e-07 2.61391e-08 2.58094e-09
threshold=0.87409401350310023 0.58333333333333348 0.20220440881763532 1.0000000180025095e-35 84797.000000000015 496.00000000000006 1.0000000180025095e-35 0.16587342901762478 0 0.4059229690365736 84.500000000000014 1 6.0000000000000009 0.17652016558835926 2 0.081567140130388446 0.0089548384798945769 16.000000000000004 1.0000000180025095e-35
decision_type=2 2 2 2 2 2 2 2 1 2 2 1 2 2 1 2 2 2 2
left_child=1 2 9 -2 5 6 7 10 -4 13 11 -5 -13 14 -1 16 17 18 -16
right_child=3 -3 8 4 -6 -7 -8 -9 -10 -11 -12 12 -14 -15 15 -17 -18 -19 -20
leaf_value=-0.05079064895064004 0.01652095352566749 0.025903586914302501 0.01049837572371104 -0.054157664998406685 0.032752605304067921 -0.038487105196292434 0.020274680758675279 0.00029142014916886137 0.000177293151702206 -0.055618684585871714 -0.055640496465779891 -0.052423355786187224 -0.051435381431860494 -0.051100221698817339 -0.050090636223918107 -0.050522942682212829 -0.050177433873817269 -0.050125545459950488 -0.050074667572019629
leaf_weight=0.19833966717124196 2.4574648020789018 0.54547000234015275 0.62904783152043797 0.33522088825702534 1.1696565099991865 1.1957069807685909 3.4275033394806087 2.0965109607204795 0.67649225564673543 0.4911106713116169 0.40255413099657744 0.31784270494244793 0.23666691116522998 0.16829891037195921 0.047172390157356303 0.1200742619112134 0.070463094976730645 0.05236806464381516 0.054581259493716061
leaf_count=14 38 18 8 5 9 18 33 33 33 18 16 23 29 9 28 14 22 25 37
internal_value=-0.000602675 -0.0139052 -0.0225635 0.00288713 -0.000761956 -0.00565468 0.000104745 -0.0202956 0.0051503 -0.0526543 -0.0536945 -0.052814 -0.0520017 -0.0506076 -0.0504549 -0.0502618 -0.0501221 -0.0500968 -0.0500821
internal_weight=14.6925 3.05342 2.50795 11.6391 9.18166 8.01201 6.8163 3.3888 1.30554 1.20241 1.29228 0.889731 0.55451 0.711298 0.542999 0.344659 0.224585 0.154122 0.101754
internal_count=430 226 208 204 166 157 139 106 41 167 73 57 52 149 140 126 112 90 65
cat_boundaries=0 1 2 3
cat_threshold=1 1 1
is_linear=0
shrinkage=0.05


Tree=76
num_leaves=24
num_cat=3
split_feature=18 4 21 20 20 19 21 20 4 10 20 20 20 1 20 20 1 4 8 19 20 1 18
split_gain=0.249979 0.41833 0.505591 0.41609 2.01689 0.207484 0.576004 0.987661 1.15595 0.922172 0.981676 2.02979 0.000369074 0.000326535 6.94355e-05 2.94488e-05 1.31392e-05 5.32825e-06 3.2061e-06 4.24736e-07 1.97086e-07 1.30974e-08 2.46829e-09
threshold=0.87409401350310023 80.500000000000014 0.4059229690365736 0.20891783567134273 0.20220440881763532 1.0000000180025095e-35 0.36730205278592382 0.56494158574746056 84797.000000000015 0.040673927842069448 0.19734513274336288 0.10260521042084171 0.025988862261434122 0 0.059734626835027206 0.10769047189039967 1 932.50000000000011 84.500000000000014 0.58804562952784079 0.021040734917751696 2 0.65051499783199074
decision_type=2 2 2 2 2 2 2 2 2 2 2 2 2 1 2 2 1 2 2 2 2 1 2
left_child=1 2 3 4 15 -2 7 8 9 10 11 12 13 -7 17 16 -1 -3 19 -15 21 22 -18
right_child=5 14 -4 -5 -6 6 -8 -9 -10 -11 -12 -13 -14 18 -16 -17 20 -19 -20 -21 -22 -23 -24
leaf_value=-0.050736714642416414 0.015583160227061885 -0.050283098395289494 0.022765381283783016 -0.056244709472516453 0.12034231301439308 -0.053093953724657139 -0.032085363843006885 0.04171320161714507 0.044780532135155218 0.021500276502829475 -0.05583863679004461 0.039203143979053071 -0.053723366678163437 -0.050250699212147469 -0.051689223399306088 -0.051140396651034738 -0.050102022554490838 -0.050805066972594029 -0.050720267557074983 -0.050450747902609942 -0.050224623711308695 -0.050077584714901702 -0.050118332057301589
leaf_weight=0.17146983463317367 2.4746324177831402 0.10101364564616222 1.0096847447566686 0.57654220843687654 0.24285662174224854 0.27431490272283598 1.2628148011863229 1.4403937458992002 1.0179008776322005 1.407586198300123 1.6032012952491639 1.2380885733291505 0.64746282901614904 0.054227003129197593 0.39112313045188785 0.24043823964893818 0.049700578092597425 0.094753559795208275 0.12791000492870808 0.051953965681605041 0.039783664746209979 0.048442441271617454 0.043504317407496274
leaf_count=13 38 26 11 31 1 5 15 8 7 14 31 9 16 23 21 15 27 16 21 17 10 33 22
internal_value=-0.000589193 -0.0134304 -0.00425444 -0.0235655 -0.0010338 0.00274197 -0.000740144 0.00429394 -0.004098 -0.0133035 -0.0255596 -0.00528208 -0.0529316 -0.0519234 -0.0513045 -0.0507136 -0.0504229 -0.0505357 -0.0505517 -0.0503486 -0.0501263 -0.0500987 -0.0501096
internal_weight=14.6098 3.00931 2.42242 1.41274 0.836196 11.6005 9.12585 7.86304 6.42265 5.40474 3.99716 2.39396 1.15587 0.508406 0.58689 0.593339 0.352901 0.195767 0.234091 0.106181 0.181431 0.141647 0.0932049
internal_count=430 226 163 152 121 204 166 151 143 136 122 91 82 66 63 120 105 42 61 40 92 82 49
cat_boundaries=0 1 2 3
cat_threshold=1 1 4
is_linear=0
shrinkage=0.05


Tree=77
num_leaves=22
num_cat=3
split_feature=18 4 21 20 20 4 4 1 20 21 4 20 14 7 20 20 1 4 20 1 18
split_gain=0.231219 0.401614 0.465768 0.395617 1.82718 0.208779 0.915471 0.67295 0.984287 0.526479 0.775974 5.98146e-05 3.17297e-05 7.92173e-05 2.53363e-05 2.40656e-05 1.12964e-05 4.58624e-06 1.69572e-07 1.12714e-08 2.12501e-09
threshold=0.87409401350310023 80.500000000000014 0.4059229690365736 0.20891783567134273 0.20220440881763532 23.500000000000004 16.000000000000004 0 0.56494158574746056 0.16064516129032261 496.00000000000006 0.059734626835027206 0.070719602977667509 -11.499999999999998 0.10769047189039967 0.099599198396793612 1 932.50000000000011 0.021040734917751696 2 0.65051499783199074
decision_type=2 2 2 2 2 2 2 1 2 2 2 2 2 2 2 2 1 2 2 1 2
left_child=1 2 3 4 14 6 7 -2 12 10 -7 17 13 15 16 -9 -1 -3 19 20 -18
right_child=5 11 -4 -5 -6 9 -8 8 -10 -11 -12 -13 -14 -15 -16 -17 18 -19 -20 -21 -22
leaf_value=-0.050700327979987275 0.014320671152959295 -0.050269243332804581 0.021412911982049341 -0.055964313353474765 0.11236668655122076 -0.056462166814735551 0.0440778963113772 -0.050469349131489864 0.020121084194580512 0.0071649355459823651 0.007498235788102256 -0.05160679153044271 -0.051969437717783701 -0.051923776965109886 -0.051084220951954168 -0.051231265349878791 -0.050097038422442022 -0.050765635476540241 -0.050213629507098914 -0.050073796462492298 -0.050112553619491566
leaf_weight=0.16322125820443245 2.7786987386643869 0.096112967235967406 1.019523514434695 0.55110234138555825 0.24697189033031464 0.98766487091779687 1.42046383023262 0.16045478964224447 0.78411506116390217 3.3679883505683392 0.91215048998128623 0.37262710835784674 0.37023350677918643 0.40501400828361545 0.22895709006115794 0.29268824961036444 0.047281236853450537 0.090200618607923388 0.037851469591259956 0.046083273831754368 0.041387237957678735
leaf_count=13 22 26 11 31 1 24 11 42 5 36 17 21 17 16 15 14 27 16 10 33 22
internal_value=-0.00058942 -0.0130971 -0.00414797 -0.0232695 -0.00107292 0.00261535 0.00882494 -0.00162662 -0.0236453 -0.00470685 -0.0257531 -0.051241 -0.0515826 -0.0514156 -0.0506786 -0.0509615 -0.0504021 -0.0505096 -0.0501201 -0.0500939 -0.0501043
internal_weight=14.4208 2.94132 2.38238 1.36286 0.811753 11.4795 6.21167 4.7912 2.01251 5.2678 1.89982 0.558941 1.22839 0.858157 0.564782 0.453143 0.335824 0.186314 0.172603 0.134752 0.0886685
internal_count=430 226 163 152 121 204 127 116 94 77 41 63 89 72 120 56 105 42 92 82 49
cat_boundaries=0 1 2 3
cat_threshold=1 1 4
is_linear=0
shrinkage=0.05


Tree=78
num_leaves=26
num_cat=2
split_feature=18 4 14 20 19 21 20 4 10 20 20 21 20 21 1 20 20 20 1 4 20 20 18 4 18
split_gain=0.213788 0.385497 0.43977 0.75359 0.19461 0.547479 0.886383 1.02871 0.887184 0.930754 2.44151 1.14141 0.00731482 0.00430986 0.000354325 5.54422e-05 5.15252e-05 1.16296e-05 7.71378e-06 3.94752e-06 2.79086e-06 1.50556e-07 4.13643e-08 2.58782e-08 1.017e-09
threshold=0.87409401350310023 80.500000000000014 0.58333333333333348 0.20220440881763532 1.0000000180025095e-35 0.36730205278592382 0.56494158574746056 84797.000000000015 0.040673927842069448 0.19734513274336288 0.16587342901762478 0.16064516129032261 0.12259903961584635 0.4059229690365736 0 0.059734626835027206 0.059734626835027206 0.19734513274336288 1 932.50000000000011 0.10769047189039967 0.021040734917751696 1.3550586825559083 1.0000000180025095e-35 0.77203402217513795
decision_type=2 2 2 2 2 2 2 2 2 2 2 2 2 2 1 2 2 2 1 2 2 2 2 2 2
left_child=1 2 3 13 -2 6 7 8 9 10 11 12 14 17 15 22 19 18 -1 -3 21 23 -6 24 -20
right_child=4 16 -4 -5 5 -7 -8 -9 -10 -11 -12 -13 -14 -15 -16 -17 -18 -19 20 -21 -22 -23 -24 -25 -26
leaf_value=-0.050679100440742413 0.014911929647396852 -0.050256069654663796 0.040241359186688676 0.011114683742283254 -0.050571955055404239 -0.031656559913472514 0.039880613149210153 0.041744781786426516 0.021444189354432864 -0.055684271806895613 0.092934246226625328 0.034672020257485663 -0.060676004528549404 -0.058458955231991253 -0.053273355101585873 -0.051991341788211611 -0.051528389934239277 -0.05102679765111541 -0.050060967194241059 -0.050728142068548733 -0.05051111271978162 -0.050203172428721493 -0.050621710602749927 -0.050114051778006999 -0.050073345634752235
leaf_weight=0.17107147583738191 2.469000336714088 0.091448843479156383 0.4523549717850982 1.1347692070994524 0.084045796887949109 1.2485525449737904 1.4090112894773481 1.0280157849192617 1.3822197355329988 1.5218459712341426 0.49685484170913685 0.47830931365024287 0.40059697348624468 0.2664946336299181 0.68465376831591018 0.12424774095416069 0.35497957188636065 0.10293886251747608 0.038920825114473145 0.085863298503682017 0.062261674087494612 0.036012741271406412 0.083047293126583099 0.048571379506029189 0.028924699407070875
leaf_count=14 38 26 13 31 27 15 8 7 14 31 2 12 4 5 26 5 21 6 32 16 7 10 15 24 21
internal_value=-0.000584607 -0.0127712 -0.00404263 -0.0146418 0.00248555 -0.000945765 0.00403861 -0.00399817 -0.0129453 -0.0252165 -0.00550049 -0.0318673 -0.054987 -0.0533439 -0.0526519 -0.0511915 -0.0511807 -0.0505546 -0.0504286 -0.0504847 -0.050229 -0.0501138 -0.0505967 -0.0500862 -0.0500662
internal_weight=14.285 2.87461 2.34232 1.88997 11.4104 8.9414 7.69285 6.28384 5.25582 3.8736 2.35176 1.8549 1.37659 0.755196 0.975995 0.291341 0.532292 0.488702 0.385763 0.177312 0.214691 0.15243 0.167093 0.116417 0.0678455
internal_count=430 226 163 150 204 166 151 143 136 122 91 89 77 119 73 47 63 114 108 42 94 87 42 77 53
cat_boundaries=0 1 2
cat_threshold=4 1
is_linear=0
shrinkage=0.05


Tree=79
num_leaves=19
num_cat=3
split_feature=20 4 4 1 20 4 5 21 4 20 18 19 4 4 7 10 18 1
split_gain=0.213315 0.575304 0.79068 0.733886 0.502885 0.466875 0.455333 0.379497 0.287882 0.333563 0.487781 0.179323 0.622033 0.000140092 4.46664e-05 8.74071e-05 2.68413e-06 2.27102e-08
threshold=0.0089548384798945769 23.500000000000004 1.0000000180025095e-35 0 0.10769047189039967 23.500000000000004 1 0.35241379310344834 16.000000000000004 0.23387952375338916 1.2546012611655517 1.0000000180025095e-35 146.00000000000003 30.500000000000004 -11.499999999999998 0.040673927842069448 1.1152244606891373 2
decision_type=2 2 2 1 2 2 1 2 2 2 2 2 2 2 2 2 2 1
left_child=1 2 3 -1 6 8 11 -7 9 -6 -11 -2 -13 -3 15 16 17 -5
right_child=4 13 -4 14 5 7 -8 -9 -10 10 -12 12 -14 -15 -16 -17 -18 -19
leaf_value=0.012699381285616441 0.021866935323807055 -0.053041150952589856 0.06237873560149898 -0.050069603330024984 0.021283203965167502 -0.0051624873933658368 0.037676731387112354 -0.039979508172529266 0.023376734488042811 -0.037599140509136243 0.010007631261156868 -0.052551602462797387 0.031107872781299662 -0.051588259863035293 -0.051769610384659118 -0.051706080720868658 -0.050450862394074203 -0.050119218738036132
leaf_weight=1.0623574070632475 0.54280444234609604 0.27067569224163879 0.41194225323852141 0.038944330648519099 0.99272340722381924 2.0662754038348798 1.6487004957161835 1.2598334504291413 1.5965440189465878 1.0741463226731869 1.078083401545882 0.48912866995669901 0.4071304869139567 0.4286852985387668 0.33191908104345225 0.22046484798192978 0.12530018773395568 0.056559286662376862
leaf_count=13 14 18 27 30 18 37 23 14 17 34 9 29 15 41 14 7 33 37
internal_value=-0.000582025 -0.0125467 -0.000222966 -0.0142724 0.00257861 -0.00398907 0.0197384 -0.0183502 0.00608508 -0.00269307 -0.0137522 -0.000813072 -0.0145488 -0.0521506 -0.0513314 -0.0510018 -0.0502987 -0.050099
internal_weight=14.1022 2.94685 2.24749 1.83555 11.1554 8.06761 3.08776 3.32611 4.7415 3.14495 2.15223 1.43906 0.896259 0.699361 0.773188 0.441269 0.220804 0.0955036
internal_count=430 220 161 134 210 129 81 51 78 61 43 58 44 59 121 107 100 67
cat_boundaries=0 1 2 3
cat_threshold=1 2 4
is_linear=0
shrinkage=0.05


Tree=80
num_leaves=20
num_cat=3
split_feature=20 4 4 1 20 4 5 21 20 20 8 19 4 4 5 7 19 8 8
split_gain=0.19616 0.550929 1.70369 0.777854 0.454174 0.424181 0.406081 0.351089 0.26603 0.587759 0.651054 0.162621 0.583256 0.000120309 8.57357e-05 2.41937e-05 2.09571e-08 1.82328e-08 8.81064e-11
threshold=0.0089548384798945769 23.500000000000004 16.000000000000004 0 0.10769047189039967 23.500000000000004 1 0.35241379310344834 0.51020408163265318 0.20891783567134273 25.500000000000004 1.0000000180025095e-35 146.00000000000003 30.500000000000004 2 -11.499999999999998 1.0000000180025095e-35 12.500000000000002 2.0000000000000004
decision_type=2 2 2 1 2 2 1 2 2 2 2 2 2 2 1 2 2 2 2
left_child=1 2 3 -1 6 8 11 -7 9 -6 -11 -2 -13 -3 16 -16 -5 18 -18
right_child=4 13 -4 14 5 7 -8 -9 -10 10 -12 12 -14 -15 15 -17 17 -19 -20
leaf_value=0.012013229637856592 0.020545196805723948 -0.052888633581181482 0.1152204161435775 -0.050123274437969746 0.020925861656993672 -0.0049162658670415449 0.035585811610688932 -0.038579052573273924 0.022444738847183322 -0.053399947019321103 0.008372297069151555 -0.052426294100323137 0.029281348185455539 -0.051509729739450422 -0.051259982848375518 -0.051821292118254293 -0.050063740608952779 -0.050112804707237994 -0.050059591953976301
leaf_weight=1.0667670629918593 0.5486821299418807 0.25819842005148519 0.27948324056342233 0.041104499250650406 1.4356135712005182 2.0614010663703088 1.658046885393559 1.2407814580947159 1.5907724536955354 0.85238127363845684 0.85382072906941175 0.46635760494973511 0.41080295131541789 0.40838407562114298 0.3923522544791922 0.37588946195319262 0.028309528599493206 0.026615890325047076 0.023356242454610765
leaf_count=13 14 18 3 22 21 37 23 14 11 35 11 29 15 41 46 16 23 18 20
internal_value=-0.000571774 -0.0121517 -0.000248057 -0.0167603 0.00244902 -0.0038116 0.0187605 -0.0175649 0.00578484 -0.00265045 -0.0224878 -0.000804966 -0.0141599 -0.0520438 -0.0513409 -0.0515346 -0.0500944 -0.0500792 -0.0500619
internal_weight=14.0191 2.90046 2.23388 1.95439 11.1187 8.03477 3.08389 3.30218 4.73259 3.14182 1.7062 1.42584 0.877161 0.666582 0.887628 0.768242 0.119386 0.0782817 0.0516658
internal_count=430 220 161 158 210 129 81 51 78 67 46 58 44 59 145 62 83 61 43
cat_boundaries=0 1 2 3
cat_threshold=1 2 2
is_linear=0
shrinkage=0.05


Tree=81
num_leaves=26
num_cat=2
split_feature=18 4 20 20 1 14 20 4 4 8 1 20 21 4 21 21 20 7 14 20 20 4 18 4 8
split_gain=0.191999 0.366815 0.426939 0.753875 0.698683 0.710735 0.908441 0.174042 0.709176 0.595673 0.931011 0.922914 0.504912 0.678276 0.00354163 0.000882172 4.39656e-05 3.23701e-05 6.94963e-05 1.29014e-05 9.55981e-06 4.26334e-06 3.16934e-07 6.22716e-08 1.95165e-08
threshold=0.87409401350310023 80.500000000000014 0.67810125067320937 0.51020408163265318 0 0.58333333333333348 0.20220440881763532 23.500000000000004 16.000000000000004 463.50000000000006 1 0.42279997105225076 0.16064516129032261 496.00000000000006 0.4059229690365736 0.46942652329749107 0.059734626835027206 -11.499999999999998 0.070719602977667509 0.17652016558835926 0.099599198396793612 932.50000000000011 0.53959062302381255 16.000000000000004 2.0000000000000004
decision_type=2 2 2 2 1 2 2 2 2 2 1 2 2 2 2 2 2 2 2 2 2 2 2 2 2
left_child=1 2 3 4 15 6 14 8 9 10 -2 17 13 -9 22 19 21 18 20 23 -12 -3 -6 24 -1
right_child=7 16 -4 -5 5 -7 -8 12 -10 -11 11 -13 -14 -15 -16 -17 -18 -19 -20 -21 -22 -23 -24 -25 -26
leaf_value=-0.050082607693949378 0.027125218635264816 -0.050223959375500775 -0.059445198226160935 0.086829602260868485 -0.050603082067326367 0.079789240578227338 0.048703218692074224 -0.056295085080756528 0.038696457584905843 -0.036852611971436119 -0.050445010502342603 0.041726218855373948 0.0071124813910019282 0.005187850110586297 -0.059187601594967089 -0.054547905769368493 -0.051476151541390847 -0.051927872261977252 -0.051804574645974266 -0.050801192511269057 -0.051008117514652007 -0.05072962931242532 -0.050487379335958732 -0.050185698321232534 -0.05013576129852091
leaf_weight=0.03643572935834527 2.2770720981061441 0.081922780955210217 0.29982279986143101 0.24424822628498066 0.099343288573437993 0.31200240273028612 0.38515025703236461 0.90360666648484744 1.4434503503143785 0.94540408707689483 0.13318355847150076 0.36748708505183458 3.3392914943397045 0.89079474087338895 0.22787308227270842 0.24441314488649368 0.33225697837769985 0.31281024217605624 0.33593384909909219 0.21728983428329229 0.17363584600389004 0.084859690396115184 0.14641964889597148 0.0407489282079041 0.032829604228027165
leaf_count=25 18 26 3 1 16 6 12 24 11 20 37 5 36 17 4 4 21 9 17 23 10 16 37 14 18
internal_value=-0.000566654 -0.0123055 -0.00382921 0.00456384 -0.00696741 0.0151571 -0.0083241 0.00237329 0.00816399 -0.00153171 0.00774367 -0.0256135 -0.00438216 -0.0257731 -0.0546974 -0.0522751 -0.0511436 -0.0515107 -0.0513077 -0.0505778 -0.0507637 -0.0504812 -0.0505341 -0.0501367 -0.0501078
internal_weight=13.9083 2.78562 2.28658 1.98675 1.74251 1.17079 0.858786 11.1227 5.98898 4.54553 3.60012 1.32305 5.13369 1.7944 0.473636 0.571717 0.499039 0.955563 0.642753 0.327304 0.306819 0.166782 0.245763 0.110014 0.0692653
internal_count=430 226 163 160 159 75 69 204 127 116 96 78 77 41 57 84 63 73 64 80 47 42 53 57 43
cat_boundaries=0 1 2
cat_threshold=4 1
is_linear=0
shrinkage=0.05


Tree=82
num_leaves=28
num_cat=2
split_feature=18 4 20 20 1 14 20 19 21 20 4 10 20 20 21 20 21 21 1 20 20 20 4 4 18 4 8
split_gain=0.178399 0.351135 0.401859 0.692 0.658606 0.624588 0.83862 0.163669 0.4756 0.845363 0.902233 0.871776 0.839207 2.13501 1.00991 0.00687394 0.0030253 0.000755314 0.000249797 5.6641e-05 3.78921e-05 1.10974e-05 6.20229e-06 3.6693e-06 2.72217e-07 5.35908e-08 1.67988e-08
threshold=0.87409401350310023 80.500000000000014 0.67810125067320937 0.51020408163265318 0 0.58333333333333348 0.20220440881763532 1.0000000180025095e-35 0.36730205278592382 0.56494158574746056 84797.000000000015 0.040673927842069448 0.19734513274336288 0.16587342901762478 0.16064516129032261 0.12259903961584635 0.4059229690365736 0.46942652329749107 1 0.059734626835027206 0.059734626835027206 0.17652016558835926 496.00000000000006 932.50000000000011 0.53959062302381255 16.000000000000004 2.0000000000000004
decision_type=2 2 2 2 1 2 2 2 2 2 2 2 2 2 2 2 2 2 1 2 2 2 2 2 2 2 2
left_child=1 2 3 4 17 6 16 -2 9 10 11 12 13 14 15 18 24 21 19 22 23 25 -9 -3 -6 26 -1
right_child=7 20 -4 -5 5 -7 -8 8 -10 -11 -12 -13 -14 -15 -16 -17 -18 -19 -20 -21 -22 -23 -24 -25 -26 -27 -28
leaf_value=-0.050078574852150518 0.01374798540735981 -0.05021300573117387 -0.058934280090499974 0.083766605268773719 -0.050573430833557434 0.074000598224998798 0.045467045450728175 -0.050265146046293702 -0.030125206050127237 0.039199346037662286 0.038525696121012698 0.021847962802875282 -0.055439531385947087 0.086274901853465549 0.028972576853616878 -0.060414629900190725 -0.058689782362843369 -0.054311069134882699 -0.053052511587070195 -0.05206192294672999 -0.051404398565826598 -0.050761805292048962 -0.050911543049886571 -0.050693894421387359 -0.05046351502563709 -0.050176627333288509 -0.050129134586331336
leaf_weight=0.034661458688788116 2.419968217611312 0.07794393179938186 0.28761003911495198 0.24061104655265797 0.094552265945823555 0.31938732601702213 0.39175859000533819 0.076816883403807878 1.2034102301113305 1.3718698769807813 1.0236631929874418 1.3250720128417013 1.4292317787185309 0.4869541972875594 0.49535189010202874 0.3971806587651372 0.21855155797675252 0.23348117992281914 0.64020669716410228 0.1132001206278801 0.31648265360854566 0.20684881554916501 0.071793814422562718 0.080776500049978495 0.13934288371820003 0.038768409984186292 0.031232509412802756
leaf_count=25 38 26 3 1 16 6 12 34 15 8 7 14 31 2 12 4 4 4 26 5 21 23 8 16 37 14 18
internal_value=-0.000563284 -0.0120549 -0.00376234 0.00437845 -0.00680136 0.0144438 -0.00808832 0.0022559 -0.000964865 0.00375728 -0.00426684 -0.0129656 -0.0253972 -0.00657738 -0.031773 -0.0549338 -0.0544601 -0.052161 -0.0525204 -0.0512193 -0.0510882 -0.0505495 -0.0505774 -0.0504577 -0.0505079 -0.05013 -0.0501025
internal_weight=13.7667 2.71201 2.23681 1.9492 1.70858 1.16359 0.844205 11.0547 8.63475 7.43134 6.05947 5.03581 3.71074 2.2815 1.79455 1.2992 0.452447 0.544992 0.902018 0.261811 0.475203 0.311511 0.148611 0.15872 0.233895 0.104662 0.065894
internal_count=430 226 163 160 159 75 69 204 166 151 143 136 122 91 89 77 57 84 73 47 63 80 42 42 53 57 43
cat_boundaries=0 1 2
cat_threshold=4 4
is_linear=0
shrinkage=0.05


Tree=83
num_leaves=19
num_cat=1
split_feature=20 4 4 1 20 8 20 7 4 21 4 18 4 7 17 18 7 19
split_gain=0.169235 0.518497 1.34968 0.707887 0.414883 0.542788 1.23912 0.60525 0.369336 0.33729 0.240978 0.213523 9.47662e-05 4.38941e-05 7.90678e-05 2.67299e-06 1.33911e-08 1.45079e-08
threshold=0.0089548384798945769 23.500000000000004 16.000000000000004 0 0.10769047189039967 59.000000000000007 0.025988862261434122 -13.499999999999998 23.500000000000004 0.35241379310344834 16.000000000000004 1.1152244606891373 30.500000000000004 -11.499999999999998 -1.0000000180025095e-35 1.1152244606891373 -13.499999999999998 1.0000000180025095e-35
decision_type=2 2 2 1 2 2 2 2 2 2 2 2 2 2 2 2 2 2
left_child=1 2 3 -1 5 6 -2 -8 10 -10 11 -6 -3 14 -5 16 -16 -18
right_child=4 12 -4 13 8 -7 7 -9 9 -11 -12 -13 -14 -15 15 -17 17 -19
leaf_value=0.01096316661322575 0.073429344800031549 -0.052730786376913544 0.097230757522377517 -0.051578909231862681 -0.020147436922757181 0.056196247947343181 -0.057192660439005165 0.005905944305617669 -0.0042945615370038196 -0.037783356370403323 0.021380204679221481 0.0073836743636408438 -0.051454831148703972 -0.051671409188908994 -0.050053205795428761 -0.050423826061526511 -0.050119862698225097 -0.050074625355172014
leaf_weight=1.0539071168750542 0.52786221995483984 0.2343576451530679 0.30630239285528649 0.23197122476994958 1.1249940043780955 0.71175060793757428 0.55367222719360176 1.2119086625752964 2.0120621214155112 1.2004680642858145 1.5452806092798708 1.8831638349220154 0.38388769672019407 0.34373938757926248 0.028928736690431278 0.13029419729718938 0.030301999824587589 0.042696646822150797
leaf_count=13 15 18 3 8 40 5 25 36 37 14 17 21 41 16 28 39 16 38
internal_value=-0.000564046 -0.0115474 -2.98905e-05 -0.0160308 0.00227724 0.018052 0.00621426 -0.0138813 -0.00382712 -0.0168088 0.00533165 -0.00291244 -0.0519385 -0.0512431 -0.050926 -0.0502738 -0.050082 -0.0500934
internal_weight=13.5575 2.78639 2.16814 1.86184 10.7712 3.00519 2.29344 1.76558 7.76597 3.21253 4.55344 3.00816 0.618245 0.807932 0.464193 0.232222 0.101927 0.0729986
internal_count=430 220 161 158 210 81 76 61 129 51 78 61 59 145 129 121 82 54
cat_boundaries=0 1
cat_threshold=1
is_linear=0
shrinkage=0.05


Tree=84
num_leaves=21
num_cat=1
split_feature=20 4 4 1 20 8 20 4 20 20 4 21 21 20 4 7 10 18 7 19
split_gain=0.156145 0.495748 1.16777 0.675121 0.377171 0.491776 1.12072 0.335505 0.235236 0.492765 0.619898 0.161385 0.161245 0.45273 8.14161e-05 3.76943e-05 6.78691e-05 2.30028e-06 1.15273e-08 1.24833e-08
threshold=0.0089548384798945769 23.500000000000004 16.000000000000004 0 0.10769047189039967 59.000000000000007 0.025988862261434122 23.500000000000004 0.51020408163265318 0.20891783567134273 16.000000000000004 0.32935483870967747 0.4059229690365736 0.081567140130388446 30.500000000000004 -11.499999999999998 0.040673927842069448 1.1152244606891373 -13.499999999999998 1.0000000180025095e-35
decision_type=2 2 2 1 2 2 2 2 2 2 2 2 2 2 2 2 2 2 2 2
left_child=1 2 3 -1 5 6 -2 8 9 -6 -11 -9 13 -8 -3 16 17 18 -5 -20
right_child=4 14 -4 15 7 -7 12 11 -10 10 -12 -13 -14 -15 -16 -17 -18 -19 19 -21
leaf_value=0.010380254505391581 0.069805037243367868 -0.052594331164021416 0.087694921292886197 -0.050050608717430167 0.018744143434358897 0.053661238414034557 -0.056999204562583311 -0.028211874444726566 0.021164263941989878 -0.053942096981196425 0.0078262060048161965 -0.0056593430701587788 0.0063302275534040794 0.0073463278703479271 -0.051382984124073439 -0.05158789287658453 -0.051499659274662796 -0.050403092284029297 -0.050114010543536903 -0.050070987962670746
leaf_weight=1.0573449693620223 0.52751214522868295 0.22349166823551048 0.32218798669055093 0.027519257564562749 1.4034115755930545 0.70819793641567219 0.55132194701582171 1.4745140064042064 1.5142885185778139 0.77780191088095285 0.85017501655966043 1.7169134076684711 0.65136391529813398 0.54221296054311097 0.36566299782134593 0.32749100262299202 0.22098884545266628 0.12398937687976286 0.028827435104176402 0.040617182501591742
leaf_count=13 15 18 3 28 21 5 28 33 11 35 11 18 13 20 41 16 8 39 16 38
internal_value=-0.000553676 -0.0112099 -7.02037e-05 -0.0155493 0.00216874 0.0172808 0.00594287 -0.00365298 0.00507118 -0.00296791 -0.021685 -0.0160791 -0.0133637 -0.0250944 -0.0518425 -0.0511814 -0.0508801 -0.0502604 -0.050078 -0.0500888
internal_weight=13.4558 2.73812 2.14897 1.82678 10.7177 2.98061 2.27241 7.7371 4.54568 3.03139 1.62798 3.19143 1.7449 1.09353 0.589155 0.769433 0.441942 0.220953 0.0969639 0.0694446
internal_count=430 220 161 158 210 81 76 129 78 67 46 51 61 48 59 145 129 121 82 54
cat_boundaries=0 1
cat_threshold=1
is_linear=0
shrinkage=0.05


Tree=85
num_leaves=25
num_cat=1
split_feature=18 4 20 20 1 14 20 20 16 14 4 7 4 19 20 21 20 21 21 20 20 18 4 8
split_gain=0.155917 0.333357 0.383501 0.602682 0.628426 0.538565 0.801886 0.145955 1.06231 0.90204 0.348855 0.370183 0.836463 0.122529 0.472303 0.00263962 0.00212206 0.000686768 3.50046e-05 1.14454e-05 8.81528e-06 1.55497e-07 6.26442e-08 1.95864e-08
threshold=0.87409401350310023 80.500000000000014 0.67810125067320937 0.51020408163265318 0 0.58333333333333348 0.20220440881763532 0.47566220877128412 -1.0000000180025095e-35 1.0000000180025095e-35 16.000000000000004 -11.499999999999998 496.00000000000006 1.0000000180025095e-35 0.16587342901762478 0.4059229690365736 0.086679804665228941 0.46942652329749107 0.52112068965517255 0.17652016558835926 0.17652016558835926 0.53959062302381255 16.000000000000004 2.0000000000000004
decision_type=2 2 2 2 1 2 2 2 2 2 2 2 2 2 2 2 2 2 2 2 2 2 2 2
left_child=1 2 3 4 17 6 15 8 -2 10 13 12 -12 -10 16 21 -15 20 19 -3 22 -6 23 -1
right_child=7 18 -4 -5 5 -7 -8 -9 9 -11 11 -13 -14 14 -16 -17 -18 -19 -20 -21 -22 -23 -24 -25
leaf_value=-0.050067615472696593 0.050508209424165243 -0.050282145041850572 -0.058461559135002228 0.079759881530257232 -0.05053765637139717 0.069213342624046173 0.04497635652256575 -0.0077051898490065902 0.00041771580955742753 -0.052844912652625212 -0.028217111572441111 0.034369514642624763 0.029419444857084306 -0.052586092859230861 0.010925036618462634 -0.058355872988241436 -0.058771753237385482 -0.05422587442717676 -0.051578918459315552 -0.050948600125394643 -0.050716601389887685 -0.050451032103423311 -0.050179587273442211 -0.050125574389502305
leaf_weight=0.029839191411156207 1.1284512020647524 0.11010872427141283 0.27597820013761509 0.23390106856822956 0.086323758412619744 0.32373923575505614 0.38804141501896083 2.7960550561547279 1.0563737954944357 0.76978214416885737 1.1951605444774034 1.3766764206811788 1.3300122686196116 0.28796674311161019 0.51454489771276712 0.21034274064004421 0.26740157231688499 0.22127127647399902 0.1776517741382122 0.15525896823965013 0.19406370515935123 0.12956172757549211 0.036301174317486584 0.028497649822384119
leaf_count=25 13 38 3 1 16 6 12 21 21 37 28 15 16 38 9 4 6 4 13 12 23 37 14 18
internal_value=-0.000547179 -0.0115296 -0.00341875 0.00465328 -0.00600673 0.0146624 -0.00702614 0.00211676 0.00558148 -0.00187633 0.00463227 0.0135115 0.00214015 -0.0116617 -0.0235882 -0.0543696 -0.0555644 -0.05213 -0.0510357 -0.0506721 -0.0505237 -0.0504857 -0.050128 -0.0500959
internal_weight=13.3233 2.60088 2.15786 1.88188 1.64798 1.13801 0.81427 10.7224 7.92637 6.79792 6.02814 3.90185 2.52517 2.12629 1.06991 0.426228 0.555368 0.509973 0.443019 0.265368 0.288702 0.215885 0.094638 0.0583368
internal_count=430 226 163 160 159 75 69 204 183 170 133 59 44 74 53 57 44 84 63 50 80 53 57 43
cat_boundaries=0 1
cat_threshold=4
is_linear=0
shrinkage=0.05


Tree=86
num_leaves=22
num_cat=1
split_feature=20 4 4 1 20 8 20 4 20 20 4 18 20 21 20 4 7 10 18 7 19
split_gain=0.148204 0.47305 1.00502 0.649032 0.334657 0.401472 0.99174 0.314191 0.212986 0.470778 0.598204 0.155384 1.78879 0.146337 0.440538 6.28024e-05 2.72725e-05 6.60542e-05 2.00628e-06 8.98514e-09 1.0509e-08
threshold=0.0089548384798945769 23.500000000000004 16.000000000000004 0 0.10769047189039967 59.000000000000007 0.025988862261434122 23.500000000000004 0.51020408163265318 0.20891783567134273 16.000000000000004 1.4682568712394468 0.43028092400044726 0.4059229690365736 0.081567140130388446 30.500000000000004 -11.499999999999998 0.040673927842069448 1.1152244606891373 -13.499999999999998 1.0000000180025095e-35
decision_type=2 2 2 1 2 2 2 2 2 2 2 2 2 2 2 2 2 2 2 2 2
left_child=1 2 3 -1 5 6 -2 8 9 -6 -11 12 -9 14 -8 -3 17 18 19 -5 -21
right_child=4 15 -4 16 7 -7 13 11 -10 10 -12 -13 -14 -15 -16 -17 -18 -19 -20 20 -22
leaf_value=0.010159694069989095 0.066124584202876702 -0.052461368601847795 0.079067590272647509 -0.050045762095915991 0.018592590162501015 0.049583331737036863 -0.056949697691952177 -0.054893177826451894 0.020542218860659614 -0.053744380100071598 0.007893564881725627 -0.026510008645517159 0.052334125866869023 0.0062439518373843999 0.0080024393829831141 -0.051369243884396211 -0.051514921345628344 -0.05149817410526545 -0.050387397112716718 -0.050105163749945759 -0.050063883607802055
leaf_weight=1.0441674292087573 0.52475745277479191 0.20990571996662755 0.33629252854734648 0.024888041196390431 1.392729717306793 0.69914013519883145 0.51668013154994674 0.82407672377303265 1.4945753589272497 0.74754452309571184 0.83145088260062039 1.5850560590624807 0.73660718463361263 0.63915018690749992 0.5276666022837162 0.35301825508940965 0.31018156092613958 0.22078259103000164 0.11640161491231993 0.026584222156088799 0.036705019243527204
leaf_count=13 15 18 3 28 21 5 28 36 11 35 11 10 5 13 20 41 16 8 39 16 38
internal_value=-0.000541479 -0.0110407 -0.000203655 -0.0151827 0.00213229 0.0165625 0.00610801 -0.00337928 0.0051459 -0.0025974 -0.0212877 -0.0154833 -0.00428434 -0.0125996 -0.024132 -0.0517765 -0.0511584 -0.0508984 -0.0502511 -0.0500712 -0.0500812
internal_weight=13.1984 2.67893 2.116 1.77971 10.5194 2.90739 2.20825 7.61204 4.4663 2.97173 1.579 3.14574 1.56068 1.6835 1.04435 0.562924 0.735543 0.425361 0.204579 0.0881773 0.0632892
internal_count=430 220 161 158 210 81 76 129 78 67 46 51 41 61 48 59 145 129 121 82 54
cat_boundaries=0 1
cat_threshold=1
is_linear=0
shrinkage=0.05


Tree=87
num_leaves=21
num_cat=1
split_feature=17 20 21 18 20 20 20 20 8 7 4 4 4 18 18 21 18 1 20 4
split_gain=0.142358 0.584466 0.710168 0.816853 0.497725 0.483816 0.96723 1.08522 0.914319 0.259856 0.632919 0.447877 0.00279117 0.00152013 0.000164872 5.95573e-05 1.98951e-06 2.49224e-06 1.4414e-07 2.68426e-08
threshold=-1.0000000180025095e-35 0.79784914983287314 0.6246334310850441 1.3550586825559083 0.13162211787369818 0.43028092400044726 0.20891783567134273 0.16587342901762478 1.0000000180025095e-35 -13.499999999999998 16.000000000000004 1.0000000180025095e-35 84797.000000000015 0.95154499349597188 1.1152244606891373 0.4059229690365736 0.87409401350310023 0 0.04390184645286687 16.000000000000004
decision_type=2 2 2 2 2 2 2 2 2 2 2 2 2 2 2 2 2 1 2 2
left_child=-1 2 3 5 -5 6 7 8 9 11 -11 -2 14 -8 15 16 17 -10 19 -19
right_child=1 -3 -4 4 -6 -7 13 -9 12 10 -12 -13 -14 -15 -16 -17 -18 18 -20 -21
leaf_value=0.011178022194063398 0.019684972835501944 0.03956215798138267 0.038909683843390622 -0.011292268476507194 -0.062346356291763876 0.024124019815656629 -0.051963825030209548 0.046233567227227032 -0.050542885821430551 -0.020303175927122302 0.032901417369836525 -0.05874717134178177 -0.057983518494584087 -0.055935824791934319 -0.052374617093496591 -0.051974331769846116 -0.050641384148711381 -0.050042330431428354 -0.050215300150235377 -0.050112678638037506
leaf_weight=2.1629296969622365 0.32925294287269569 0.75544802099466402 0.80910956137813705 0.88096006598789234 1.0420794375240801 1.3966997526586054 0.43652020161971439 1.0234888442791996 0.063238072674721368 0.96644233202096153 1.3257736067171206 0.40702802478335798 0.2387851825915277 0.53746447898447514 0.45108586282003671 0.084793968591839075 0.062637410708703101 0.025665287859737873 0.030486788600683212 0.028749316814355552
leaf_count=19 28 5 17 32 15 18 37 20 7 44 31 28 5 11 38 6 10 31 8 20
internal_value=-0.000539055 -0.00286504 -0.00602586 -0.00992224 -0.0389581 -0.00238496 -0.00854409 0.000274884 -0.0114438 0.00216859 0.0104693 -0.0236736 -0.053278 -0.0541557 -0.0517732 -0.0508553 -0.0504051 -0.0503053 -0.0501283 -0.0500795
internal_weight=13.0586 10.8957 10.1403 9.33115 1.92304 7.40811 6.01141 5.03743 4.01394 3.0285 2.29222 0.736281 0.985442 0.973985 0.746657 0.295571 0.210777 0.148139 0.0849014 0.0544146
internal_count=430 411 406 389 47 342 324 276 256 131 75 56 125 48 120 82 76 66 59 51
cat_boundaries=0 1
cat_threshold=1
is_linear=0
shrinkage=0.05


Tree=88
num_leaves=26
num_cat=2
split_feature=18 4 20 20 1 14 20 21 20 16 18 1 20 20 7 4 21 20 21 21 20 20 18 4 8
split_gain=0.157326 0.304327 0.370754 0.537118 0.582684 0.462765 0.738905 0.161401 1.5095 0.501441 0.746957 0.625414 0.163203 0.541219 0.254595 0.346274 0.00245805 0.00170662 0.000576645 3.57672e-05 9.34356e-06 8.4141e-06 2.00418e-07 5.47566e-08 1.59544e-08
threshold=0.87409401350310023 80.500000000000014 0.67810125067320937 0.51020408163265318 0 0.58333333333333348 0.20220440881763532 0.35241379310344834 0.56494158574746056 -1.0000000180025095e-35 1.2546012611655517 1 0.20891783567134273 0.081567140130388446 -11.499999999999998 1.0000000180025095e-35 0.4059229690365736 0.12259903961584635 0.46942652329749107 0.52112068965517255 0.17652016558835926 0.17652016558835926 0.53959062302381255 16.000000000000004 2.0000000000000004
decision_type=2 2 2 2 1 2 2 2 2 2 2 1 2 2 2 2 2 2 2 2 2 2 2 2 2
left_child=1 2 3 4 18 6 16 8 9 -2 12 -12 13 14 15 -11 22 -13 21 20 -3 23 -6 24 -1
right_child=7 19 -4 -5 5 -7 -8 -9 -10 10 11 17 -14 -15 -16 -17 -18 -19 -20 -21 -22 -23 -24 -25 -26
leaf_value=-0.050059707219822717 0.024395803097404689 -0.050259849843067042 -0.058352486853274037 0.07627807533350936 -0.05052245489944171 0.063679173829574803 0.042696467764705127 -0.010440239001135915 0.063671439388897716 0.0069718073080560694 0.0046185893286912775 -0.054116855607053177 -0.013889304496170117 0.038857224462505523 0.0086436418131717162 -0.057737235084496588 -0.058282956907600936 -0.057854265699715225 -0.054020628590834265 -0.051573215529103017 -0.05088933742030554 -0.050719680370864065 -0.050420618117263533 -0.050169294153690272 -0.050115248294970063
leaf_weight=0.026436194777488708 1.4073583986610163 0.10086464107735071 0.27324796468019474 0.22582089900970448 0.082142204977573519 0.32772153289988637 0.38227872573770583 2.0414674228522918 0.97647677361965168 0.3916893759742367 0.65167346387170255 0.59670526697300352 1.0507322680205105 1.0133401937782762 1.232841258868576 0.43784935958683491 0.20248016645200551 0.62577392533421516 0.21016478911042213 0.17015448305755854 0.14185449830256402 0.1867473041638732 0.11731387121835724 0.033003061194904149 0.02530752494931221
leaf_count=25 15 38 3 1 16 6 12 22 7 29 22 32 20 11 19 18 4 9 4 13 12 23 37 14 18
internal_value=-0.000536229 -0.0117862 -0.00404611 0.00410986 -0.00611676 0.0137821 -0.00706982 0.00216736 0.00523709 -0.0024654 -0.00876532 -0.0349415 0.00312337 0.00893527 -0.00576673 -0.0271831 -0.0544022 -0.05603 -0.0520543 -0.0510174 -0.0506277 -0.0505322 -0.0504626 -0.050119 -0.0500869
internal_weight=12.9314 2.50554 2.09266 1.81942 1.5936 1.11194 0.784215 10.4259 8.38444 7.40796 6.00061 1.87415 4.12645 3.07572 2.06238 0.829539 0.401936 1.22248 0.481659 0.412874 0.242719 0.271494 0.199456 0.0847468 0.0517437
internal_count=430 226 163 160 159 75 69 204 182 175 160 63 97 77 66 47 57 41 84 63 50 80 53 57 43
cat_boundaries=0 1 2
cat_threshold=4 2
is_linear=0
shrinkage=0.05


Tree=89
num_leaves=21
num_cat=1
split_feature=20 17 21 21 14 14 20 20 20 19 4 19 20 18 1 21 4 8 4 18
split_gain=0.153349 0.999433 0.598822 0.610446 1.03755 0.803777 0.447993 0.768467 0.731689 0.676067 0.16455 0.0028589 0.00119852 0.000421787 0.000103679 4.9611e-05 9.20799e-06 6.1937e-07 3.71943e-08 1.65346e-10
threshold=0.47566220877128412 -1.0000000180025095e-35 0.6246334310850441 0.19090909090909094 0.09401709401709403 1.0000000180025095e-35 0.16587342901762478 0.12259903961584635 0.081567140130388446 1.0000000180025095e-35 16.000000000000004 1.0000000180025095e-35 0.025988862261434122 1.1152244606891373 0 0.009461166852471203 496.00000000000006 52251.000000000007 16.000000000000004 0.95154499349597188
decision_type=2 2 2 2 2 2 2 2 2 2 2 2 2 2 1 2 2 2 2 2
left_child=1 -1 3 5 11 6 7 8 9 10 -3 -5 14 -13 -11 -7 17 18 19 -16
right_child=-2 2 -4 4 -6 15 -8 -9 -10 12 -12 13 -14 -15 16 -17 -18 -19 -20 -21
leaf_value=0.047654847403945787 -0.0096706348941973073 -0.0014093673518843954 0.037595671494804098 -0.057041022670599566 0.034697460716898491 -0.051917025994126953 0.027950136437806691 -0.058918405074942615 0.053232864955777517 -0.052253372305616233 0.033034271817856363 -0.051163503226363233 -0.055918465040586285 -0.053641863564440277 -0.050039139800232529 -0.052826704144426695 -0.050912291440441709 -0.050328282176241135 -0.050124851633749724 -0.050045376501814148
leaf_weight=1.0949179828166933 3.373282647691668 1.0698737004422594 0.81225151894614089 0.6622012577136045 0.42738839844241727 0.40574685763567675 1.7042151144705711 0.52772947936318804 0.65260700066573907 0.15872929804027203 0.51303061004728068 0.33398633752949536 0.25320623093284667 0.35324878734536469 0.025235990295185307 0.2376749436953105 0.069678378931712359 0.035599809139966965 0.019493017345666885 0.018358248984441161
leaf_count=13 32 49 17 28 13 39 39 8 18 5 22 31 7 12 33 14 10 7 12 21
internal_value=-0.000528558 0.00276085 -0.00317559 -0.00761004 -0.0331941 0.000377492 0.00708614 -0.00354831 0.00682896 -0.00717041 0.00975406 -0.0546965 -0.0533358 -0.0524374 -0.0513366 -0.0522531 -0.0504722 -0.0501615 -0.0500674 -0.0500418
internal_weight=12.7485 9.37517 8.28025 7.468 1.77682 5.69118 5.04776 3.34354 2.81581 2.16321 1.5829 1.34944 0.580301 0.687235 0.327095 0.643422 0.168365 0.0986871 0.0630873 0.0435942
internal_count=430 398 385 368 84 284 231 192 184 166 71 71 95 43 88 53 83 73 66 54
cat_boundaries=0 1
cat_threshold=1
is_linear=0
shrinkage=0.05


Tree=90
num_leaves=26
num_cat=1
split_feature=18 4 20 20 1 14 20 20 16 21 21 18 21 4 20 20 21 21 21 20 20 21 18 4 8
split_gain=0.13956 0.290231 0.34916 0.500168 0.554546 0.396767 0.667414 0.163281 0.804751 0.759279 0.868352 0.717297 0.499736 0.307711 0.159538 0.00189501 0.00181942 0.000505753 3.28552e-05 6.61429e-06 4.53347e-06 1.09738e-06 2.35538e-07 3.30167e-08 2.46069e-08
threshold=0.87409401350310023 80.500000000000014 0.67810125067320937 0.51020408163265318 0 0.58333333333333348 0.20220440881763532 0.47566220877128412 -1.0000000180025095e-35 0.6246334310850441 0.19090909090909094 1.2546012611655517 0.080322580645161304 16.000000000000004 0.012120226491377171 0.12259903961584635 0.4059229690365736 0.46942652329749107 0.55086206896551737 0.17652016558835926 0.19013243595310467 0.19090909090909094 0.53959062302381255 16.000000000000004 3.5000000000000004
decision_type=2 2 2 2 1 2 2 2 2 2 2 2 2 2 2 2 2 2 2 2 2 2 2 2 2
left_child=1 2 3 4 17 6 16 8 -2 10 11 13 15 14 -10 -13 22 19 20 23 21 -3 -6 24 -1
right_child=7 18 -4 -5 5 -7 -8 -9 9 -11 -12 12 -14 -15 -16 -17 -18 -19 -20 -21 -22 -23 -24 -25 -26
leaf_value=-0.050054013931779787 0.045608759368229779 -0.050272524420100918 -0.057833794323934908 0.074584781917488491 -0.050500485290982472 0.059500097416344037 0.040062349203798697 -0.0084966352375679174 -0.016818120056091328 0.047483666009677662 -0.055017228906181007 -0.052365527338261511 0.0049505991037889557 0.027637447684760359 0.01392400586404295 -0.057202279699099447 -0.05741989928686432 -0.053833888133853772 -0.051637777322130041 -0.05066219956790266 -0.050826599371782702 -0.05056531611686324 -0.050386595237032088 -0.050152473590628313 -0.050125333682733468
leaf_weight=0.026925576326902956 1.0870424099266527 0.064592411450575926 0.26002005860209454 0.22097133100032795 0.078051050659270649 0.32864721771329641 0.3828441898804158 2.7096815649420023 0.88275489432271415 0.71997206774540234 0.80840299848932762 0.40963055624160893 0.61762254370842129 1.7859490569680927 0.80858790129423141 0.40050555113703012 0.18627411290071905 0.20382482372224331 0.11643730569630861 0.17500825901515782 0.14390161540359259 0.063427130226045847 0.10851127241039649 0.030305370106361806 0.021956387092359364
leaf_count=28 13 28 3 1 16 6 12 21 40 8 29 36 7 28 14 8 4 4 10 23 13 12 37 14 15
internal_value=-0.000523873 -0.0113438 -0.00374471 0.0042313 -0.00584821 0.0136372 -0.00630866 0.00202686 0.00581856 -0.000904705 -0.00700229 0.000911067 -0.0289284 0.013163 -0.00212109 -0.0547567 -0.0539244 -0.0519784 -0.050935 -0.0504906 -0.050634 -0.0504176 -0.0504342 -0.0501115 -0.050086
internal_weight=12.6418 2.4117 2.02334 1.76332 1.54235 1.08433 0.755681 10.2301 7.52047 6.43343 5.71345 4.90505 1.42776 3.47729 1.69134 0.810136 0.372836 0.45802 0.388358 0.254196 0.271921 0.12802 0.186562 0.0791873 0.048882
internal_count=430 226 163 160 159 75 69 204 183 170 162 133 51 82 54 44 57 84 63 80 53 40 53 57 43
cat_boundaries=0 1
cat_threshold=4
is_linear=0
shrinkage=0.05


Tree=91
num_leaves=23
num_cat=1
split_feature=20 4 4 1 20 8 20 4 4 20 18 18 20 21 4 4 17 7 18 18 7 19
split_gain=0.13281 0.476888 0.898407 0.651845 0.318299 0.335564 0.905597 0.28554 0.18586 0.28529 0.374362 0.174627 1.53724 0.119591 0.429718 7.27928e-05 2.73859e-05 5.96089e-05 1.97025e-05 1.57771e-06 4.99371e-09 8.06096e-09
threshold=0.0089548384798945769 23.500000000000004 16.000000000000004 0 0.10769047189039967 59.000000000000007 0.023297666112069366 23.500000000000004 16.000000000000004 0.20891783567134273 1.2546012611655517 1.4682568712394468 0.43028092400044726 0.4059229690365736 84797.000000000015 30.500000000000004 -1.0000000180025095e-35 -11.499999999999998 1.1152244606891373 1.1152244606891373 -13.499999999999998 1.0000000180025095e-35
decision_type=2 2 2 1 2 2 2 2 2 2 2 2 2 2 2 2 2 2 2 2 2 2
left_child=1 2 3 -1 5 6 -2 8 9 -6 -11 12 -9 14 18 -3 -5 19 -8 20 -18 -22
right_child=4 15 -4 16 7 -7 13 11 -10 10 -12 -13 -14 -15 -16 -17 17 -19 -20 -21 21 -23
leaf_value=0.011783691275195775 0.065903855026966607 -0.05266758199845744 0.075309987965829869 -0.051618439747681634 0.021072640425554613 0.047768826235148172 -0.051443581522857329 -0.054543490972948278 0.01974560802074439 -0.035890768893370582 0.0086906013141962342 -0.026737997959330951 0.047491556834028212 0.0054569691249625879 0.016092479925080845 -0.051478387197659459 -0.050038123820069835 -0.051404758428868207 -0.052043295684345847 -0.050362032636867185 -0.050089467527474819 -0.050049697734452052
leaf_weight=0.99470764584839544 0.49229007563553651 0.20533043472096313 0.33555773459374894 0.23742428235709645 0.87679989915341172 0.65832060761749733 0.28850149246863999 0.72708637500181816 1.4253989413846282 0.93565369118005015 0.94801198877394199 1.5578748006373642 0.74979700334370136 0.60953210480511189 0.40637419593986124 0.34473060071468353 0.020898303948342356 0.28579532704316102 0.2607163586653769 0.10458964068675414 0.022634212858974934 0.029152065108064562
leaf_count=13 12 18 3 8 16 5 35 36 17 36 9 10 5 14 6 41 28 16 9 39 16 38
internal_value=-0.000519131 -0.0106248 0.000561179 -0.014235 0.00210568 0.0166978 0.00675581 -0.00338252 0.00508361 -0.00248728 -0.0134538 -0.0150599 -0.00274145 -0.0118485 -0.0228869 -0.0519223 -0.0511818 -0.050958 -0.0517283 -0.0502377 -0.0500588 -0.0500671
internal_weight=12.5172 2.58082 2.03076 1.6952 9.93636 2.71573 2.05741 7.22062 4.18586 2.76047 1.88367 3.03476 1.47688 1.56512 0.955592 0.550061 0.700494 0.46307 0.549218 0.177274 0.0726846 0.0517863
internal_count=430 220 161 158 210 81 76 129 78 61 45 51 41 64 50 59 145 137 44 121 82 54
cat_boundaries=0 1
cat_threshold=1
is_linear=0
shrinkage=0.05


Tree=92
num_leaves=22
num_cat=1
split_feature=1 4 20 4 21 21 4 20 21 14 19 20 10 7 10 7 20 20 18 4 18
split_gain=0.126381 0.502094 1.01145 0.584329 0.872996 0.499987 0.473807 0.449054 0.66992 0.397313 0.195265 0.0454851 0.00792651 9.03901e-05 2.72609e-05 2.90878e-05 2.56762e-05 5.36431e-06 1.33955e-06 1.29983e-06 4.19327e-09
threshold=0 16.000000000000004 0.99237029501525953 23.500000000000004 0.009461166852471203 0.43404682274247497 146.00000000000003 0.43028092400044726 0.071982758620689674 0.09401709401709403 1.0000000180025095e-35 0.56494158574746056 0.040673927842069448 -11.499999999999998 0.040673927842069448 -11.499999999999998 0.42279997105225076 0.099599198396793612 1.1152244606891373 146.00000000000003 0.65051499783199074
decision_type=1 2 2 2 2 2 2 2 2 2 2 2 2 2 2 2 2 2 2 2 2
left_child=10 2 9 -3 12 6 -6 8 -8 11 -1 14 13 19 15 16 17 18 20 -5 -2
right_child=1 3 -4 4 5 -7 7 -9 -10 -11 -12 -13 -14 -15 -16 -17 -18 -19 -20 -21 -22
leaf_value=0.02213874374590007 -0.050035818642209628 0.027075047956270238 0.056507656825890144 -0.050530910932084616 0.038236708258017699 -0.026430774906977733 0.015340276619403693 0.020313059600551318 -0.057005714663162024 0.0083663162280926424 -0.0029878039632408849 -0.075890993775148782 -0.061963428315734537 -0.052099311595122079 -0.051537148571004048 -0.051334805970877168 -0.051251798112659112 -0.050631591236604184 -0.050360737781857103 -0.050797261476831494 -0.050063535266294173
leaf_weight=1.3905257643200459 0.023819731257387899 1.8096340697957201 0.30515720695257176 0.098365593876224011 1.1250182119547392 1.1612530264537779 0.62641559453913964 1.2737646028399465 0.65413791115861386 0.30223145929630835 1.7416924939025191 0.22476994991302479 0.30450752377510071 0.26316440664231766 0.22619220800697803 0.27221802854910526 0.14971444942057133 0.22575935185886919 0.094444850226864219 0.085725647280924022 0.0319505445077084
leaf_count=16 34 24 3 26 30 34 14 7 28 27 30 1 2 8 8 16 10 27 32 17 36
internal_value=-0.000514769 -0.00345194 -0.0267036 0.00237906 -0.00561233 0.00217288 0.0112006 -0.000707098 -0.0216158 -0.0430742 0.00816695 -0.055523 -0.0557412 -0.0515048 -0.0510526 -0.0509153 -0.050698 -0.0504775 -0.050246 -0.0506549 -0.0500517
internal_weight=12.3905 9.25824 1.85626 7.40199 5.59235 4.84059 3.67934 2.55432 1.28055 1.5511 3.13222 1.24887 0.751763 0.447256 1.0241 0.797907 0.525689 0.375974 0.150215 0.184091 0.0557703
internal_count=430 384 194 190 166 113 79 49 42 191 46 164 53 51 163 155 139 129 102 43 70
cat_boundaries=0 1
cat_threshold=1
is_linear=0
shrinkage=0.05


Tree=93
num_leaves=27
num_cat=3
split_feature=18 4 20 20 1 14 20 21 20 16 18 1 20 4 20 1 21 20 21 21 20 20 21 18 20 18
split_gain=0.132192 0.258392 0.315952 0.451024 0.509062 0.335601 0.626653 0.158405 1.41588 0.39576 0.631726 0.559251 0.16461 0.467344 0.210412 0.108283 0.00172171 0.00120972 0.000484236 2.89238e-05 5.48551e-06 2.55872e-06 7.85462e-07 1.88871e-07 6.67048e-08 1.52651e-08
threshold=0.87409401350310023 80.500000000000014 0.67810125067320937 0.51020408163265318 0 0.58333333333333348 0.20220440881763532 0.35241379310344834 0.56494158574746056 -1.0000000180025095e-35 1.2546012611655517 1 0.20891783567134273 23.500000000000004 0.012120226491377171 2 0.4059229690365736 0.12259903961584635 0.46942652329749107 0.55086206896551737 0.17652016558835926 0.19013243595310467 0.19090909090909094 0.53959062302381255 0.021040734917751696 0.77203402217513795
decision_type=2 2 2 2 1 2 2 2 2 2 2 1 2 2 2 1 2 2 2 2 2 2 2 2 2 2
left_child=1 2 3 4 18 6 16 8 9 -2 12 -12 13 14 15 -11 23 -13 20 21 24 22 -3 -6 25 -1
right_child=7 19 -4 -5 5 -7 -8 -9 -10 10 11 17 -14 -15 -16 -17 -18 -19 -20 -21 -22 -23 -24 -25 -26 -27
leaf_value=-0.050048626040691102 0.021947413109160374 -0.050259957046064334 -0.057312553854486775 0.071774118433442446 -0.050478625090671837 0.053976622094633178 0.038410466221855316 -0.010612559930844666 0.063005339759761442 0.024551163794658552 0.0040003234980486692 -0.053665773565663669 -0.014497897810925432 -0.021880435211223244 0.040409227231622873 -0.0055645967922379668 -0.057357933198212287 -0.057009361884693258 -0.053834206517705568 -0.051538038301397443 -0.050633351138718155 -0.050710661487529778 -0.050518834054381727 -0.05037308506005661 -0.050174137110220354 -0.050107024447078388
leaf_weight=0.027598160260822624 1.3370892796665428 0.060380274662747868 0.24506355822086323 0.21133668720722187 0.07291196333244554 0.33251306461170316 0.37703407229855657 1.9945280004758386 0.93340998888015736 0.54631577548570931 0.62380671803839505 0.5164632014930246 1.0391566287726162 0.88002306083217252 0.86625638045370568 0.65795045997947388 0.18346581934019923 0.56807218492031097 0.19696495309472084 0.10771325090900064 0.16453183954581618 0.12507146131247282 0.056924331933259964 0.10126636724453419 0.024605696438811719 0.018821797973942012
leaf_count=32 15 28 3 1 16 6 12 22 7 27 22 32 20 22 10 18 4 9 4 10 23 13 12 37 8 17
internal_value=-0.000507904 -0.0112952 -0.00421484 0.00339002 -0.00624653 0.0122988 -0.00656445 0.00198908 0.00514327 -0.00253377 -0.00827847 -0.0337206 0.00261557 0.00864278 0.0216159 0.00809743 -0.0539777 -0.0554171 -0.0520046 -0.0508563 -0.0504748 -0.0505533 -0.0503856 -0.0504173 -0.0501076 -0.0500723
internal_weight=12.2693 2.3062 1.95611 1.71105 1.49971 1.06719 0.734678 9.96307 7.96854 7.03513 5.69804 1.70834 3.9897 2.95055 2.07052 1.20427 0.357644 1.08454 0.432522 0.350089 0.235557 0.242376 0.117305 0.174178 0.0710257 0.04642
internal_count=430 226 163 160 159 75 69 204 182 175 160 63 97 77 55 45 57 41 84 63 80 53 40 53 57 49
cat_boundaries=0 1 2 3
cat_threshold=4 2 4
is_linear=0
shrinkage=0.05


Tree=94
num_leaves=21
num_cat=4
split_feature=20 20 10 20 18 20 8 20 7 1 20 1 20 4 5 8 8 1 20 21
split_gain=0.152241 0.812086 0.843641 0.950634 0.89103 0.880162 0.737171 0.249434 0.465988 0.0735943 0.00179392 0.000885783 0.000510618 0.00035572 0.00020226 5.4677e-05 6.91698e-07 8.48473e-07 2.83413e-07 5.2467e-09
threshold=0.47566220877128412 0.43028092400044726 1.0000000180025095e-35 0.20891783567134273 1.2546012611655517 0.16587342901762478 1.0000000180025095e-35 0.0089548384798945769 -11.499999999999998 0 0.14832924320170551 1 0.10769047189039967 16.000000000000004 2 25.500000000000004 12.500000000000002 3 0.081567140130388446 0.067816091954023008
decision_type=2 2 2 2 2 2 2 2 2 1 2 1 2 2 1 2 2 1 2 2
left_child=1 2 3 4 5 6 7 8 13 -9 14 -5 -6 -1 15 16 17 -8 19 -19
right_child=-2 -3 -4 11 12 -7 10 9 -10 -11 -12 -13 -14 -15 -16 -17 -18 18 -20 -21
leaf_value=-0.050352574130816057 -0.0097822964672362872 0.057763550194939207 0.029937156265492287 -0.055058696820374099 -0.051765774532484071 0.051806126696974666 -0.050442584444186339 0.031297422766409615 0.0080762997056709387 0.0099920103605495407 -0.058121391668849089 -0.052115388008594644 -0.054428402789502367 -0.053498423554448948 -0.053158257105719725 -0.051579408417159203 -0.050477960583702214 -0.050074420465274765 -0.050284363988452332 -0.0501081890786799
leaf_weight=0.12803058966528391 3.2351325675845155 0.62658233940601427 1.7138590703252701 0.54194944188930094 0.37280449806712557 0.87797271274030197 0.043254336342215538 0.75093600922264159 1.2083089165389531 0.88068486104020827 0.1339516369625926 0.48382641607895471 0.34826645255088806 0.30142038606572896 0.1475955044152214 0.17492725927149877 0.055799889552872628 0.026724908209871501 0.030694019049406052 0.020194770884700119
leaf_count=55 32 3 26 27 36 18 6 18 19 25 2 27 8 24 10 27 11 35 7 14
internal_value=-0.000497928 0.00288918 -0.00128294 -0.00948028 -0.00124096 0.00657398 -0.00360215 0.00596096 -0.00782381 0.0197976 -0.0529836 -0.0536704 -0.0530518 -0.0525606 -0.0516049 -0.0509528 -0.0503324 -0.0502651 -0.0501662 -0.050089
internal_weight=12.1029 8.86778 8.2412 6.52734 5.50157 4.7805 3.90252 3.26938 1.63776 1.63162 0.633142 1.02578 0.721071 0.429451 0.499191 0.351595 0.176668 0.120868 0.0776137 0.0469197
internal_count=430 398 395 369 315 271 253 141 98 43 112 54 44 79 110 100 73 62 56 49
cat_boundaries=0 1 2 3 4
cat_threshold=4 4 2 1
is_linear=0
shrinkage=0.05


Tree=95
num_leaves=21
num_cat=1
split_feature=20 17 21 21 14 14 21 19 4 4 1 19 4 20 7 8 18 20 18 19
split_gain=0.137394 0.753396 0.498165 0.514532 1.02623 0.670987 0.382565 0.74769 0.91405 0.485792 0.812724 0.00229357 0.000623192 0.000364173 4.45294e-05 3.2753e-05 4.68965e-06 2.45846e-06 1.30108e-06 2.47374e-10
threshold=0.47566220877128412 -1.0000000180025095e-35 0.6246334310850441 0.19090909090909094 0.58333333333333348 1.0000000180025095e-35 0.02862903225806452 0.58804562952784079 23.500000000000004 16.000000000000004 0 1.0000000180025095e-35 932.50000000000011 0.25063580874872843 -11.499999999999998 2.0000000000000004 0.95154499349597188 0.099599198396793612 1.1152244606891373 1.0000000180025095e-35
decision_type=2 2 2 2 2 2 2 2 2 2 1 2 2 2 2 2 2 2 2 2
left_child=1 -1 3 5 11 6 7 8 9 10 -3 -5 -10 16 17 -7 -13 18 19 -12
right_child=-2 2 -4 4 -6 15 -8 -9 12 -11 14 13 -14 -15 -16 -17 -18 -19 -20 -21
leaf_value=0.042856220530058074 -0.0093053694285409154 0.025989900064513252 0.035022584960797958 -0.056433460096430944 0.041054299190064779 -0.05222014643503603 0.030477207930313596 -0.055495610550713462 -0.051622500670638428 0.058733990319204045 -0.050038549145338299 -0.050894016400080226 -0.055132327019089059 -0.053546046299524225 -0.051428374266940559 -0.051428553386379139 -0.051251573516498589 -0.050593581932647458 -0.050399263612586946 -0.050030667874291439
leaf_weight=1.0332225821912278 3.2310038739815363 1.4460574770346297 0.78966420446522523 0.59246031392831333 0.36880591325461853 0.33297232742188487 1.2346024108119307 0.54888184182345856 0.26725877175340418 0.61931717349216331 0.017828095704315983 0.18049938103649765 0.24008109333226457 0.25140385841950774 0.23529176414012898 0.21508131799055263 0.18641298095462844 0.11266669072210789 0.061658996914047748 0.022549582354258746
leaf_count=13 32 22 17 28 5 27 26 30 32 7 25 27 11 11 9 26 13 18 13 38
internal_value=-0.000493106 0.00275839 -0.00260576 -0.00689109 -0.0319676 0.000506862 0.00648394 -0.00180989 0.00793869 0.0202869 0.00772878 -0.0542103 -0.0532834 -0.0520801 -0.0509533 -0.0519095 -0.0510757 -0.0504326 -0.0502548 -0.0500341
internal_weight=11.9877 8.75672 7.72349 6.93383 1.57958 5.35425 4.80619 3.57159 3.02271 2.51537 1.89605 1.21078 0.50734 0.618316 0.449995 0.548054 0.366912 0.214703 0.102037 0.0403777
internal_count=430 398 385 368 84 284 231 205 175 132 125 79 43 51 103 53 40 94 76 63
cat_boundaries=0 1
cat_threshold=1
is_linear=0
shrinkage=0.05


Tree=96
num_leaves=21
num_cat=1
split_feature=20 17 21 21 14 14 21 19 4 4 1 19 4 20 7 8 18 20 18 19
split_gain=0.123923 0.685886 0.449073 0.482508 0.966592 0.633579 0.341934 0.704671 0.852262 0.43004 0.75485 0.00197279 0.000536899 0.000313922 3.82218e-05 2.80999e-05 4.00862e-06 2.11545e-06 1.11921e-06 2.12907e-10
threshold=0.47566220877128412 -1.0000000180025095e-35 0.6246334310850441 0.19090909090909094 0.58333333333333348 1.0000000180025095e-35 0.02862903225806452 0.58804562952784079 23.500000000000004 16.000000000000004 0 1.0000000180025095e-35 932.50000000000011 0.25063580874872843 -11.499999999999998 2.0000000000000004 0.95154499349597188 0.099599198396793612 1.1152244606891373 1.0000000180025095e-35
decision_type=2 2 2 2 2 2 2 2 2 2 1 2 2 2 2 2 2 2 2 2
left_child=1 -1 3 5 11 6 7 8 9 10 -3 -5 -10 16 17 -7 -13 18 19 -12
right_child=-2 2 -4 4 -6 15 -8 -9 12 -11 14 13 -14 -15 -16 -17 -18 -19 -20 -21
leaf_value=0.041007480151356746 -0.0088510911459894395 0.024639037468277881 0.03297575122509231 -0.056110983830552387 0.038655166055542062 -0.052109042476888724 0.028727512228073033 -0.055220651304785817 -0.051542626650861526 0.055285458080102517 -0.050036668199423852 -0.050850674913772979 -0.054877712949442541 -0.053371794237051851 -0.051356926187665186 -0.05135788296506924 -0.051189450657312466 -0.050564476621202552 -0.050379661854897964 -0.050029171599829295
leaf_weight=1.0260028764605511 3.2270950255915531 1.4489941834472133 0.79656201554462303 0.56672265910310649 0.37202540412545193 0.31739134376402933 1.2440565910073926 0.52464658423559729 0.25460842909524206 0.62490134523250151 0.016959230764767907 0.17183897120412439 0.22940498986281455 0.23990380065515637 0.22411997243762005 0.20486609905492514 0.17753127351170406 0.10723200580105186 0.058674096479080617 0.021450451808050275
leaf_count=13 32 22 17 28 5 27 26 30 32 7 25 27 11 11 9 26 13 18 13 38
internal_value=-0.000492334 0.0026341 -0.00254504 -0.00670274 -0.031445 0.000461275 0.00620283 -0.00177839 0.00761045 0.0193579 0.00739941 -0.0540048 -0.0531233 -0.0519791 -0.050906 -0.0518144 -0.0510228 -0.0504114 -0.0502423 -0.0500325
internal_weight=11.855 8.62789 7.60189 6.80533 1.52802 5.27731 4.75505 3.51099 2.98634 2.50233 1.87743 1.156 0.484013 0.589274 0.428436 0.522257 0.34937 0.204316 0.0970838 0.0384097
internal_count=430 398 385 368 84 284 231 205 175 132 125 79 43 51 103 53 40 94 76 63
cat_boundaries=0 1
cat_threshold=1
is_linear=0
shrinkage=0.05


Tree=97
num_leaves=20
num_cat=3
split_feature=20 20 10 20 18 20 8 20 4 4 1 21 20 1 20 8 1 8 21
split_gain=0.111753 0.644306 0.639547 0.877127 0.761403 0.755815 0.696437 0.224617 0.43596 0.662122 0.243184 0.172398 0.00187087 0.0006509 0.00032659 5.63418e-05 1.68988e-06 4.18089e-07 1.20863e-07
threshold=0.47566220877128412 0.43028092400044726 1.0000000180025095e-35 0.20891783567134273 1.2546012611655517 0.16587342901762478 1.0000000180025095e-35 0.0089548384798945769 23.500000000000004 16.000000000000004 0 0.4059229690365736 0.12259903961584635 1 0.10769047189039967 25.500000000000004 2 9.5000000000000018 0.058333333333333341
decision_type=2 2 2 2 2 2 2 2 2 2 1 2 2 1 2 2 1 2 2
left_child=1 2 3 4 5 6 7 8 9 10 -1 -9 15 -5 -6 17 -12 18 -8
right_child=-2 -3 -4 13 14 -7 12 11 -10 -11 16 -13 -14 -15 -16 -17 -18 -19 -20
leaf_value=0.005086459878821302 -0.0084184454801480083 0.051159047780697367 0.025710408608649017 -0.054554827476829583 -0.051510554187189077 0.04872450702040295 -0.050273217632058366 0.0036459284630046018 -0.051854256605292942 0.067019560561579303 -0.051054638931491148 0.036706147201929822 -0.05688399115940973 -0.051919965024061578 -0.053796025974878203 -0.051529802620478231 -0.050813288070031208 -0.050381709331746488 -0.050148094561603823
leaf_weight=0.51272729597985756 3.223393709398807 0.63025970757007588 1.7065032885875551 0.49853070243261755 0.32207664070301678 0.8503355593420564 0.045217190257971995 0.84003737271996193 0.40985962800914411 0.33826340734958649 0.19551590573973954 0.74320857413113117 0.21046422282233834 0.44237926939968009 0.3037088867276907 0.22521531520760618 0.11529537403839518 0.080638303625164554 0.033672648831270635
leaf_count=3 32 3 26 27 36 18 25 34 30 2 36 9 3 27 8 36 27 29 19
internal_value=-0.000490629 0.0025144 -0.00137945 -0.00887545 -0.000874548 0.0061642 -0.00348632 0.00587268 -0.00751769 0.00812333 -0.0160679 0.0191651 -0.0530939 -0.053316 -0.0526197 -0.0510206 -0.0509651 -0.0503016 -0.0502198
internal_weight=11.7273 8.50391 7.87365 6.16715 5.22624 4.60045 3.75012 3.15491 1.57166 1.1618 0.823539 1.58325 0.595208 0.94091 0.625786 0.384743 0.310811 0.159528 0.0788898
internal_count=430 398 395 369 315 271 253 141 98 68 66 43 112 54 44 109 63 73 44
cat_boundaries=0 1 2 3
cat_threshold=1 4 4
is_linear=0
shrinkage=0.05


Tree=98
num_leaves=25
num_cat=1
split_feature=18 4 20 20 1 14 20 21 20 4 20 20 4 19 16 21 21 18 21 20 18 18 4 8
split_gain=0.112659 0.243635 0.292471 0.432743 0.450674 0.271391 0.537922 0.155368 1.38698 0.289124 0.670286 0.365807 0.561716 0.178571 0.493616 0.0012434 0.000362075 3.19968e-05 1.69254e-05 4.18611e-06 2.96107e-06 2.6059e-07 6.81339e-08 5.31313e-09
threshold=0.87409401350310023 80.500000000000014 0.67810125067320937 0.51020408163265318 0 0.58333333333333348 0.20220440881763532 0.35241379310344834 0.56494158574746056 84797.000000000015 0.19734513274336288 0.10260521042084171 23.500000000000004 1.0000000180025095e-35 -1.0000000180025095e-35 0.4059229690365736 0.46942652329749107 1.2546012611655517 0.55086206896551737 0.17652016558835926 0.53959062302381255 0.53959062302381255 16.000000000000004 2.0000000000000004
decision_type=2 2 2 2 1 2 2 2 2 2 2 2 2 2 2 2 2 2 2 2 2 2 2 2
left_child=1 2 3 4 16 6 15 8 9 10 11 12 13 -2 -15 21 19 -16 20 22 -3 -6 23 -1
right_child=7 18 -4 -5 5 -7 -8 -9 -10 -11 -12 -13 -14 14 17 -17 -18 -19 -20 -21 -22 -23 -24 -25
leaf_value=-0.050037853317655027 0.017555423691234584 -0.050766682095632266 -0.056690718914771489 0.071016446097819513 -0.050474115205097349 0.049214619881355878 0.035672885614329013 -0.010675028160503636 0.062701211106277507 0.021198630248127247 -0.033687055275210778 0.029299729955528604 -0.053267085604902648 0.018934455941778634 -0.052310565586204873 -0.056634301612215478 -0.0535187042071395 -0.051439516642850937 -0.051380819087098767 -0.050604552231068273 -0.050401749029384713 -0.050345178346969804 -0.050166474250560415 -0.050077993536251586
leaf_weight=0.016676186525728554 1.279145028907805 0.1197437859373166 0.22820755839347828 0.20835860073566426 0.070565796399024494 0.32308032130822539 0.35765496408566833 1.9594692229293285 0.91826345771551121 1.046810786006972 1.6910469261929391 1.0468907728791235 0.50183870986802492 0.59115613810718148 0.20968272630125173 0.16150700440630317 0.18251429870724678 0.21204758805106394 0.099653915036469698 0.14831625064834952 0.1037440906802658 0.088126100599765778 0.025546154065523297 0.016303469892591238
leaf_count=25 23 23 3 1 16 6 12 22 7 9 35 9 30 10 29 4 4 30 10 23 30 37 14 18
internal_value=-0.000487871 -0.010819 -0.00374012 0.00381859 -0.00625215 0.0115028 -0.00647149 0.00186102 0.00513758 -0.00289733 -0.00745712 0.00409165 -0.00535407 0.00513645 -0.0105471 -0.0535458 -0.0518955 -0.0518726 -0.0508389 -0.0504633 -0.0505973 -0.0504025 -0.0501052 -0.0500577
internal_weight=11.6063 2.15 1.82686 1.59865 1.39029 1.00093 0.677854 9.45635 7.49688 6.57862 5.53181 3.84076 2.79387 2.29203 1.01289 0.320199 0.389356 0.42173 0.323142 0.206842 0.223488 0.158692 0.0585258 0.0329797
internal_count=430 226 163 160 159 75 69 204 182 175 166 131 122 92 69 57 84 59 63 80 53 53 57 43
cat_boundaries=0 1
cat_threshold=4
is_linear=0
shrinkage=0.05


Tree=99
num_leaves=18
num_cat=1
split_feature=20 20 10 20 18 20 8 20 7 21 20 1 20 4 8 8 21
split_gain=0.114186 0.591254 0.566541 0.820327 0.710225 0.675606 0.647872 0.208676 0.414652 0.158778 0.00170118 0.00056213 0.000322132 0.000278623 4.12929e-05 3.49726e-07 8.96341e-08
threshold=0.47566220877128412 0.43028092400044726 1.0000000180025095e-35 0.20891783567134273 1.2546012611655517 0.16587342901762478 1.0000000180025095e-35 0.0089548384798945769 -11.499999999999998 0.4059229690365736 0.12259903961584635 0 0.10769047189039967 16.000000000000004 25.500000000000004 9.5000000000000018 0.058333333333333341
decision_type=2 2 2 2 2 2 2 2 2 2 2 1 2 2 2 2 2
left_child=1 2 3 4 5 6 7 8 13 -9 14 -5 -6 -1 15 16 -8
right_child=-2 -3 -4 11 12 -7 10 9 -10 -11 -12 -13 -14 -15 -16 -17 -18
leaf_value=-0.050315389059034987 -0.0085847348948235487 0.049097969515960044 0.024155263737123876 -0.054305221416849771 -0.051385036105117132 0.046621633039636207 -0.05024715881255324 0.0034576149805065682 0.0075109812001117049 0.035350753913659098 -0.056654711779742954 -0.051771777029106972 -0.053729120553544764 -0.053321884594760366 -0.051380131177129786 -0.050353855653185203 -0.050133886716786591
leaf_weight=0.1067367687646753 3.1493956902995714 0.63156321644783009 1.7075701002031562 0.46536104404367507 0.29498147763661098 0.83238725038245309 0.040933616721304023 0.82997958658961557 1.1525150667876005 0.73656716523692012 0.20536733418703079 0.41351584647782136 0.29129714518785477 0.27717337530339137 0.2040432105131913 0.074175854970235378 0.0304620714741759
leaf_count=55 32 3 26 27 36 18 25 34 19 9 3 27 8 24 36 29 19
internal_value=-0.000479395 0.00259813 -0.00123422 -0.00851394 -0.000792805 0.0059648 -0.00328688 0.00561222 -0.0074806 0.0184533 -0.0530428 -0.0531132 -0.0525497 -0.052486 -0.0509212 -0.0502778 -0.0501988
internal_weight=11.444 8.29463 7.66307 5.9555 5.07662 4.49034 3.65795 3.10297 1.53643 1.56655 0.554982 0.878877 0.586279 0.38391 0.349615 0.145572 0.0713957
internal_count=430 398 395 369 315 271 253 141 98 43 112 54 44 79 109 73 44
cat_boundaries=0 1
cat_threshold=4
is_linear=0
shrinkage=0.05


Tree=100
num_leaves=25
num_cat=2
split_feature=18 4 20 20 1 14 20 21 20 4 20 20 4 1 7 21 21 19 21 20 20 18 4 8
split_gain=0.108989 0.232589 0.272315 0.409661 0.412065 0.23807 0.493984 0.144227 1.31491 0.263937 0.608026 0.320674 0.531682 0.177485 0.683633 0.00116184 0.000283958 0.00020963 1.32453e-05 6.24793e-06 3.95844e-06 2.25441e-07 5.79459e-08 3.92141e-09
threshold=0.87409401350310023 80.500000000000014 0.67810125067320937 0.51020408163265318 0 0.58333333333333348 0.20220440881763532 0.35241379310344834 0.56494158574746056 84797.000000000015 0.19734513274336288 0.10260521042084171 23.500000000000004 1 -11.499999999999998 0.4059229690365736 0.46942652329749107 1.0000000180025095e-35 0.52112068965517255 0.19013243595310467 0.17652016558835926 0.53959062302381255 16.000000000000004 2.0000000000000004
decision_type=2 2 2 2 1 2 2 2 2 2 2 2 2 1 2 2 2 2 2 2 2 2 2 2
left_child=1 2 3 4 16 6 15 8 9 10 11 12 13 -2 17 21 20 -15 19 -3 22 -6 23 -1
right_child=7 18 -4 -5 5 -7 -8 -9 -10 -11 -12 -13 -14 14 -16 -17 -18 -19 -20 -21 -22 -23 -24 -25
leaf_value=-0.050034239318549792 0.017079629491120692 -0.050236882063212779 -0.056287490974347133 0.069744477957350531 -0.050444916492144755 0.045662576605110146 0.033427886236584638 -0.010257404431922038 0.062103819199409133 0.020285132071500765 -0.032807400091766761 0.027526741384810177 -0.053217142241584692 -0.053727417348321753 0.031702834345020331 -0.056562928228520874 -0.053260578972477483 -0.051498013404971246 -0.051222532110866151 -0.05083006421745602 -0.050602598433264472 -0.050320951424813666 -0.050156961648165424 -0.050070498828154709
leaf_weight=0.01508618236402981 1.290394350886344 0.081565250118728616 0.21693861484527577 0.20295321941375721 0.067031254497124992 0.32209894713014364 0.35279740439727902 1.9448975753039119 0.88775421679019917 1.0375516344793139 1.6260598381049929 1.0318166692741213 0.47590989538002748 0.151738523505628 0.47480528848245762 0.15581796620972455 0.16884632129222155 0.34559649418224581 0.13021429255604744 0.097402114886790514 0.14331155549734831 0.080985526059521362 0.023644277651328593 0.014743997890036553
leaf_count=25 13 39 3 1 16 6 12 22 7 9 35 9 30 10 16 4 4 53 13 11 23 37 14 18
internal_value=-0.000473181 -0.0108358 -0.00382534 0.00353001 -0.00646612 0.0104533 -0.00681798 0.00184551 0.0050605 -0.00281042 -0.007251 0.00377111 -0.00517976 0.0049246 -0.0112097 -0.0535494 -0.0517563 -0.0521782 -0.0508389 -0.0505597 -0.0504656 -0.0503771 -0.0500985 -0.0500522
internal_weight=11.34 2.07344 1.76426 1.54732 1.34436 0.978731 0.656632 9.26652 7.32163 6.43387 5.39632 3.77026 2.73844 2.26253 0.97214 0.303835 0.365632 0.497335 0.309182 0.178967 0.196786 0.148017 0.0534745 0.0298302
internal_count=430 226 163 160 159 75 69 204 182 175 166 131 122 92 79 57 84 63 63 50 80 53 57 43
cat_boundaries=0 1 2
cat_threshold=4 1
is_linear=0
shrinkage=0.05


Tree=101
num_leaves=22
num_cat=1
split_feature=20 17 21 21 14 14 8 4 1 4 21 21 21 19 20 7 8 20 18 20 18
split_gain=0.116451 0.553248 0.417985 0.423279 0.830651 0.542564 0.295317 0.517925 0.457977 0.294432 0.226961 0.656775 0.072292 0.00197152 0.000155586 3.47146e-05 2.73192e-05 1.32891e-06 6.14563e-07 2.91282e-07 6.78997e-11
threshold=0.47566220877128412 -1.0000000180025095e-35 0.6246334310850441 0.19090909090909094 0.58333333333333348 1.0000000180025095e-35 43.500000000000007 16.000000000000004 0 23.500000000000004 0.17370689655172417 0.02862903225806452 0.02862903225806452 1.0000000180025095e-35 0.25063580874872843 -11.499999999999998 2.0000000000000004 0.099599198396793612 1.1152244606891373 0.093716845455617134 0.77203402217513795
decision_type=2 2 2 2 2 2 2 2 1 2 2 2 2 2 2 2 2 2 2 2 2
left_child=1 -1 3 5 13 6 7 8 -3 -9 11 -11 -8 -5 19 17 -7 18 20 -15 -10
right_child=-2 2 -4 4 -6 16 12 9 15 10 -12 -13 -14 14 -16 -17 -18 -19 -20 -21 -22
leaf_value=0.037470183483721657 -0.0087459398370867674 0.010245843779982566 0.032383874803418977 -0.056008547577599745 0.034995874794399355 -0.051976245291337542 -0.023015879185914648 0.06591606984200421 -0.050023193047526428 -0.051314331152648024 0.049183340733510619 0.059493961546664788 -8.5910811623518321e-05 -0.050843548267609909 -0.052705315181592063 -0.051296590158776502 -0.051179529275906646 -0.050478494467964367 -0.05031913605925975 -0.050942399031826714 -0.050028086730525272
leaf_weight=1.0014620982110489 3.0773212853819141 1.239812150364743 0.77691750531084824 0.52693138635368064 0.35398201830685128 0.28086758669815015 0.81545356113929279 0.5276869488880036 0.014525094331473087 0.29844506323570386 0.36936542391777039 0.24228672316530719 0.59420852246694267 0.14737141321529634 0.19665722153149545 0.21464483439922311 0.17441308862180449 0.11640106036793441 0.047987450379878283 0.15076092432718724 0.01384406242868863
leaf_count=13 32 21 17 28 5 27 41 6 32 41 2 12 7 27 11 9 26 21 12 13 27
internal_value=-0.000465407 0.00267894 -0.00222663 -0.0064775 -0.0310115 0.000341067 0.00560956 0.0142731 -0.00486715 0.0362014 0.0189724 -0.00166425 -0.0133503 -0.0538802 -0.0516136 -0.0508592 -0.051671 -0.0503722 -0.0502101 -0.0508935 -0.0500256
internal_weight=11.1813 8.10402 7.10256 6.32564 1.3757 4.94994 4.49466 3.085 1.64721 1.43778 0.910097 0.540732 1.40966 1.02172 0.49479 0.407403 0.455281 0.192758 0.0763566 0.298132 0.0283692
internal_count=430 398 385 368 84 284 231 183 122 61 55 53 48 79 51 101 53 92 71 40 59
cat_boundaries=0 1
cat_threshold=1
is_linear=0
shrinkage=0.05


Tree=102
num_leaves=23
num_cat=2
split_feature=20 20 22 10 20 20 19 20 20 4 20 20 18 1 21 20 8 20 7 21 8 1
split_gain=0.105135 0.510971 0.527319 0.464307 0.799044 0.706966 1.12027 0.339734 0.312928 0.0875559 0.00195329 0.000865738 7.50115e-05 5.78695e-05 1.93267e-05 1.57609e-05 8.25143e-06 6.76284e-06 2.49532e-06 1.4794e-06 2.28381e-07 1.60604e-08
threshold=0.47566220877128412 0.43028092400044726 1.0000000180025095e-35 1.0000000180025095e-35 0.20891783567134273 0.16587342901762478 1.0000000180025095e-35 0.081567140130388446 0.0089548384798945769 16.000000000000004 0.025988862261434122 0.12259903961584635 0.95154499349597188 0 0.093841642228739017 0.093716845455617134 43.500000000000007 0.044339164237123425 -13.499999999999998 0.23316239316239318 9.5000000000000018 1
decision_type=2 2 2 2 2 2 2 2 2 2 2 2 2 1 2 2 2 2 2 2 2 1
left_child=1 2 3 4 5 6 8 10 9 -1 18 12 16 -14 -6 17 20 19 -4 -15 21 -8
right_child=-2 -3 7 -5 14 -7 11 -9 -10 -11 -12 -13 13 15 -16 -17 -18 -19 -20 -21 -22 -23
leaf_value=-0.012725575682972518 -0.0083184094432839622 0.045819434520740165 -0.051578525312336782 0.030781116014202959 -0.052696975717048317 0.049470857189564066 -0.050128457715812674 -0.0059320998461601269 0.037180796508241402 0.013351152861915266 -0.056879520192968651 -0.055216552870675617 -0.052189751224287387 -0.050141248027248099 -0.052160018526206636 -0.051568805786338025 -0.051020302210326454 -0.051112207263527991 -0.051284665672460386 -0.05062924977096777 -0.050302088391345506 -0.050180551783315999
leaf_weight=0.71666494841338246 3.0738010909408331 0.62897117435932148 0.13086759319412522 1.3892665635794399 0.3071669436758383 0.76768938545137633 0.027259803842753172 0.78828754578717053 0.91237419273238618 0.58437972981482744 0.37189640267752111 0.19370173290371895 0.28585724160075188 0.032193345192354172 0.36875860253348947 0.10901521518826485 0.046136382879922166 0.062805498950183392 0.16125951401772887 0.030005414912011474 0.04942677851067856 0.032356764597352483
leaf_count=44 32 3 18 21 21 14 22 30 22 23 14 4 8 35 23 4 12 4 26 6 22 22
internal_value=-0.000459291 0.00256176 -0.00113126 0.00549702 -0.00226435 0.00653873 -0.00415453 -0.0281273 0.0147306 -0.0010129 -0.0544761 -0.05227 -0.0514245 -0.0517124 -0.052404 -0.0511294 -0.0504598 -0.0507462 -0.0514163 -0.0503767 -0.0502226 -0.0501567
internal_weight=11.0701 7.99634 7.36737 5.91506 4.52579 3.84987 3.08218 1.45231 2.21342 1.30104 0.664024 0.868758 0.675056 0.519877 0.675926 0.234019 0.15518 0.125004 0.292127 0.0621988 0.109043 0.0596166
internal_count=430 398 395 307 286 242 228 88 89 67 58 139 135 57 44 49 78 45 44 41 66 44
cat_boundaries=0 1 2
cat_threshold=1 2
is_linear=0
shrinkage=0.05


Tree=103
num_leaves=22
num_cat=2
split_feature=18 4 4 20 20 1 4 7 20 20 10 20 18 4 14 19 7 20 1 20 18
split_gain=0.105483 0.400399 0.421907 0.318122 0.818801 0.153883 0.284018 0.628012 0.394967 0.129964 0.0550502 0.0346099 0.00149842 0.000683277 0.00011649 1.0347e-05 5.9977e-06 3.31565e-06 1.40428e-06 2.59219e-07 6.84186e-10
threshold=0.95154499349597188 80.500000000000014 16.000000000000004 0.20891783567134273 0.20220440881763532 0 80.500000000000014 -11.499999999999998 0.51020408163265318 0.10769047189039967 0.040673927842069448 0.17652016558835926 0.87409401350310023 16.000000000000004 0.58333333333333348 1.0000000180025095e-35 -13.499999999999998 0.19734513274336288 1 0.099599198396793612 0.65051499783199074
decision_type=2 2 2 2 2 1 2 2 2 2 2 2 2 2 2 2 2 2 1 2 2
left_child=1 2 3 4 14 -2 7 8 10 -8 13 -4 15 16 17 -3 -7 18 -1 20 -20
right_child=5 12 11 -5 -6 6 9 -9 -10 -11 -12 -13 -14 -15 -16 -17 -18 -19 19 -21 -22
leaf_value=-0.050428841710857798 0.014100719922091077 -0.051014896462051235 0.012626762375892664 -0.053280269699321751 0.075683321596551945 -0.050370422458711699 0.019894422531914077 0.01360038771651396 0.011576614879302227 0.00017834441284438876 -0.031754975299786319 0.031342310815705939 -0.056972554653216372 -0.053822382050571327 -0.052869395100455976 -0.050374209678308607 -0.050881484648303534 -0.050722367309504114 -0.050021164544825275 -0.050243233140725478 -0.050035669804707354
leaf_weight=0.10175264987629096 2.0500480700284225 0.19550823635654513 0.45254764080164023 0.4662064389558509 0.22419236600399017 0.097451673616887891 1.4020721405977385 1.288610897725448 0.39286560565233242 2.0696492344141006 0.47419255040585995 0.54391841823235154 0.14976736716926098 0.62672173447208479 0.062888245214708149 0.092991247482132167 0.13971377824782383 0.073669479694217443 0.014106688671744583 0.02472828037571162 0.019186236168025061
leaf_count=14 20 33 29 28 1 24 32 25 3 18 10 13 5 21 6 30 33 6 34 7 38
internal_value=-0.000452953 -0.00966433 -0.000106389 -0.0232818 0.00358628 0.00215847 -0.00161308 -0.0128275 -0.032502 0.00814078 -0.0454436 0.0228426 -0.0529148 -0.0529574 -0.0509594 -0.0508084 -0.0506715 -0.0504449 -0.0503169 -0.0501206 -0.0500295
internal_weight=10.9628 2.42146 1.9832 0.98673 0.520524 8.54133 6.49128 3.01956 1.73095 3.47172 1.33808 0.996466 0.438267 0.863887 0.296332 0.288499 0.237165 0.233443 0.159774 0.0580212 0.0332929
internal_count=430 244 176 134 106 186 166 116 91 50 88 42 68 78 105 63 57 99 93 79 72
cat_boundaries=0 1 2
cat_threshold=1 1
is_linear=0
shrinkage=0.05


Tree=104
num_leaves=23
num_cat=5
split_feature=18 4 4 20 20 4 5 1 4 20 20 1 20 18 14 14 19 20 1 1 20 18
split_gain=0.0977014 0.381379 0.38982 0.302356 0.766256 0.146766 0.443859 0.354157 0.387981 0.447774 0.258761 0.208843 0.0316518 0.00128242 9.99613e-05 3.98433e-05 8.91382e-06 2.85074e-06 1.20781e-06 7.30101e-07 2.23073e-07 5.88988e-10
threshold=0.95154499349597188 80.500000000000014 16.000000000000004 0.20891783567134273 0.20220440881763532 84797.000000000015 0 1 16.000000000000004 0.36719687875150064 0.56494158574746056 2 0.17652016558835926 0.87409401350310023 0.58333333333333348 0.070719602977667509 1.0000000180025095e-35 0.19734513274336288 3 4 0.099599198396793612 0.65051499783199074
decision_type=2 2 2 2 2 2 1 1 2 2 2 1 2 2 2 2 2 2 1 1 2 2
left_child=1 2 3 4 14 6 7 -2 10 -10 15 -8 -4 16 17 19 -3 18 -1 -9 21 -20
right_child=5 13 12 -5 -6 -7 11 8 9 -11 -12 -13 -14 -15 -16 -17 -18 -19 20 -21 -22 -23
leaf_value=-0.050407784722477401 0.023098012042029409 -0.05096549316848531 0.011952764835693019 -0.053124979662117856 0.073811256291864608 0.020043666738066547 -0.0022192372129209823 -0.050812407681410876 0.021204717663721621 -0.013335709128082816 -0.0018352587474786679 -0.05256421688700235 0.029842691403754468 -0.056603121046829311 -0.052723279725956577 -0.051719742501058701 -0.050355941932622716 -0.05068674876224092 -0.050020131228424039 -0.050958346969830641 -0.050231337600862527 -0.050033930093225501
leaf_weight=0.096829530782999496 1.78813095577061 0.18614890729077149 0.45412119445973076 0.44473287818254903 0.21852801740169525 1.0002199343871323 0.32923034427221864 0.15226121773594059 1.9551229045027869 1.8041543327271936 0.47438445687294006 0.55029438922065299 0.54271997464820743 0.14336939388886094 0.059982747538015246 0.25219783745706081 0.088487290049670264 0.070124580059200525 0.013418967457254571 0.19603942398680352 0.0235276980092749 0.01825113091035746
leaf_count=14 14 33 29 28 1 10 20 18 35 14 4 34 13 5 6 8 30 6 34 29 7 38
internal_value=-0.00044589 -0.0094459 -0.000121729 -0.0231233 0.00352686 0.00205259 -0.000346162 0.00408614 -0.00294626 0.00462806 -0.0294365 -0.0337187 0.0216928 -0.0527701 -0.0509121 -0.0512411 -0.0507691 -0.050423 -0.0503014 -0.0508945 -0.0501147 -0.0500281
internal_weight=10.8623 2.36024 1.94224 0.945396 0.500663 8.50204 7.50182 6.62229 4.83416 3.75928 1.07488 0.879525 0.996841 0.418006 0.282135 0.600498 0.274636 0.222152 0.152027 0.348301 0.0551978 0.0316701
internal_count=430 244 176 134 106 186 176 122 108 49 59 54 42 68 105 55 63 99 93 47 79 72
cat_boundaries=0 1 2 3 4 5
cat_threshold=1 1 2 1 2
is_linear=0
shrinkage=0.05


Tree=105
num_leaves=20
num_cat=1
split_feature=20 4 4 1 20 20 21 20 20 20 10 20 18 10 4 7 19 8 19
split_gain=0.0976337 0.344431 0.585491 0.493919 0.272275 0.280094 0.230205 0.459986 0.742463 0.377305 0.209855 0.619999 0.298913 4.09509e-05 3.93743e-05 2.20943e-05 2.63857e-07 3.73567e-10 2.28196e-11
threshold=0.0089548384798945769 23.500000000000004 16.000000000000004 0 0.10769047189039967 0.17652016558835926 0.17370689655172417 0.25523749322737949 0.51020408163265318 0.56494158574746056 1.0000000180025095e-35 0.023297666112069366 0.77203402217513795 0.040673927842069448 30.500000000000004 -11.499999999999998 1.0000000180025095e-35 43.500000000000007 0.38907562519182187
decision_type=2 2 2 1 2 2 2 2 2 2 2 2 2 2 2 2 2 2 2
left_child=1 2 3 -1 10 -6 7 -7 -9 -8 11 -2 -13 15 -3 16 -5 18 -18
right_child=4 14 -4 13 5 6 9 8 -10 -11 -12 12 -14 -15 -16 -17 17 -19 -20
leaf_value=0.0087188861037557006 0.058712229482210249 -0.052120843552142165 0.058758978014810261 -0.050199171421498393 -0.028650135674000401 0.021837158423209227 0.02860520824391391 -0.056205958972218688 0.0094781701915657487 -0.007848447904909869 0.043377958269906591 0.028150082228425351 -0.025305667518308157 -0.051633178425582384 -0.051107999725859304 -0.051045734020160154 -0.050018381388623773 -0.050032327562300721 -0.050021551682483623
leaf_weight=0.90002106409520111 0.44753544777631615 0.15635431878035877 0.33886261982843269 0.066103574004954702 0.93433982506394375 0.77941747941076789 1.4503422934794801 0.89000115421367787 0.83279126137495041 1.390222445130348 0.55981641262769688 0.36889420391526051 0.89841605199035257 0.24029004387557507 0.24839682973106392 0.22047032136470079 0.010315879306290299 0.0086342172580771148 0.012619948189239949
leaf_count=13 13 18 3 43 19 23 34 37 9 7 4 31 33 8 41 16 29 18 31
internal_value=-0.000440603 -0.0098292 -0.000445215 -0.0142009 0.00197695 -0.00339367 0.00102316 -0.010035 -0.0244545 0.0107641 0.0167976 0.00812037 -0.00974553 -0.0511405 -0.0514993 -0.0507684 -0.0501424 -0.0500235 -0.0500201
internal_weight=10.7538 2.20207 1.79732 1.45846 8.55178 6.27711 5.34277 2.50221 1.72279 2.84056 2.27466 1.71485 1.26731 0.558434 0.404751 0.318144 0.0976736 0.03157 0.0229358
internal_count=430 220 161 158 210 129 110 69 46 41 81 77 64 145 59 137 121 78 60
cat_boundaries=0 1
cat_threshold=1
is_linear=0
shrinkage=0.05


Tree=106
num_leaves=23
num_cat=4
split_feature=18 4 4 20 20 21 20 4 5 1 7 21 20 20 18 20 20 19 1 20 1 19
split_gain=0.0995283 0.354325 0.352957 0.282627 0.708617 0.161983 0.747211 0.412725 0.560985 0.342215 0.304865 0.34636 0.0249051 0.00322637 0.00102066 0.000154406 3.60644e-05 7.26334e-06 1.23106e-06 6.88465e-08 1.07067e-09 1.48429e-10
threshold=0.95154499349597188 80.500000000000014 16.000000000000004 0.20891783567134273 0.20220440881763532 0.36730205278592382 0.56494158574746056 84797.000000000015 0 1 -11.499999999999998 0.0050167224080267568 0.17652016558835926 0.49267813347957362 0.87409401350310023 0.23387952375338916 0.10769047189039967 1.0000000180025095e-35 2 0.099599198396793612 3 1.0000000180025095e-35
decision_type=2 2 2 2 2 2 2 2 1 1 2 2 2 2 2 2 2 2 1 2 1 2
left_child=1 2 3 4 16 6 7 8 9 -2 11 13 -4 -11 17 -10 18 -3 -1 20 21 -20
right_child=5 14 12 -5 -6 -7 -8 -9 15 10 -12 -13 -14 -15 -16 -17 -18 -19 19 -21 -22 -23
leaf_value=-0.0503851100689965 0.0167266598022103 -0.050910341900304384 0.011268530728503411 -0.053026547517263468 0.071639275920768936 -0.013521296558678664 0.038606607719536723 0.028521793308372564 -0.051531153257034161 -0.0516214474815542 0.0060437793009030707 -0.0052316095672588067 0.027192189518989687 -0.058598273352163714 -0.056084921447119254 -0.053087322138038198 -0.051427935701261376 -0.050349414167150879 -0.050027352934602455 -0.05015887739721743 -0.050040724314178747 -0.050018070774942414
leaf_weight=0.084312128950843612 1.5404259674251066 0.17892154335277144 0.44983191759092733 0.42345380876213312 0.2108193039894104 1.3848746893927453 1.3497283831238744 0.88477293262258161 0.32903077782248136 0.35449209538637549 1.1458532111719253 0.74364744150079787 0.5407100070733577 0.31115398649126291 0.13415423175320029 0.30919067095965147 0.13440488325431943 0.085189683974022046 0.0092550359549932182 0.015471298713237047 0.016904589807381076 0.0080554723972454667
leaf_count=13 12 33 29 28 1 16 9 8 40 38 27 22 13 5 5 9 9 30 19 6 35 23
internal_value=-0.000435162 -0.00966608 -0.000648327 -0.0232635 0.00303582 0.00209711 0.0052011 -0.00282378 -0.00868245 -0.00188777 -0.0131099 -0.0286831 0.0199608 -0.0548827 -0.0525334 -0.052285 -0.0508492 -0.0507294 -0.0502688 -0.0500714 -0.0500318 -0.050023
internal_weight=10.6447 2.29148 1.89322 0.902677 0.479223 8.35317 6.9683 5.61857 4.73379 4.09557 2.55515 1.40929 0.990542 0.665646 0.398265 0.638221 0.268403 0.264111 0.133999 0.0496864 0.0342151 0.0173105
internal_count=430 244 176 134 106 186 170 161 153 104 92 65 42 43 68 49 105 63 96 83 77 42
cat_boundaries=0 1 2 3 4
cat_threshold=1 1 1 4
is_linear=0
shrinkage=0.05


Tree=107
num_leaves=22
num_cat=3
split_feature=18 7 21 21 18 21 20 8 1 21 8 4 7 1 1 14 20 20 20 20 20
split_gain=0.0948319 0.191523 0.229416 0.209769 0.235237 0.150841 1.19092 0.255099 0.271864 0.363458 0.158872 0.133442 0.0118889 5.40306e-05 5.82305e-06 5.43282e-06 5.73619e-07 1.52877e-07 1.01862e-07 5.9824e-08 1.30593e-08
threshold=0.87409401350310023 -13.499999999999998 0.50777777777777788 0.4059229690365736 0.77203402217513795 0.35241379310344834 0.56494158574746056 463.50000000000006 0 0.093841642228739017 25.500000000000004 16.000000000000004 -11.499999999999998 1 2 0.58333333333333348 0.16587342901762478 0.050371710098115148 0.17652016558835926 0.053206997084548117 0.0089548384798945769
decision_type=2 2 2 2 2 2 2 2 1 2 2 2 2 1 1 2 2 2 2 2 2
left_child=1 14 3 4 13 6 7 8 9 -2 11 12 -10 -3 -1 18 17 20 19 -15 -16
right_child=5 2 -4 -5 -6 -7 -8 -9 10 -11 -12 -13 -14 15 16 -17 -18 -19 -20 -21 -22
leaf_value=-0.050769265714209644 -0.05444631556198052 -0.051868210079771097 -0.052209204392445543 0.023379500872038037 0.0082456756260317499 -0.010706211443679971 0.061309225864904907 -0.025348077510497859 -0.018560371231486645 0.010966613850618954 0.019523861426721724 0.010406412005240935 -0.0083274641006220191 -0.050060346235721399 -0.050049120776493518 -0.050837536467856465 -0.050347494435594248 -0.050246469483483269 -0.050241412768130836 -0.0501835841334001 -0.050112282329546266
leaf_weight=0.096200266852973892 0.44977145371376537 0.15724017773755183 0.21467692521400739 0.66801962628960609 0.40850502875400707 1.897630762774497 0.83097810298204411 1.0204299437464213 0.52858445077435967 0.4023023069021292 1.6396731851564252 1.2895004702149888 0.61305539309978407 0.021440395532407397 0.016330978280166164 0.054983394511509687 0.10750302154337987 0.024219557759352028 0.028079491516109556 0.01821245567407459 0.016404287191107869
leaf_count=9 27 9 15 10 46 22 7 27 36 21 35 22 7 36 32 12 25 7 8 8 9
internal_value=-0.000430322 -0.0107673 -0.00418212 0.00341866 -0.0159495 0.0017532 0.00524336 -0.00259561 0.00212058 -0.0235619 0.00749627 -0.000615698 -0.0130653 -0.0512546 -0.0504603 -0.0504683 -0.0502795 -0.0501512 -0.0501685 -0.0501169 -0.0500808
internal_weight=10.5037 1.83182 1.57116 1.35648 0.688461 8.67193 6.7743 5.94332 4.92289 0.852074 4.07081 2.43114 1.14164 0.279956 0.260658 0.122716 0.164458 0.0569548 0.0677323 0.0396529 0.0327353
internal_count=430 226 144 129 119 204 182 175 148 48 100 65 43 73 82 64 73 48 52 44 41
cat_boundaries=0 1 2 3
cat_threshold=2 1 1
is_linear=0
shrinkage=0.05


Tree=108
num_leaves=23
num_cat=2
split_feature=20 10 21 21 14 18 1 20 20 20 8 4 20 19 21 20 20 18 21 1 20 4
split_gain=0.103413 0.4941 0.355974 0.385353 0.717745 0.467613 0.497178 0.492146 0.544766 0.673122 0.468934 0.374597 0.0303294 0.00194342 0.000869163 0.000121515 9.14913e-05 3.22234e-05 9.23221e-06 1.41451e-07 7.70589e-08 1.90161e-08
threshold=0.47566220877128412 0.040673927842069448 0.6246334310850441 0.19090909090909094 0.58333333333333348 1.2546012611655517 0 0.42279997105225076 0.21309640557711171 0.16587342901762478 1.0000000180025095e-35 16.000000000000004 0.012120226491377171 1.0000000180025095e-35 0.17370689655172417 0.12259903961584635 0.303061224489796 1.1152244606891373 0.4059229690365736 1 0.081567140130388446 16.000000000000004
decision_type=2 2 2 2 2 2 1 2 2 2 2 2 2 2 2 2 2 2 2 1 2 2
left_child=1 2 3 5 13 7 -7 8 9 10 11 12 -1 -5 15 17 18 19 -15 -12 21 -21
right_child=-2 -3 -4 4 -6 6 -8 -9 -10 -11 14 -13 -14 16 -16 -17 -18 -19 -20 20 -22 -23
leaf_value=-0.015468225006717077 -0.0084406164402430553 0.037007182996028752 0.03024772135364668 -0.05599188209328676 0.031028751084343994 0.011856415599045661 -0.05501180566610972 0.072430818192877819 -0.053629942831342148 0.056396399504116804 -0.050267873644226559 0.037170492162361554 0.0028629411961367175 -0.050479516010887605 -0.05695986025035045 -0.053406901185530709 -0.052315668913978777 -0.051502721526639983 -0.051074494576091624 -0.050015906708255758 -0.050196139443854419 -0.050106183429436124
leaf_weight=0.74365782301174632 2.8970297737978399 0.91984329745173443 0.75259096990339447 0.49481699429452397 0.34186256863176823 0.47565695535740815 0.66888041948550359 0.28643154213204969 0.36307667649816711 0.6418557846918701 0.031188903609290608 0.69939599934150454 0.32393346959725022 0.1223515467136167 0.10725877434015274 0.069799771998077631 0.15945742395706475 0.11536659364355728 0.13957865047268569 0.010229707404505461 0.022706631338223815 0.013572847528848797
leaf_count=61 32 13 17 28 5 13 38 7 25 9 7 31 11 29 1 2 9 19 13 33 8 19
internal_value=-0.000416699 0.00268125 -0.00211462 -0.00629149 -0.0307976 0.000450315 -0.0272221 0.00968828 0.00396861 0.011494 -0.00199195 0.00872741 -0.0099061 -0.0538668 -0.0531667 -0.051619 -0.0513714 -0.0509726 -0.0507966 -0.0501855 -0.0501302 -0.0500674
internal_weight=10.4005 7.50351 6.58367 5.83108 1.25807 4.57301 1.14454 3.42847 3.14204 2.77897 2.13711 1.76699 1.06759 0.916205 0.370123 0.262864 0.421388 0.193065 0.26193 0.0776981 0.0465092 0.0238026
internal_count=430 398 385 368 84 284 51 233 226 201 192 103 72 79 89 88 51 86 42 67 60 52
cat_boundaries=0 1 2
cat_threshold=2 1
is_linear=0
shrinkage=0.05


Tree=109
num_leaves=21
num_cat=0
split_feature=20 17 21 21 14 14 8 4 19 20 4 21 21 21 19 20 18 20 8 21
split_gain=0.0933932 0.44975 0.321822 0.361213 0.679781 0.445468 0.252839 0.410567 0.361565 0.421884 0.241884 0.188684 0.588696 0.0873771 0.00167028 7.87538e-05 4.82562e-05 2.37968e-05 1.36991e-05 7.93842e-06
threshold=0.47566220877128412 -1.0000000180025095e-35 0.6246334310850441 0.19090909090909094 0.58333333333333348 1.0000000180025095e-35 43.500000000000007 16.000000000000004 1.0000000180025095e-35 0.012120226491377171 23.500000000000004 0.17370689655172417 0.02862903225806452 0.093841642228739017 1.0000000180025095e-35 0.303061224489796 0.95154499349597188 0.23387952375338916 2.0000000000000004 0.4059229690365736
decision_type=2 2 2 2 2 2 2 2 2 2 2 2 2 2 2 2 2 2 2 2
left_child=1 -1 3 5 14 6 7 8 9 -3 -9 12 -12 -8 -5 19 17 -10 -7 -16
right_child=-2 2 -4 4 -6 18 13 10 16 -11 11 -13 -14 -15 15 -17 -18 -19 -20 -21
leaf_value=0.035416934035228213 -0.0080271623842736433 -0.01437065688002929 0.028584745537446915 -0.055689401912684823 0.02938132807563892 -0.051663182790966738 -0.023534300050919832 0.061847511706935011 -0.050316348506800182 0.048703782903917386 -0.051269038953342311 0.045889002541836178 0.05758183893583383 0.002640570943312296 -0.050456039526225398 -0.052201361495182001 -0.052279409100944654 -0.0516626797459004 -0.05104829537158239 -0.051021520368964415
leaf_weight=0.91326091438531865 2.8940139901824296 0.73154639077256456 0.75645350315608073 0.47317638216190949 0.34295069240033627 0.23009882704354812 0.78127408618456662 0.48649657866917528 0.061997137032449134 0.41579209064366296 0.27445715994690545 0.34863165766000748 0.22690506489016116 0.53866589831886813 0.11643717621336691 0.15200435277074575 0.18630488147027791 0.069743030471727252 0.14939257028163411 0.13290569698438048
leaf_count=13 32 46 17 28 5 27 43 6 38 15 41 2 12 5 29 9 18 5 26 13
internal_value=-0.000413289 0.002569 -0.00206384 -0.00611789 -0.0302802 0.000417334 0.00519005 0.0136897 -0.004589 0.00848733 0.0337312 0.0176387 -0.00200562 -0.0128524 -0.0536769 -0.0513043 -0.0517615 -0.0510291 -0.0514211 -0.0507575
internal_weight=10.2825 7.38849 6.47523 5.71878 1.21747 4.50131 4.12181 2.80187 1.46538 1.14734 1.33649 0.849994 0.501362 1.31994 0.874524 0.401347 0.318045 0.13174 0.379491 0.249343
internal_count=430 398 385 368 84 284 231 183 122 61 61 55 53 48 79 51 61 43 53 42
is_linear=0
shrinkage=0.05


Tree=110
num_leaves=18
num_cat=2
split_feature=20 4 4 1 20 4 18 22 5 19 20 10 4 7 7 19 8
split_gain=0.091324 0.323696 0.48554 0.470227 0.270906 0.211266 0.268531 0.206063 0.5947 0.179194 0.0516876 4.22736e-05 3.73288e-05 1.59969e-05 1.63837e-07 1.56718e-09 1.66787e-10
threshold=0.0089548384798945769 23.500000000000004 16.000000000000004 0 0.10769047189039967 23.500000000000004 1.4682568712394468 1.0000000180025095e-35 1 0.38907562519182187 0.33948136776834631 0.040673927842069448 30.500000000000004 -11.499999999999998 -13.499999999999998 1.0000000180025095e-35 25.500000000000004
decision_type=2 2 2 1 2 2 2 2 1 2 2 2 2 2 2 2 2
left_child=1 2 3 -1 7 9 -7 8 -2 10 -6 13 -3 14 -5 -16 -17
right_child=4 12 -4 11 5 6 -8 -9 -10 -11 -12 -13 -14 -15 15 16 -18
leaf_value=0.0089475925711430104 -0.0085485720649429876 -0.052085806083082102 0.053675886029888015 -0.050176094816066788 -0.0013263315242552955 0.0033564865030017697 -0.028565985735370222 -0.0051976856293026383 0.056281375988200183 0.012440805900313778 -0.024721236746498655 -0.051617559745579411 -0.051071540579013364 -0.050952739655964502 -0.050043685598752288 -0.050015780233100562 -0.050025547476425715
leaf_weight=0.87308791000396213 0.62605849304236472 0.14982711896300305 0.33379975473508228 0.052970559670938222 0.45900597487343509 1.2144605293869974 1.439791167154908 0.6872061020694672 0.81325595150701546 2.3371048434637487 0.48614640237065032 0.23712151497602463 0.22993086010683328 0.2005151086486876 0.010539326234720647 0.01139671090641059 0.0070897896366659543
leaf_count=13 39 18 3 48 21 41 10 26 16 35 22 8 41 16 16 38 19
internal_value=-0.000407203 -0.0096778 -0.000485001 -0.013466 0.00201453 -0.00347076 -0.0139598 0.0173275 0.0280823 0.00501135 -0.0133597 -0.0511253 -0.0514717 -0.0507121 -0.0501238 -0.0500283 -0.0500195
internal_weight=10.1693 2.10628 1.72652 1.39272 8.06303 5.93651 2.65425 2.12652 1.43931 3.28226 0.945152 0.519633 0.379758 0.282511 0.0819964 0.0290258 0.0184865
internal_count=430 220 161 158 210 129 51 81 55 78 43 145 59 137 121 73 57
cat_boundaries=0 1 2
cat_threshold=1 2
is_linear=0
shrinkage=0.05


Tree=111
num_leaves=21
num_cat=4
split_feature=18 4 4 20 20 21 20 4 5 20 1 8 20 18 20 20 19 1 20 1
split_gain=0.0872584 0.322263 0.310746 0.245364 0.607941 0.157641 0.676938 0.336235 0.505184 0.299754 0.302767 0.277864 0.0174874 0.000896952 0.000126446 2.29671e-05 4.77154e-06 9.76903e-07 4.05662e-08 5.75023e-10
threshold=0.95154499349597188 80.500000000000014 16.000000000000004 0.20891783567134273 0.20220440881763532 0.36730205278592382 0.56494158574746056 84797.000000000015 0 0.25523749322737949 1 6.0000000000000009 0.17652016558835926 0.87409401350310023 0.23387952375338916 0.10769047189039967 1.0000000180025095e-35 2 0.099599198396793612 3
decision_type=2 2 2 2 2 2 2 2 1 2 1 2 2 2 2 2 2 1 2 1
left_child=1 2 3 4 15 6 7 8 9 10 11 -2 -4 16 -10 17 -3 -1 19 -19
right_child=5 13 12 -5 -6 -7 -8 -9 14 -11 -12 -13 -14 -15 -16 -17 -18 18 -20 -21
leaf_value=-0.050361552367815657 0.01113121175088643 -0.050796183240504611 0.011410832510159471 -0.052807332309552202 0.06800863450277099 -0.013591968926307549 0.037457759761227997 0.026151451589529359 -0.051337838551708419 -0.027910724325637751 0.017842752621404553 -0.037982522487931596 0.025052632190115266 -0.055869947273947444 -0.052824516402456848 -0.051233054158058615 -0.050310044545202208 -0.050019098070697737 -0.050133284230790748 -0.050033408052383745
leaf_weight=0.077732388861477486 0.54909692797809839 0.16051302506821219 0.42999633363797329 0.37701893149642274 0.1946806013584137 1.3472380044404415 1.3040470778942106 0.84728212491609145 0.28732179688813619 0.85655403998680402 1.8980605009128344 0.60559634226956405 0.51782512431964278 0.12639738130383193 0.28479051636531949 0.12263138545677066 0.073628605430712923 0.014229629596229643 0.012894325773231685 0.013855986311682611
leaf_count=13 16 33 29 28 1 16 9 8 40 14 38 36 13 5 9 9 30 42 6 35
internal_value=-0.000395039 -0.0094081 -0.00058997 -0.0232686 0.00227283 0.002001 0.00516823 -0.00273371 -0.0081949 -0.00177279 0.0055611 -0.0146272 0.0188638 -0.0524757 -0.0520779 -0.0507532 -0.0506433 -0.0502574 -0.0500599 -0.0500262
internal_weight=10.1014 2.1214 1.76086 0.813043 0.436024 7.97999 6.63275 5.3287 4.48142 3.90931 3.05275 1.15469 0.947821 0.360539 0.572112 0.241344 0.234142 0.118712 0.0409799 0.0280856
internal_count=430 244 176 134 106 186 170 161 153 104 90 52 42 68 49 105 63 96 83 77
cat_boundaries=0 1 2 3 4
cat_threshold=1 4 1 4
is_linear=0
shrinkage=0.05


Tree=112
num_leaves=18
num_cat=2
split_feature=20 4 4 1 20 4 21 22 5 19 20 10 4 7 7 19 8
split_gain=0.0895283 0.305879 0.432884 0.436717 0.248978 0.194358 0.256687 0.191077 0.528109 0.166284 0.0425356 3.24247e-05 3.05266e-05 1.39573e-05 1.46659e-07 1.15958e-09 1.25369e-10
threshold=0.0089548384798945769 23.500000000000004 16.000000000000004 0 0.10769047189039967 23.500000000000004 0.35241379310344834 1.0000000180025095e-35 1 0.38907562519182187 0.33948136776834631 0.040673927842069448 30.500000000000004 -11.499999999999998 -13.499999999999998 1.0000000180025095e-35 25.500000000000004
decision_type=2 2 2 1 2 2 2 2 1 2 2 2 2 2 2 2 2
left_child=1 2 3 -1 7 9 -7 8 -2 10 -6 13 -3 14 -5 -16 -17
right_child=4 12 -4 11 5 6 -8 -9 -10 -11 -12 -13 -14 -15 15 16 -18
leaf_value=0.0079281838197186091 0.054051946766576389 -0.051973572932029637 0.049978024875181021 -0.050171258828111347 -0.002059213123972412 -0.00052167251410961148 -0.032424907790253511 -0.0050376145487623534 -0.0076418820032457396 0.012145639831981605 -0.023652447913998537 -0.051508579857744798 -0.051033899528588847 -0.050918718036525958 -0.050039528243928794 -0.050014267935857705 -0.050023155616267724
leaf_weight=0.8703836537897589 0.80002177914138894 0.14263488183496509 0.33675648970529426 0.050430149203748442 0.44670499331550706 1.5639648895594294 1.0563201340846715 0.67503540113102634 0.61241930554388102 2.2964494000189006 0.46595785033423454 0.22117551974952221 0.21933961435570382 0.1927447107154876 0.009537284349789843 0.010307448974344879 0.0064511878590565166
leaf_count=13 16 18 3 48 21 37 14 26 39 35 22 8 41 16 16 38 19
internal_value=-0.000389136 -0.00967509 -0.000778295 -0.0133368 0.00202682 -0.00327924 -0.0133829 0.0168443 0.0273022 0.00497052 -0.0130836 -0.0510599 -0.0514042 -0.0506917 -0.0501213 -0.0500256 -0.0500177
internal_weight=9.97663 2.05976 1.69779 1.36103 7.91687 5.8294 2.62029 2.08748 1.41244 3.20911 0.912663 0.490646 0.361974 0.269471 0.0767261 0.0262959 0.0167586
internal_count=430 220 161 158 210 129 51 81 55 78 43 145 59 137 121 73 57
cat_boundaries=0 1 2
cat_threshold=1 1
is_linear=0
shrinkage=0.05


Tree=113
num_leaves=19
num_cat=1
split_feature=20 4 4 1 20 20 21 21 20 20 20 21 10 4 7 7 19 8
split_gain=0.0825451 0.292499 0.390497 0.416738 0.226226 0.180082 0.343026 0.430774 0.176643 0.618103 0.572168 0.440461 2.78166e-05 2.6223e-05 1.19976e-05 1.26218e-07 9.97886e-10 1.07885e-10
threshold=0.0089548384798945769 23.500000000000004 16.000000000000004 0 0.10769047189039967 0.081567140130388446 0.4059229690365736 0.009461166852471203 0.33948136776834631 0.16587342901762478 0.20891783567134273 0.17370689655172417 0.040673927842069448 30.500000000000004 -11.499999999999998 -13.499999999999998 1.0000000180025095e-35 25.500000000000004
decision_type=2 2 2 1 2 2 2 2 2 2 2 2 2 2 2 2 2 2
left_child=1 2 3 -1 5 6 7 -2 9 -6 -11 -10 14 -3 15 -5 -17 -18
right_child=4 13 -4 12 8 -7 -8 -9 11 10 -12 -13 -14 -15 -16 16 17 -19
leaf_value=0.007526196264064553 0.023483107709049295 -0.051875332185098405 0.047180352152064668 -0.050162893794232666 -0.055860413485186736 0.036352072414857654 0.03094504408131616 -0.055816603704572802 -0.019894092304214711 0.032245845766741867 -0.035209973925227199 0.015409079644289376 -0.05143298116310438 -0.05098303325531528 -0.050873290670444195 -0.050037598210972235 -0.050013572329189904 -0.050022025657382778
leaf_weight=0.87101220432668947 0.31709695979952834 0.13592895795591164 0.33883326547220338 0.047978438175050542 0.63579556590411801 0.71814511658158142 0.66724593460094184 0.3723575376207009 1.3609861450386236 0.75960483239032306 0.53630427864845842 2.5184709373861551 0.2106900978833437 0.20884520406252705 0.18350402091164142 0.0090724865149240941 0.00980488168715965 0.0061366947920760131
leaf_count=13 13 18 3 48 15 24 13 31 37 23 33 21 8 41 16 16 38 19
internal_value=-0.000377852 -0.00939119 -0.000768167 -0.0129088 0.00193298 0.0161056 0.00538855 -0.0193447 -0.0031273 -0.0154811 0.00432966 0.00302407 -0.0510073 -0.0513348 -0.0506576 -0.0501154 -0.0500244 -0.0500168
internal_weight=9.90781 2.02181 1.67703 1.3382 7.88601 2.07485 1.3567 0.689454 5.81116 1.9317 1.29591 3.87946 0.467187 0.344774 0.256497 0.0729925 0.0250141 0.0159416
internal_count=430 220 161 158 210 81 57 44 129 71 56 58 145 59 137 121 73 57
cat_boundaries=0 1
cat_threshold=1
is_linear=0
shrinkage=0.05


Tree=114
num_leaves=22
num_cat=3
split_feature=18 4 4 20 20 21 20 4 20 1 8 19 10 20 8 18 20 19 1 20 1
split_gain=0.0830582 0.299261 0.279567 0.222193 0.563008 0.150551 0.631169 0.31832 0.320345 0.189392 0.42504 0.266393 0.115822 0.015737 0.000669637 0.000647817 1.66526e-05 4.55537e-06 9.02731e-07 3.88176e-08 3.66742e-10
threshold=0.95154499349597188 80.500000000000014 16.000000000000004 0.20891783567134273 0.20220440881763532 0.36730205278592382 0.56494158574746056 84797.000000000015 0.25523749322737949 0 59.000000000000007 1.0000000180025095e-35 0.040673927842069448 0.17652016558835926 463.50000000000006 0.87409401350310023 0.10769047189039967 1.0000000180025095e-35 1 0.099599198396793612 2
decision_type=2 2 2 2 2 2 2 2 2 1 2 2 2 2 2 2 2 2 1 2 1
left_child=1 2 3 4 16 6 7 8 9 11 -11 -2 14 -4 -13 17 18 -3 -1 20 -20
right_child=5 15 13 -5 -6 -7 -8 -9 -10 10 -12 12 -14 -15 -16 -17 -18 -19 19 -21 -22
leaf_value=-0.050360699556909652 0.0098324907690886358 -0.050787516733635345 0.010496179904439421 -0.052576328686651463 0.066324318937154195 -0.013435362364851065 0.036464802468812195 0.025713600341991827 -0.032070912359308694 -0.013115529220139123 0.031968955400263788 -0.051403226157358754 -0.009637462894504371 0.023523389904983347 -0.055406195005526841 -0.0552395827101273 -0.051113399580066665 -0.050299612722249268 -0.050016435918709579 -0.050130645698876333 -0.050028754279104276
leaf_weight=0.076944683678448311 0.53476158389821649 0.15399775249534275 0.42729835884529166 0.34960098081501201 0.18554937839508057 1.3152884528972206 1.2862810865044592 0.82883692928589869 1.0550612981896845 1.0828564225521407 1.0107318004593251 0.19897347282676492 0.23479406535625458 0.50675880559720099 0.2199823253613431 0.1161473139654845 0.11669894913211465 0.069400022970512509 0.012246697791852057 0.012639208347536623 0.011926366540137789
leaf_count=13 16 33 29 28 1 16 9 8 22 40 17 39 7 13 12 5 9 30 42 6 35
internal_value=-0.000375476 -0.00935617 -0.000795035 -0.0231934 0.0014994 0.00198221 0.00512507 -0.00267821 -0.00810392 -0.000399512 0.00865013 -0.0163406 -0.03775 0.0175639 -0.0535051 -0.0522107 -0.0506938 -0.0506359 -0.0502633 -0.0500596 -0.0500225
internal_weight=9.80678 2.03921 1.69966 0.765606 0.416005 7.76757 6.45228 5.166 4.33716 3.2821 2.09359 1.18851 0.65375 0.934057 0.418956 0.339545 0.230456 0.223398 0.113757 0.0368123 0.0241731
internal_count=430 244 176 134 106 186 170 161 153 131 57 74 58 42 51 68 105 63 96 83 77
cat_boundaries=0 1 2 3
cat_threshold=4 1 4
is_linear=0
shrinkage=0.05


Tree=115
num_leaves=22
num_cat=3
split_feature=20 17 21 21 14 18 20 20 20 1 8 4 20 19 21 5 20 18 18 1 4
split_gain=0.086203 0.465336 0.332341 0.325106 0.633508 0.409369 0.470458 0.483839 0.532773 0.413696 0.398935 0.302 0.0181403 0.00163169 0.000517188 7.80822e-05 5.68789e-05 9.31288e-06 1.52912e-06 3.53722e-08 6.62374e-08
threshold=0.47566220877128412 -1.0000000180025095e-35 0.6246334310850441 0.19090909090909094 0.58333333333333348 1.2546012611655517 0.426395695056138 0.21309640557711171 0.16587342901762478 0 1.0000000180025095e-35 16.000000000000004 0.012120226491377171 1.0000000180025095e-35 0.17370689655172417 1 0.303061224489796 1.1152244606891373 0.95154499349597188 2 16.000000000000004
decision_type=2 2 2 2 2 2 2 2 2 1 2 2 2 2 2 1 2 2 2 1 2
left_child=1 -1 3 5 13 6 7 8 10 -7 11 12 -3 -5 15 17 18 19 -15 -12 -21
right_child=-2 2 -4 4 -6 9 -8 -9 -10 -11 14 -13 -14 16 -16 -17 -18 -19 -20 20 -22
leaf_value=0.037080854107067046 -0.0078326310982662767 -0.013515116140216984 0.029781560818847211 -0.055704986974061746 0.027646436666599123 0.0089637844144150724 0.072809682878896456 -0.053265478916829312 0.052608099312197093 -0.05448444115545184 -0.050224929442702154 0.034671076971112463 0.001331381652839332 -0.050594634183812937 -0.055841304099328908 -0.052389480896287859 -0.052011750924701665 -0.051081467267767772 -0.050854807705360439 -0.050081791005564619 -0.050204586467054071
leaf_weight=0.85783265344798554 2.764583698939532 0.70591462461743615 0.71397669403813768 0.45417912691482321 0.33784199692308903 0.45155219594016671 0.26419416046701361 0.33634317864198227 0.58098291093483556 0.59601124354230683 0.026200473541393876 0.64761952287517488 0.29038543486967683 0.10834011994302273 0.093663118779659271 0.11026742818648916 0.14024792588315904 0.047810760064749047 0.11796913942089304 0.01926372162415646 0.025544344200170599
leaf_count=13 32 61 17 28 5 13 3 29 9 38 7 31 11 29 1 10 9 10 13 39 22
internal_value=-0.000368421 0.00261093 -0.00226183 -0.00653467 -0.0299809 -6.04495e-05 0.00894866 0.00309855 0.0105398 -0.0271351 -0.00188782 0.00809028 -0.0091879 -0.0537022 -0.0527111 -0.0514313 -0.0512206 -0.050542 -0.0507303 -0.0501788 -0.0501518
internal_weight=9.69072 6.92614 6.06831 5.35433 1.15858 4.19575 3.14819 2.884 2.54765 1.04756 1.96667 1.64392 0.9963 0.820736 0.32275 0.229087 0.366557 0.118819 0.226309 0.0710085 0.0448081
internal_count=430 398 385 368 84 284 233 230 201 51 192 103 72 79 89 88 51 78 42 68 61
cat_boundaries=0 1 2 3
cat_threshold=2 2 1
is_linear=0
shrinkage=0.05


Tree=116
num_leaves=18
num_cat=2
split_feature=20 4 4 1 20 4 21 19 22 5 20 10 4 7 7 19 8
split_gain=0.0803409 0.282501 0.344071 0.404491 0.215904 0.182756 0.252421 0.158003 0.155037 0.46356 0.0274622 2.81613e-05 2.34751e-05 9.76144e-06 1.04578e-07 7.01783e-10 6.5297e-11
threshold=0.0089548384798945769 23.500000000000004 16.000000000000004 0 0.10769047189039967 23.500000000000004 0.35241379310344834 0.38907562519182187 1.0000000180025095e-35 1 0.33948136776834631 0.040673927842069448 30.500000000000004 -11.499999999999998 -13.499999999999998 1.0000000180025095e-35 25.500000000000004
decision_type=2 2 2 1 2 2 2 2 2 1 2 2 2 2 2 2 2
left_child=1 2 3 -1 8 7 -7 10 9 -2 -6 13 -3 14 -5 -16 -17
right_child=4 12 -4 11 5 6 -8 -9 -10 -11 -12 -13 -14 -15 15 16 -18
leaf_value=0.007660354788114436 -0.0076781833975884638 -0.051840136715597875 0.04436639557887298 -0.050154842550323035 -0.003814309810288288 8.4198568290711523e-05 -0.031994818007359281 0.012254992653722865 -0.0044094839971791861 0.051129393942394942 -0.02165253692443439 -0.051421651300948529 -0.050982419638611609 -0.050824424045220244 -0.050033209731820349 -0.050011970173615077 -0.050019015776963799
leaf_weight=0.85803166218102001 0.59259574179304764 0.13227229550830077 0.3351011830382048 0.044355046455165859 0.42021535697858814 1.5063917985535229 1.0342658306472001 2.2053771817591041 0.63026994728716079 0.77121117606293388 0.44345133844763041 0.20830325596034527 0.20099149308225606 0.17239383445121348 0.0080487945961067453 0.0086024642077973112 0.0053235335071804011
leaf_count=13 39 18 3 48 21 37 14 35 26 16 22 8 41 16 16 38 19
internal_value=-0.000365525 -0.00935478 -0.00082729 -0.0124317 0.00196747 -0.0030558 -0.0129747 0.00515542 0.0160988 0.0255766 -0.0129734 -0.0509968 -0.0513228 -0.0506261 -0.0501107 -0.0500215 -0.0500147
internal_weight=9.5772 1.97342 1.64016 1.30506 7.60378 5.6097 2.54066 3.06904 1.99408 1.36381 0.863667 0.447027 0.333264 0.238724 0.0663298 0.0219748 0.013926
internal_count=430 220 161 158 210 129 51 78 81 55 43 145 59 137 121 73 57
cat_boundaries=0 1 2
cat_threshold=1 2
is_linear=0
shrinkage=0.05


Tree=117
num_leaves=21
num_cat=3
split_feature=21 20 20 17 18 20 20 20 8 1 20 7 4 1 4 20 5 8 8 20
split_gain=0.0779937 0.420715 0.675533 0.478522 0.363457 0.503074 0.486267 0.38215 0.385643 0.331252 0.314793 0.166513 0.437311 0.345461 0.000651268 0.000433182 7.0133e-05 1.09993e-05 5.92501e-08 6.92122e-09
threshold=0.43404682274247497 0.56494158574746056 0.47566220877128412 -1.0000000180025095e-35 1.2546012611655517 0.426395695056138 0.20891783567134273 0.16587342901762478 1.0000000180025095e-35 0 0.42279997105225076 -13.499999999999998 16.000000000000004 1 84797.000000000015 0.14832924320170551 2 25.500000000000004 9.5000000000000018 0.050371710098115148
decision_type=2 2 2 2 2 2 2 2 2 1 2 2 2 1 2 2 1 2 2 2
left_child=1 2 3 -1 5 6 7 8 11 -6 -2 13 -13 -5 -15 16 17 18 19 -10
right_child=10 -3 -4 4 9 -7 -8 -9 15 -11 -12 12 -14 14 -16 -17 -18 -19 -20 -21
leaf_value=0.036397458086668437 0.0096605611777025088 0.026352895986419957 -0.055211053641800373 0.033222180751091374 0.00038116758561437163 0.069675785559457429 -0.052856153668017096 0.039059563814052123 -0.050113669592367016 -0.054102641489240468 -0.033712443292353039 -0.016820967416802651 0.033931029050379161 -0.053304014290167304 -0.058016424181797172 -0.05525440588662911 -0.052297595244800654 -0.051023465405890957 -0.050225468084045821 -0.050158000377455096
leaf_weight=0.83669971115887154 0.91787357506109379 1.421624621376395 0.57925193896517146 0.17467904370278176 0.50938751589274034 0.26230479578953225 0.41642405348829914 0.64222825155593444 0.018055276435916312 0.6167431154171934 0.76867108792066574 0.77445305210130888 0.9391725473687984 0.16423725757340435 0.13244394224602729 0.094427462667226791 0.10581049596657965 0.083018740493571386 0.037698322703363374 0.017184812983032316
leaf_count=13 37 12 15 6 21 3 39 17 32 40 6 43 26 46 3 2 10 23 27 9
internal_value=-0.000354787 0.001747 -0.00371508 0.00140583 -0.00446344 0.00282446 -0.00204672 0.0045997 -0.00410928 -0.0294577 -0.0101074 0.0037551 0.0109943 -0.0225628 -0.0554077 -0.0523513 -0.051304 -0.0506299 -0.0501819 -0.0501353
internal_weight=9.51239 7.82584 6.40422 5.82497 4.98827 3.86214 3.59983 3.18341 2.54118 1.12613 1.68654 2.18499 1.71363 0.47136 0.296681 0.356195 0.261768 0.155957 0.0729384 0.0352401
internal_count=430 387 375 360 347 286 283 244 227 61 43 124 69 55 49 103 101 91 68 41
cat_boundaries=0 1 2 3
cat_threshold=2 1 2
is_linear=0
shrinkage=0.05


Tree=118
num_leaves=22
num_cat=4
split_feature=18 7 21 20 8 1 4 18 21 1 8 7 20 18 4 1 14 1 4 4 21
split_gain=0.0801521 0.164499 0.13921 1.03961 0.192181 0.185847 0.426164 0.11474 0.45335 0.298761 0.112731 0.09125 0.0719907 0.00104354 0.000258263 2.38136e-05 6.01109e-06 2.58794e-06 4.99832e-07 5.64549e-08 2.99028e-08
threshold=0.87409401350310023 -13.499999999999998 0.35241379310344834 0.56494158574746056 463.50000000000006 0 146.00000000000003 0.77203402217513795 0.4059229690365736 1 25.500000000000004 -11.499999999999998 0.086679804665228941 1.4682568712394468 30.500000000000004 2 0.58333333333333348 3 23.500000000000004 80.500000000000014 0.21906354515050169
decision_type=2 2 2 2 2 1 2 2 2 1 2 2 2 2 2 1 2 1 2 2 2
left_child=1 17 3 4 5 6 13 8 15 -9 11 12 -7 -2 -11 -3 19 -1 -19 20 -17
right_child=2 7 -4 -5 -6 10 -8 9 -10 14 -12 -13 -14 -15 -16 16 -18 18 -20 -21 -22
leaf_value=-0.050612243294321083 -0.050729476697985866 -0.051549503060194381 -0.010496357766106806 0.060122295390311997 -0.023771338841920966 0.0012246946193324353 0.022894313692812335 0.016974334420145603 0.032590330467416204 -0.052099910224556324 0.017408738983184881 0.011003263023419701 -0.023319035322693565 -0.055644536864207499 -0.054936792814087643 -0.050041169648316598 -0.050903700946210086 -0.050343673119501567 -0.050151744398893805 -0.050199986895102577 -0.050140476150477897
leaf_weight=0.084372626733966061 0.21501907668425702 0.12554229807574313 1.7855264442041514 0.75818394124507893 0.88483497522247478 0.66587320771941427 0.3205514713190496 0.28257281519472599 0.56106648017885163 0.1593589670228539 1.4330773030669659 0.93728396110236722 0.54192212037742138 0.21695714481757022 0.161563111571013 0.014651114994194026 0.051113894121954218 0.078622409520903602 0.059665275242878124 0.020473892654990777 0.015707595564890653
leaf_count=9 33 9 22 7 27 35 7 6 15 32 35 12 18 8 18 33 12 39 34 11 8
internal_value=-0.000355522 -0.0104906 0.00175361 0.0054151 -0.00253772 0.00180068 -0.0207853 -0.00410803 0.00844998 -0.0205169 0.00655076 -0.000703204 -0.00978776 -0.053198 -0.0535281 -0.0510885 -0.0505208 -0.050394 -0.0502609 -0.0501358 -0.0500926
internal_weight=9.37394 1.61471 7.75923 5.9737 5.21552 4.33068 0.752528 1.39205 0.788555 0.603495 3.57816 2.14508 1.2078 0.431976 0.320922 0.227489 0.101946 0.22266 0.138288 0.0508326 0.0303587
internal_count=430 226 204 182 175 148 48 144 88 56 100 65 53 41 50 73 64 82 73 52 41
cat_boundaries=0 1 2 3 4
cat_threshold=2 1 1 1
is_linear=0
shrinkage=0.05


Tree=119
num_leaves=19
num_cat=1
split_feature=20 4 4 1 20 4 18 19 20 21 4 20 17 4 7 7 19 8
split_gain=0.0778244 0.270971 0.306164 0.384808 0.20307 0.170395 0.258021 0.147611 0.143452 0.284651 0.396194 0.0249824 2.68923e-05 2.07467e-05 7.74689e-06 7.51016e-08 4.67383e-10 7.12056e-11
threshold=0.0089548384798945769 23.500000000000004 16.000000000000004 0 0.10769047189039967 23.500000000000004 1.4682568712394468 0.38907562519182187 0.081567140130388446 0.4059229690365736 30.500000000000004 0.33948136776834631 -1.0000000180025095e-35 30.500000000000004 -11.499999999999998 -13.499999999999998 1.0000000180025095e-35 25.500000000000004
decision_type=2 2 2 1 2 2 2 2 2 2 2 2 2 2 2 2 2 2
left_child=1 2 3 -1 8 7 -7 11 9 10 -2 -6 -5 -3 15 -14 -17 -18
right_child=4 13 -4 12 5 6 -8 -9 -10 -11 -12 -13 14 -15 -16 16 17 -19
leaf_value=0.0074222287224187267 0.02615206865798695 -0.051792461533908533 0.042030342481391626 -0.051386573157648274 -0.0039958072426524013 0.0049821528528363138 -0.027490406177569683 0.012111311030747311 0.034345614955295284 0.029153241158015528 -0.054661221458478085 -0.02140079991644242 -0.050139325932827765 -0.050969994291209221 -0.050770087899993925 -0.050029709777929178 -0.050010664147604557 -0.050018431772332145
leaf_weight=0.84578726347535871 0.27453172253444769 0.12723208978422906 0.32961657037958492 0.20471902191638913 0.40697472949977997 1.1250391528592447 1.3407665109261868 2.1230326022487134 0.68208870338276018 0.64109295303933322 0.33887236582813784 0.41784946559346281 0.039406489711836468 0.19295775306818541 0.15955659886822138 0.0071769984788261345 0.0075941415270790458 0.0048248816165141761
leaf_count=13 11 18 3 8 21 41 10 35 24 13 33 22 48 41 16 16 38 19
internal_value=-0.000345827 -0.00931261 -0.000903861 -0.0120552 0.00199506 -0.0029756 -0.0126746 0.00513736 0.0158904 0.005856 -0.0184929 -0.012813 -0.0509748 -0.0512968 -0.0505891 -0.0500995 -0.0500196 -0.0500137
internal_weight=9.26912 1.91887 1.59868 1.26907 7.35025 5.41366 2.46581 2.94786 1.93659 1.2545 0.613404 0.824824 0.423278 0.32019 0.218559 0.0590025 0.019596 0.012419
internal_count=430 220 161 158 210 129 51 78 81 57 44 43 145 59 137 121 73 57
cat_boundaries=0 1
cat_threshold=1
is_linear=0
shrinkage=0.05


end of trees

feature_importances:
match_genre_wt_score=660
watch_time_last_7d=329
match_tag_click_7d_score=278
log_series_clicks=269
user_gender=232
series_wt_7d=130
log_series_clicks_7d=107
days_since_last_update=102
series_like_ratio=94
series_share_ratio=47
series_content_type=33
series_comment_ratio_7d=18
series_comment_ratio=10
is_language_match=5

parameters:
[boosting: gbdt]
[objective: binary]
[metric: binary_logloss]
[tree_learner: serial]
[device_type: cpu]
[data_sample_strategy: bagging]
[data: ]
[valid: ]
[num_iterations: 120]
[learning_rate: 0.05]
[num_leaves: 31]
[num_threads: 0]
[seed: 42]
[deterministic: 0]
[force_col_wise: 0]
[force_row_wise: 0]
[histogram_pool_size: -1]
[max_depth: -1]
[min_data_in_leaf: 20]
[min_sum_hessian_in_leaf: 0.001]
[bagging_fraction: 1]
[pos_bagging_fraction: 1]
[neg_bagging_fraction: 1]
[bagging_freq: 0]
[bagging_seed: 400]
[bagging_by_query: 0]
[feature_fraction: 1]
[feature_fraction_bynode: 1]
[feature_fraction_seed: 30056]
[extra_trees: 0]
[extra_seed: 12879]
[early_stopping_round: 0]
[early_stopping_min_delta: 0]
[first_metric_only: 0]
[max_delta_step: 0]
[lambda_l1: 0]
[lambda_l2: 0]
[linear_lambda: 0]
[min_gain_to_split: 0]
[drop_rate: 0.1]
[max_drop: 50]
[skip_drop: 0.5]
[xgboost_dart_mode: 0]
[uniform_drop: 0]
[drop_seed: 17869]
[top_rate: 0.2]
[other_rate: 0.1]
[min_data_per_group: 100]
[max_cat_threshold: 32]
[cat_l2: 10]
[cat_smooth: 10]
[max_cat_to_onehot: 4]
[top_k: 20]
[monotone_constraints: ]
[monotone_constraints_method: basic]
[monotone_penalty: 0]
[feature_contri: ]
[forcedsplits_filename: ]
[refit_decay_rate: 0.9]
[cegb_tradeoff: 1]
[cegb_penalty_split: 0]
[cegb_penalty_feature_lazy: ]
[cegb_penalty_feature_coupled: ]
[path_smooth: 0]
[interaction_constraints: ]
[verbosity: -1]
[saved_feature_importance_type: 0]
[use_quantized_grad: 0]
[num_grad_quant_bins: 4]
[quant_train_renew_leaf: 0]
[stochastic_rounding: 1]
[linear_tree: 0]
[max_bin: 255]
[max_bin_by_feature: ]
[min_data_in_bin: 3]
[bin_construct_sample_cnt: 200000]
[data_random_seed: 175]
[is_enable_sparse: 1]
[enable_bundle: 1]
[use_missing: 1]
[zero_as_missing: 0]
[feature_pre_filter: 1]
[pre_partition: 0]
[two_round: 0]
[header: 0]
[label_column: ]
[weight_column: ]
[group_column: ]
[ignore_column: ]
[categorical_feature: 0,1,5]
[forcedbins_filename: ]
[precise_float_parser: 0]
[parser_config_file: ]
[objective_seed: 16083]
[num_class: 1]
[is_unbalance: 0]
[scale_pos_weight: 1]
[sigmoid: 1]
[boost_from_average: 1]
[reg_sqrt: 0]
[alpha: 0.9]
[fair_c: 1]
[poisson_max_delta_step: 0.7]
[tweedie_variance_power: 1.5]
[lambdarank_truncation_level: 30]
[lambdarank_norm: 1]
[label_gain: ]
[lambdarank_position_bias_regularization: 0]
[eval_at: ]
[multi_error_top_k: 1]
[auc_mu_weights: ]
[num_machines: 1]
[local_listen_port: 12400]
[time_out: 120]
[machine_list_filename: ]
[machines: ]
[gpu_platform_id: -1]
[gpu_device_id: -1]
[gpu_use_dp: 0]
[num_gpu: 1]

end of parameters

pandas_categorical:[["TEEN"], ["FEMALE", "MALE", "UNKNOWN"], ["COMIC", "VIDEO"]]
